{"type": "FeatureCollection", "atlas": {"layer": "land", "dataset": "Employment Lands", "source": "City of Hamilton Open Data", "license": "City of Hamilton Open Data Licence", "attribution": "Contains information licensed under the City of Hamilton Open Data Licence", "freshness": "UPDATED ANNUALLY", "source_modified": "2026-08-02T18:37:30.774Z", "retrieved_at": "2026-08-19", "coverage": "City of Hamilton", "feature_count": 22}, "features": [{"type": "Feature", "geometry": {"type": "MultiPolygon", "coordinates": [[[[-79.9325656600594, 43.1927114687619], [-79.9325240336107, 43.1927008204008], [-79.9332360416022, 43.1928730295154], [-79.9325656600594, 43.1927114687619]]], [[[-79.9325240336107, 43.1927008204008], [-79.9295716897971, 43.192003686017], [-79.9281237403878, 43.1916613536109], [-79.9325240336107, 43.1927008204008]]]]}, "properties": {"id": "hamilton-employment-land-1", "name": "Employment Lands", "layer": "land", "categories": ["EMPLOYMENT LAND"], "freshness": "UPDATED ANNUALLY", "source": {"name": "City of Hamilton Open Data", "url": "https://services.arcgis.com/rYz782eMbySr2srL/arcgis/rest/services/Employment_Lands/FeatureServer/2", "license": "City of Hamilton Open Data Licence", "license_url": "https://www.hamilton.ca/city-initiatives/strategies-actions/open-data-licence-terms-and-conditions", "attribution": "Contains information licensed under the City of Hamilton Open Data Licence", "dataset": "Employment Lands", "source_id": "1", "source_modified": "2026-08-02T18:37:30.774Z", "retrieved_at": "2026-08-19"}, "attributes": {"OBJECTID": 1, "AREA_NAME": "Airport Employment Growth District", "CATEGORY": " Business Park", "AREA_HECTARES": 1183.847, "COMMENTS": "Approved by omb in january 2015", "Shape__Area": 7.137939453125, "Shape__Length": 873.3723356558753}}}, {"type": "Feature", "geometry": {"type": "Polygon", "coordinates": [[[-79.9307315112579, 43.3134966495833], [-79.931867226674, 43.3170956183554], [-79.9293856737908, 43.3175213567269], [-79.9270521160197, 43.3179215251629], [-79.926998483166, 43.3177510027559], [-79.9268992102728, 43.3174353561861], [-79.9268489474601, 43.3172755509494], [-79.9267007986985, 43.3168090786035], [-79.9266447885041, 43.3166326933751], [-79.9265159788091, 43.3162271204528], [-79.9259180999983, 43.3143176440111], [-79.924902256448, 43.3150841735242], [-79.9245097647297, 43.3153728953311], [-79.9244568304569, 43.3154118372325], [-79.9242450878846, 43.3155675973345], [-79.9240333391714, 43.3157233641847], [-79.9238211713304, 43.3158787809209], [-79.923466750713, 43.316140105477], [-79.9234245889479, 43.3161711883201], [-79.9231123430418, 43.3164055512987], [-79.9241819280131, 43.3171808536098], [-79.9252366604428, 43.3179453467535], [-79.925503312738, 43.3181386178629], [-79.9260137379744, 43.318509914857], [-79.9259958359614, 43.3185230905005], [-79.9259743093911, 43.3185389289484], [-79.9262376611353, 43.318731659483], [-79.9269115902579, 43.3192248504447], [-79.9276140439554, 43.3197389035471], [-79.9276140060076, 43.3197528403412], [-79.9276132177027, 43.3200296678898], [-79.9256199707, 43.3214825694041], [-79.9251861967135, 43.3217982645879], [-79.9248056406874, 43.3220752240857], [-79.9245395228132, 43.3222688936604], [-79.9224771386625, 43.3237644172698], [-79.9210107598718, 43.324827679467], [-79.9209838661634, 43.3248085199259], [-79.9204509325686, 43.3251953800069], [-79.9204318097059, 43.3251817612098], [-79.9196968323745, 43.3257175930203], [-79.9196648517741, 43.3257409078757], [-79.9194984422347, 43.3256215355948], [-79.9192899334015, 43.3254719460217], [-79.9191610218754, 43.3253794655839], [-79.9190801199121, 43.3253214252779], [-79.9190000998088, 43.3252640199615], [-79.9189600898456, 43.3252353154821], [-79.9166159364792, 43.3235535238284], [-79.9164362051951, 43.3234245724607], [-79.9162643673598, 43.3233012792869], [-79.9161843524976, 43.323243875638], [-79.9161043379141, 43.3231864647319], [-79.916024318549, 43.3231290537241], [-79.9159443042031, 43.3230716463093], [-79.9158642900719, 43.3230142352383], [-79.9157842760915, 43.3229568241124], [-79.9156340053814, 43.3228490096485], [-79.9154717376847, 43.3227325809876], [-79.9153196854123, 43.3226234777803], [-79.9140194808523, 43.3216905564913], [-79.9133853171163, 43.3212355144158], [-79.9134487311572, 43.3211848804812], [-79.9135143238211, 43.3211357628529], [-79.9135820358141, 43.321088201484], [-79.9136267222812, 43.3210589003625], [-79.9137262602731, 43.3209936322472], [-79.913873523655, 43.3209015940333], [-79.9139082030256, 43.3208809402195], [-79.9140230420332, 43.3208125467198], [-79.914175404313, 43.3207261095967], [-79.9143677544963, 43.3206224138741], [-79.914564124319, 43.3205228169986], [-79.9147643507787, 43.3204274011446], [-79.9149682672096, 43.3203362466517], [-79.9151757045473, 43.3202494302358], [-79.9153864876775, 43.3201670222532], [-79.9156004414897, 43.320089093061], [-79.9156318601605, 43.3200780137905], [-79.9156632114015, 43.3200668420262], [-79.9156945002249, 43.3200555733135], [-79.9158802187098, 43.3199861732795], [-79.916063535491, 43.3199134491348], [-79.9162443412048, 43.3198374466776], [-79.9164225240073, 43.3197582125839], [-79.9165196673466, 43.3197020732907], [-79.9169651456817, 43.3194848588701], [-79.9169678075584, 43.3194867750202], [-79.9170066056631, 43.3194652038865], [-79.9171480630055, 43.3193865555454], [-79.9173245776406, 43.3192828489505], [-79.9174972243858, 43.3191757269861], [-79.9176658797537, 43.3190652677404], [-79.9178064726525, 43.3189681025685], [-79.9178304227098, 43.3189515502256], [-79.9179907358741, 43.3188346561901], [-79.9181467030706, 43.3187146691947], [-79.9181014311991, 43.3186841209194], [-79.9182674698305, 43.3185491122908], [-79.9184279639926, 43.3184105752499], [-79.9185827734234, 43.3182686309546], [-79.9187317614841, 43.3181234050993], [-79.9188747989388, 43.3179750234483], [-79.9190117589421, 43.3178236162902], [-79.9191001192437, 43.3177204873657], [-79.9191856590137, 43.3176160972], [-79.9197201867691, 43.316948048997], [-79.9199916111186, 43.3166088162949], [-79.9200693637384, 43.3165156390412], [-79.9201517861169, 43.3164246281834], [-79.9202387663215, 43.3163359060164], [-79.9203301825426, 43.3162495956419], [-79.9204259118194, 43.3161658156484], [-79.9205258226585, 43.3160846791413], [-79.920664591056, 43.3159760988837], [-79.9206465646391, 43.3159638150134], [-79.9213887469707, 43.3153830764606], [-79.921699214685, 43.3151442513627], [-79.9176867472852, 43.3121709964501], [-79.9152381296215, 43.3103946478881], [-79.9138561255931, 43.3094223971759], [-79.9135920163077, 43.3096027998537], [-79.9135173198752, 43.3096682742774], [-79.9119190379891, 43.3108284590366], [-79.9102116049584, 43.312067804014], [-79.9102622065291, 43.3121040601445], [-79.9103594273009, 43.3121737195897], [-79.9110847018826, 43.3126933794516], [-79.9109851706568, 43.3127885034508], [-79.9101879005587, 43.3134606378677], [-79.9099742879505, 43.3136407190042], [-79.9092383829451, 43.3142610973943], [-79.9091980273101, 43.3142951141783], [-79.9077521853515, 43.315513923208], [-79.9076551721439, 43.3155956993282], [-79.9073489015719, 43.3158538679523], [-79.9070899990876, 43.3156668137558], [-79.9069275760078, 43.3155566133003], [-79.9068639481532, 43.3155134409207], [-79.9072780588726, 43.3151931509697], [-79.9072869299818, 43.3151862896615], [-79.9093442796244, 43.3135949660191], [-79.9094609158152, 43.3135047465355], [-79.9088622072565, 43.3130603928407], [-79.9089183970281, 43.3126291011284], [-79.9084672464376, 43.3126156395671], [-79.9084759320034, 43.3125706828649], [-79.9083073228388, 43.3126108679248], [-79.9082207605824, 43.3126082848441], [-79.9076325653854, 43.3121880616339], [-79.9078806943696, 43.3120080587085], [-79.9090074968947, 43.3111905954833], [-79.9107042252648, 43.3099703675484], [-79.9119889818196, 43.3090463590424], [-79.9125780058613, 43.3084975212434], [-79.9128503985471, 43.3082997281696], [-79.9130844759244, 43.30799735577], [-79.9134776397004, 43.3075142467141], [-79.9142596498157, 43.3073741469633], [-79.9149477556342, 43.3072509114942], [-79.9155236273678, 43.3071457720024], [-79.9155797354531, 43.3071247013021], [-79.9156430927025, 43.3070846088486], [-79.9157002635358, 43.3070147086169], [-79.9157193523736, 43.3069458682384], [-79.9157107852385, 43.3068826203967], [-79.9161666813712, 43.3068009620845], [-79.9173024457734, 43.3065975293312], [-79.9181276667984, 43.3064497143767], [-79.9184246794509, 43.3074258496427], [-79.9185396403657, 43.3078036565101], [-79.9187540326762, 43.3085082043376], [-79.9189673996269, 43.3092093743085], [-79.9190824458477, 43.3095874658729], [-79.91916797664, 43.3098685375858], [-79.9193236924733, 43.3103802222208], [-79.9195862924046, 43.3104827756709], [-79.9198488932276, 43.3105853285256], [-79.9202532336131, 43.310238622873], [-79.9208445130591, 43.309731609548], [-79.9210553248732, 43.3095508394848], [-79.9228376932978, 43.3080220635383], [-79.9233468794541, 43.3075858676763], [-79.9238661038147, 43.3071410656024], [-79.9238432335816, 43.3071268249862], [-79.9238656282147, 43.3071076399926], [-79.9239407192798, 43.3070433087497], [-79.9239635845739, 43.3070575493], [-79.9243831799809, 43.3066980850484], [-79.92462200512, 43.3064934828792], [-79.9248092318495, 43.306338030701], [-79.9250418525701, 43.306161251778], [-79.9253123041164, 43.3059755667209], [-79.9255665956747, 43.3058178836102], [-79.9259035451143, 43.3056309353779], [-79.926346501481, 43.3054178669468], [-79.9268512519953, 43.3052161217085], [-79.9270568736061, 43.3051446488036], [-79.9273945995584, 43.3050399137307], [-79.9277394039385, 43.3049483023642], [-79.9278878813884, 43.3049147279646], [-79.9280363586783, 43.3048811533702], [-79.9282588689021, 43.3056051592525], [-79.928990577187, 43.3079477475161], [-79.9290204756549, 43.3080434644771], [-79.9291586129657, 43.3084719786157], [-79.9292967521613, 43.3089004925763], [-79.929864658565, 43.3107198275813], [-79.9300141054887, 43.3111985734997], [-79.9301408596712, 43.3116046206624], [-79.9305296750513, 43.3128501202666], [-79.9307315112579, 43.3134966495833]]]}, "properties": {"id": "hamilton-employment-land-2", "name": "Employment Lands", "layer": "land", "categories": ["EMPLOYMENT LAND"], "freshness": "UPDATED ANNUALLY", "source": {"name": "City of Hamilton Open Data", "url": "https://services.arcgis.com/rYz782eMbySr2srL/arcgis/rest/services/Employment_Lands/FeatureServer/2", "license": "City of Hamilton Open Data Licence", "license_url": "https://www.hamilton.ca/city-initiatives/strategies-actions/open-data-licence-terms-and-conditions", "attribution": "Contains information licensed under the City of Hamilton Open Data Licence", "dataset": "Employment Lands", "source_id": "2", "source_modified": "2026-08-02T18:37:30.774Z", "retrieved_at": "2026-08-19"}, "attributes": {"OBJECTID": 2, "AREA_NAME": "Flamborough", "CATEGORY": " Business Park", "AREA_HECTARES": 181.733, "COMMENTS": null, "Shape__Area": 1817329.2875976562, "Shape__Length": 10721.066468797802}}}, {"type": "Feature", "geometry": {"type": "Polygon", "coordinates": [[[-79.7541180171678, 43.2434989597646], [-79.7542164673941, 43.2435424310155], [-79.7543169290315, 43.2435833703908], [-79.7544173899259, 43.2436216326105], [-79.7545201524854, 43.2436564764564], [-79.7546249989283, 43.2436878293156], [-79.754731705186, 43.2437156248104], [-79.7547941844308, 43.2437300874092], [-79.7549007357457, 43.243755821714], [-79.7550087593591, 43.2437780340489], [-79.7551180381477, 43.2437966797251], [-79.7552283511463, 43.2438117212165], [-79.7553589002171, 43.2438247712821], [-79.755490211659, 43.2438327455125], [-79.7555015393168, 43.2438331974292], [-79.7555945741451, 43.2438354522769], [-79.7556876608795, 43.243835157519], [-79.7557806652058, 43.243832315296], [-79.7558161568645, 43.2438300495204], [-79.7559127405568, 43.2438238802161], [-79.7560440113544, 43.2438103099308], [-79.7561741072676, 43.2437916427372], [-79.7563026564053, 43.2437679331252], [-79.7563376952535, 43.2437761760021], [-79.7565022246961, 43.2438148772653], [-79.7566743154803, 43.2438553578465], [-79.7567571804373, 43.2438748503085], [-79.7570595779074, 43.2439459808344], [-79.7570268238069, 43.2440216919182], [-79.7569445217647, 43.2442120041796], [-79.7569289603666, 43.2442290049773], [-79.7561490647531, 43.2443443762525], [-79.7558962316506, 43.2443817571514], [-79.7555606201756, 43.2443743036011], [-79.754406044121, 43.244408985806], [-79.7541463223503, 43.2444167861416], [-79.7535423473378, 43.2445602247397], [-79.7533569512828, 43.2445436042196], [-79.7519540081822, 43.2442939896003], [-79.7519094735296, 43.2442860784868], [-79.7515693072183, 43.2442044874252], [-79.7502737565634, 43.2438937360969], [-79.7502619442672, 43.243912170856], [-79.7502603411688, 43.2439146710181], [-79.7496914881069, 43.2437775745593], [-79.7494293528264, 43.2437143997963], [-79.7493933568675, 43.2437057256263], [-79.749357360919, 43.2436970514452], [-79.7491197252102, 43.2436397843139], [-79.7471834409394, 43.243173103827], [-79.7470696062913, 43.2431456644308], [-79.7469626841512, 43.2431199070638], [-79.7467276379272, 43.2430629586799], [-79.7466422437002, 43.243042382205], [-79.7466207161563, 43.2430371973954], [-79.7465734619966, 43.2430258146577], [-79.7458364716721, 43.2428482753926], [-79.7458295852237, 43.2428640623354], [-79.7454655076138, 43.2427763559683], [-79.7448065432547, 43.242617604745], [-79.7441475823973, 43.2424588497634], [-79.743994556141, 43.2424081639084], [-79.7439222313196, 43.24238420903], [-79.7437312966636, 43.24232097106], [-79.743644960913, 43.2422923679376], [-79.7437322700176, 43.2420309841229], [-79.7435635704534, 43.2419915136262], [-79.743468569931, 43.2422087948718], [-79.7434323656128, 43.2422915957776], [-79.7433886815026, 43.2422813801174], [-79.7430218579296, 43.2421955951977], [-79.7418818179589, 43.2419482902726], [-79.7416517595881, 43.241583411959], [-79.7415220605495, 43.2418702465594], [-79.7415197813131, 43.2418753018611], [-79.7415175020762, 43.2418803571627], [-79.7412822984861, 43.2418236335768], [-79.7411932068426, 43.2418021479055], [-79.7409734366586, 43.2417491449383], [-79.7386684809034, 43.2411932368154], [-79.7370142077582, 43.2407942257655], [-79.7371527608884, 43.2400188446527], [-79.737606304183, 43.2389726644337], [-79.7377378246301, 43.2386692930396], [-79.7383797457628, 43.2371884877968], [-79.7384777836946, 43.237170922431], [-79.7386254749037, 43.2369582458833], [-79.7384931082589, 43.2369269665296], [-79.7384574035922, 43.2369185298487], [-79.7386049395861, 43.2365781918927], [-79.7388548458626, 43.2366372838312], [-79.7389510578924, 43.2363272165912], [-79.7394474792828, 43.2347273285063], [-79.7394985617126, 43.2346096198722], [-79.7395496439409, 43.2344919112103], [-79.7395543504503, 43.2344901405471], [-79.7397177195656, 43.2341046058835], [-79.7399936848556, 43.2334686557494], [-79.7401453830637, 43.2331190633007], [-79.7402647234571, 43.2328440486171], [-79.7402754583093, 43.2328262441182], [-79.7402945523282, 43.2328062427137], [-79.7403170545213, 43.2327917122064], [-79.7403432947571, 43.2327810471079], [-79.740372050995, 43.2327747445179], [-79.7404019884396, 43.2327730958914], [-79.7404317114364, 43.2327761786059], [-79.740869416183, 43.2328575421178], [-79.741572294181, 43.2329881916983], [-79.7416824319909, 43.2330086632837], [-79.741810001794, 43.2330323745664], [-79.743343102421, 43.2333173127207], [-79.7441621743201, 43.2334695363326], [-79.7453249616544, 43.2336856259649], [-79.7461028482099, 43.2338400987864], [-79.7465228196553, 43.2339234884062], [-79.7471564855082, 43.234049312924], [-79.7494135061944, 43.234497447322], [-79.7503887446196, 43.2346910682034], [-79.750621513767, 43.2347372723732], [-79.7510670449455, 43.2348257212326], [-79.7519911162257, 43.2350091645581], [-79.7521362114036, 43.2350379666403], [-79.7522878615571, 43.2350680718693], [-79.7528830031516, 43.235205262038], [-79.7534239700422, 43.235337549113], [-79.7543879138094, 43.2355732605084], [-79.7553254746835, 43.2358025103514], [-79.7564171185846, 43.2360694317607], [-79.7567995526995, 43.236162935202], [-79.7572452415906, 43.236271904766], [-79.7579814076007, 43.2364518910594], [-79.7584335739424, 43.2365624363964], [-79.7586485528536, 43.236614992763], [-79.7584584943086, 43.2370606216002], [-79.7579248634797, 43.236929621209], [-79.7578634098699, 43.237073644897], [-79.7577516739548, 43.2373355489255], [-79.7575499000188, 43.2378084534916], [-79.7573454119951, 43.2382877250273], [-79.7571630248867, 43.2387151862275], [-79.7566559449137, 43.2399036103898], [-79.7565821907721, 43.2400764601209], [-79.7562804652755, 43.2407835723875], [-79.7561502316543, 43.2410695102485], [-79.753055269961, 43.2403404783977], [-79.7529216295338, 43.2405427040224], [-79.7528093502042, 43.2407129953576], [-79.7520517032835, 43.2418978674222], [-79.7519821303425, 43.2419986619059], [-79.7521802881332, 43.2422097848897], [-79.7531425688604, 43.2432630766919], [-79.7536434829051, 43.2438088670839], [-79.7537442690446, 43.2437506386515], [-79.7541180171678, 43.2434989597646]]]}, "properties": {"id": "hamilton-employment-land-3", "name": "Employment Lands", "layer": "land", "categories": ["EMPLOYMENT LAND"], "freshness": "UPDATED ANNUALLY", "source": {"name": "City of Hamilton Open Data", "url": "https://services.arcgis.com/rYz782eMbySr2srL/arcgis/rest/services/Employment_Lands/FeatureServer/2", "license": "City of Hamilton Open Data Licence", "license_url": "https://www.hamilton.ca/city-initiatives/strategies-actions/open-data-licence-terms-and-conditions", "attribution": "Contains information licensed under the City of Hamilton Open Data Licence", "dataset": "Employment Lands", "source_id": "3", "source_modified": "2026-08-02T18:37:30.774Z", "retrieved_at": "2026-08-19"}, "attributes": {"OBJECTID": 3, "AREA_NAME": "East Hamilton", "CATEGORY": " Business Park", "AREA_HECTARES": 137.797, "COMMENTS": null, "Shape__Area": 1379471.5288085938, "Shape__Length": 5946.87521119079}}}, {"type": "Feature", "geometry": {"type": "MultiPolygon", "coordinates": [[[[-79.8200291200378, 43.1960862637701], [-79.8199987176326, 43.196085937557], [-79.819968315053, 43.1960856842717], [-79.8199379110512, 43.1960855048019], [-79.8199165696776, 43.1960854296204], [-79.8199075068922, 43.1960853973596], [-79.8198771025238, 43.1960853646458], [-79.8198466979807, 43.1960854048597], [-79.8198162932628, 43.1960855180016], [-79.8197858896004, 43.1960857040839], [-79.8197554869762, 43.1960859640071], [-79.8197250854072, 43.1960862968708], [-79.8196946861067, 43.196086703588], [-79.818536265636, 43.196206004243], [-79.8182324516335, 43.196247377833], [-79.8177676840526, 43.1963106605898], [-79.8163442536272, 43.196557069532], [-79.8172239990507, 43.1946200042174], [-79.8185107662519, 43.1949753129307], [-79.8185529653895, 43.1949869649716], [-79.8185881068789, 43.1949966675374], [-79.8185986462274, 43.1949995795336], [-79.8187084391791, 43.195027323039], [-79.8187331463026, 43.1950343514807], [-79.8190914071996, 43.1941432259353], [-79.8188392094385, 43.1940868643452], [-79.8186481858728, 43.1940429300714], [-79.8185798443425, 43.1940256557074], [-79.8184461840476, 43.1939875362145], [-79.8183158395785, 43.1939434176956], [-79.8182516735194, 43.1939202431923], [-79.8181885353325, 43.1938948281069], [-79.818064408279, 43.1938410485008], [-79.817876528976, 43.1937490605389], [-79.8177526788542, 43.1936809660455], [-79.8176675289008, 43.1936301551543], [-79.8175753611416, 43.1935710774192], [-79.8175009066607, 43.1935101854812], [-79.8170481288679, 43.1932186805122], [-79.8168973576312, 43.1931414136899], [-79.8167163584071, 43.1930594145077], [-79.8165749970384, 43.1930097088113], [-79.8165064910997, 43.1929856203811], [-79.8161665415673, 43.1928968935199], [-79.8156928863416, 43.192793544632], [-79.8157900994425, 43.1925538816377], [-79.8162525437503, 43.1914118593183], [-79.8164123598552, 43.1910172933609], [-79.8164819138283, 43.1908429839211], [-79.8167514007116, 43.1902047106914], [-79.8168381591179, 43.1899992805453], [-79.8168457167874, 43.1899814943562], [-79.8168465150933, 43.1899815143189], [-79.8178235514573, 43.1899647292609], [-79.8182089555252, 43.1899566073862], [-79.8185944463903, 43.190048417994], [-79.818876392871, 43.1901150680696], [-79.8191791870625, 43.1901866420901], [-79.8192332114649, 43.1901994118648], [-79.8203935387143, 43.1904648190752], [-79.820483052679, 43.1904852930163], [-79.8205378151555, 43.1903524094079], [-79.8207594058297, 43.1903832909192], [-79.8212301801146, 43.190492003669], [-79.8216950114088, 43.190599338585], [-79.8221598602958, 43.1907066753951], [-79.8226246948541, 43.1908140101685], [-79.8231314292894, 43.1909310084037], [-79.8235027190991, 43.191000991146], [-79.8235003462969, 43.1910467356574], [-79.8234999953946, 43.1911382896873], [-79.8235040389108, 43.1912297961624], [-79.8235124741052, 43.1913211424959], [-79.8244386828497, 43.1912320740533], [-79.8248357002901, 43.1913228636992], [-79.82483552707, 43.1913236174112], [-79.8245010311521, 43.1921377285974], [-79.824605264045, 43.1921611672193], [-79.8246949461248, 43.1926598664807], [-79.8247591467677, 43.1930168225855], [-79.8247733053256, 43.1930955499365], [-79.8247883349567, 43.1931885303795], [-79.824800027967, 43.1932817671455], [-79.824808376304, 43.1933751961473], [-79.8248128008535, 43.1934539306694], [-79.8248148478904, 43.1935327174797], [-79.8248145164071, 43.1936115181503], [-79.824813358581, 43.1936537925974], [-79.8248115161584, 43.1936960540375], [-79.8248089893967, 43.1937382965362], [-79.8247706048232, 43.1940413884124], [-79.82469704218, 43.194340982439], [-79.8245888366263, 43.1946348970314], [-79.8245483551504, 43.1947287553625], [-79.82474925795, 43.1947751369011], [-79.8250132456989, 43.1948360656714], [-79.8248060111207, 43.1953165272205], [-79.8247482374806, 43.1954523164513], [-79.8243226701309, 43.1953524544665], [-79.8242615702584, 43.1954764933017], [-79.823724713838, 43.1967000217943], [-79.8235672416329, 43.1966482969236], [-79.8235163135593, 43.1966323193686], [-79.8234493376001, 43.1966121003287], [-79.8233314337262, 43.1965759027133], [-79.8230929739099, 43.1965083180351], [-79.8226607721428, 43.1963995390465], [-79.8226317679018, 43.1963928670332], [-79.8226027327842, 43.1963862649311], [-79.822573668003, 43.196379733653], [-79.8225445735929, 43.1963732713985], [-79.8225154507496, 43.1963668799807], [-79.8224862994904, 43.1963605584993], [-79.8224571197978, 43.1963543078545], [-79.8224279129197, 43.1963481271589], [-79.8223986776253, 43.1963420163995], [-79.8223694138973, 43.1963359764768], [-79.8223401241966, 43.196330007416], [-79.8223108085232, 43.196324109217], [-79.8222814656638, 43.196318280967], [-79.8222520968141, 43.1963125244792], [-79.8222227020087, 43.1963068379529], [-79.8221932812302, 43.1963012222884], [-79.8221638356918, 43.1962956783987], [-79.8221343666584, 43.1962902044958], [-79.8221048716343, 43.1962848023549], [-79.8220753530977, 43.1962794711012], [-79.8220458098181, 43.1962742107218], [-79.8220162442392, 43.1962690221424], [-79.8219866551475, 43.19626390445], [-79.8219570425256, 43.1962588585449], [-79.8219274076214, 43.1962538835395], [-79.8218977504174, 43.196248980334], [-79.8218680721441, 43.1962441489411], [-79.821838371588, 43.1962393884477], [-79.8218086499624, 43.1962346997669], [-79.8217789072672, 43.1962300828987], [-79.8217491435022, 43.1962255378429], [-79.8217193598979, 43.1962210646123], [-79.8216895564542, 43.1962166632069], [-79.8216597331709, 43.1962123336266], [-79.821629890048, 43.1962080758714], [-79.821600028316, 43.196203889954], [-79.8215701479746, 43.1961997758744], [-79.8215402490238, 43.1961957336325], [-79.8215103326768, 43.1961917641412], [-79.8214803989507, 43.1961878665004], [-79.8214504465975, 43.1961840415976], [-79.8214204780957, 43.1961802885577], [-79.8213904922144, 43.1961766073683], [-79.8213604901669, 43.1961729989422], [-79.8213304719703, 43.196169462379], [-79.8213004376073, 43.1961659985791], [-79.8212703883255, 43.1961626066548], [-79.8212403240902, 43.1961592884068], [-79.8212102449534, 43.1961560411341], [-79.8211801508628, 43.1961528675376], [-79.8211500430837, 43.1961497658294], [-79.8211199215985, 43.1961467369097], [-79.8210897864071, 43.1961437807785], [-79.82105963874, 43.1961408974486], [-79.8210294773666, 43.1961380869072], [-79.8209993035346, 43.1961353482667], [-79.8209691184397, 43.1961326833404], [-79.820938920886, 43.1961300903149], [-79.8209087120866, 43.1961275701032], [-79.820878492024, 43.1961251236057], [-79.8207272341294, 43.1961139816388], [-79.8206969539728, 43.1961119721001], [-79.8206666637828, 43.1961100362882], [-79.820636366055, 43.1961081724278], [-79.8206060607548, 43.1961063823196], [-79.8205757466686, 43.1961046650504], [-79.8205454250271, 43.196103020633], [-79.82051509583, 43.1961014490674], [-79.8204847602905, 43.1960999512665], [-79.8204544184257, 43.1960985263301], [-79.8204240690051, 43.1960971742455], [-79.8203937144723, 43.1960958959383], [-79.8203633548445, 43.1960946905082], [-79.8203329901041, 43.1960935588556], [-79.8203026190555, 43.196092499167], [-79.8202722441246, 43.1960915132686], [-79.8202418653115, 43.1960906011602], [-79.8202114826333, 43.1960897619417], [-79.82018109609, 43.1960889956129], [-79.8201507056642, 43.1960883030742], [-79.8201203126035, 43.196087683438], [-79.8200899169079, 43.1960871367042], [-79.8200595197904, 43.1960866637859], [-79.8200291200378, 43.1960862637701]]], [[[-79.8210092925868, 43.1898966421844], [-79.8209635770926, 43.1898864459751], [-79.8209282710581, 43.1899723593936], [-79.8207123591814, 43.1899288653849], [-79.820702573164, 43.1899241306994], [-79.8198048327143, 43.189489646753], [-79.8196006543393, 43.1893908272599], [-79.8195670105372, 43.1893323720769], [-79.8193819158156, 43.1890107818353], [-79.8193816962704, 43.1890076153291], [-79.819381425832, 43.1890037054127], [-79.8193763297162, 43.1890023687521], [-79.8174736387369, 43.1885034515455], [-79.8174848100249, 43.1884772688916], [-79.8175390282243, 43.1883499963661], [-79.8176212070624, 43.1881575056506], [-79.8176923567679, 43.1879994986196], [-79.8177698719218, 43.1878430908196], [-79.8178543179089, 43.18768863476], [-79.8179446288776, 43.1875359447216], [-79.8180419773071, 43.1873856073027], [-79.8181452281277, 43.1872373892438], [-79.8182542195738, 43.1870913816061], [-79.8183696868914, 43.1869480629122], [-79.8184914845528, 43.1868075757142], [-79.8186183855011, 43.186669544432], [-79.8187516448398, 43.1865347384012], [-79.818890164029, 43.1864028184875], [-79.8190340371596, 43.1862740098597], [-79.8191834322645, 43.1861485960785], [-79.8201287412819, 43.185377917574], [-79.8202526715277, 43.1854123761388], [-79.8206091733394, 43.1855106417335], [-79.821501181934, 43.1857561001682], [-79.821838414432, 43.1849351220908], [-79.8220016353814, 43.1848097785428], [-79.8220355311581, 43.1848352902449], [-79.8220789700707, 43.1848672539005], [-79.8221224228778, 43.1848984973085], [-79.8221669847343, 43.1849296620721], [-79.8222115449052, 43.1849609168475], [-79.8222559976697, 43.1849913600791], [-79.8223015560233, 43.185021904722], [-79.8223471299997, 43.1850516390868], [-79.8223927040206, 43.1850813734338], [-79.8227206769092, 43.1848247382836], [-79.8230658531663, 43.1840380748579], [-79.822530462455, 43.1837593661979], [-79.8221441054941, 43.1835306014612], [-79.8217433678557, 43.1832937784896], [-79.8206996100076, 43.1830259730272], [-79.8199935809078, 43.1828259950649], [-79.8200390695304, 43.1827229861234], [-79.8201077544947, 43.1825674444991], [-79.8205935678768, 43.181467292858], [-79.8207333964603, 43.1811506404619], [-79.8209076017093, 43.1807561077369], [-79.8210641314503, 43.1804016119695], [-79.8214568789157, 43.1795121620445], [-79.8215532479277, 43.1795348191842], [-79.8216865780697, 43.1792328581395], [-79.8227256685094, 43.1795546815675], [-79.823820867186, 43.1798938724823], [-79.8240784424502, 43.1799736410699], [-79.8241820836217, 43.1800057365178], [-79.8247838896617, 43.1801921087343], [-79.8247428040037, 43.180284454686], [-79.8246562170272, 43.1804809045097], [-79.8255312846783, 43.1807520379345], [-79.8273841030186, 43.1812694236118], [-79.8274406761946, 43.1812851934937], [-79.8278488334437, 43.1813980583494], [-79.8279585043851, 43.1814286237308], [-79.827832308702, 43.1817172688536], [-79.8279642361688, 43.181723833384], [-79.8280294849558, 43.1817284044915], [-79.8280830757679, 43.181732159172], [-79.8285542122507, 43.1817651639241], [-79.8295694751458, 43.1818362798836], [-79.8308644271436, 43.1821473505518], [-79.8323980496458, 43.1825157056416], [-79.8321971736035, 43.1829255670881], [-79.8316344132831, 43.1840737812265], [-79.8315790583307, 43.184186719819], [-79.8307728028422, 43.1850163159011], [-79.8301849105719, 43.1856212098319], [-79.8284198235833, 43.1852219514655], [-79.8266544705328, 43.184822624413], [-79.8264711695178, 43.1847822915025], [-79.8258561985308, 43.186167099849], [-79.8274860852197, 43.1865339189225], [-79.8279463203648, 43.1866377559868], [-79.8278901053124, 43.1867976036692], [-79.8277835106567, 43.1871162880776], [-79.8275136653246, 43.1870690287507], [-79.8271381652032, 43.1882290864036], [-79.8259612699943, 43.1879917072006], [-79.8257863495594, 43.1884291218602], [-79.8260042641009, 43.1884778360521], [-79.8253007443842, 43.1901910098838], [-79.8250514351843, 43.1907980879523], [-79.8236034180207, 43.1904752132569], [-79.8232433735088, 43.1903977916035], [-79.8225816013055, 43.1902473271041], [-79.8210092925868, 43.1898966421844]]], [[[-79.8339071602766, 43.2052340074481], [-79.8343593822975, 43.2041961322438], [-79.8348005141353, 43.2043991186475], [-79.8355142421942, 43.2045015746356], [-79.8361839347344, 43.2043537090876], [-79.8366367175839, 43.204015587064], [-79.8368215360551, 43.2033938081145], [-79.8367044168574, 43.2028362018027], [-79.8363695316836, 43.2024883516364], [-79.8360955113351, 43.2023631141416], [-79.8360696826217, 43.202351306476], [-79.835492940003, 43.2022517883361], [-79.8350226913538, 43.2022415974623], [-79.8344246691765, 43.2023822606914], [-79.8354022178462, 43.2001170997189], [-79.8340348193333, 43.1997956876147], [-79.8289951595749, 43.198206921729], [-79.8295712585259, 43.1967414053205], [-79.8295888859784, 43.1966965830958], [-79.8296234666428, 43.1966085967002], [-79.82975688472, 43.196258848388], [-79.8298541080747, 43.1960013885095], [-79.8298798541289, 43.1959679204121], [-79.8299480806462, 43.1958736884521], [-79.8300097556963, 43.195777067141], [-79.8300647610542, 43.1956783191169], [-79.8301129225308, 43.1955776731271], [-79.8300125651462, 43.1955500928987], [-79.8298951999584, 43.195518906038], [-79.8305675163734, 43.1940587857128], [-79.8309980521328, 43.1930516923694], [-79.8313435757449, 43.1922230431684], [-79.8311390402865, 43.1921753979402], [-79.8308005957003, 43.1921008825555], [-79.8309777090484, 43.1916560558215], [-79.8311341753232, 43.1912215388626], [-79.8312938273235, 43.1907859592338], [-79.8315562490098, 43.1908392731952], [-79.8317184425658, 43.1908722272727], [-79.8317528159715, 43.190879214754], [-79.8319580951226, 43.1901444382574], [-79.8318285834466, 43.1901212209374], [-79.8294905502765, 43.1897020166695], [-79.8297989796907, 43.188768114715], [-79.8299396751491, 43.1883420886401], [-79.8301205551165, 43.1883773206959], [-79.8308081686187, 43.188549395427], [-79.8322835280518, 43.1889217838816], [-79.8323431873803, 43.1889368408476], [-79.8324693622762, 43.1889690687224], [-79.8326570136424, 43.1890154263138], [-79.832770745689, 43.1890422438423], [-79.8334023002291, 43.1891911247411], [-79.8334071770069, 43.189179959157], [-79.8334072145146, 43.1891799928568], [-79.8339633949387, 43.1891105500316], [-79.8345154254253, 43.1882926128288], [-79.8345503669702, 43.1882408389675], [-79.8345940326757, 43.1881428006212], [-79.8346566889988, 43.1879806659548], [-79.8345491402304, 43.1879565228477], [-79.8345611168359, 43.1879294075299], [-79.8348146501237, 43.1873553777534], [-79.8335238694401, 43.1870656238563], [-79.8334999517831, 43.1870602545084], [-79.8332841132203, 43.1870120070834], [-79.8333240471983, 43.1869169648183], [-79.8333597778994, 43.1868212484437], [-79.8331596013002, 43.1867751667488], [-79.8326864922434, 43.1866683314875], [-79.832206996152, 43.1865600504526], [-79.8317030447793, 43.1864462445169], [-79.8318634823452, 43.1860979459527], [-79.8320217323966, 43.1857570131422], [-79.8324964768204, 43.1847342060022], [-79.8328129656613, 43.184052338097], [-79.8332270814552, 43.1831601107693], [-79.8334130217825, 43.1827594852923], [-79.8345619540171, 43.1830364487024], [-79.8345857538753, 43.1830411412786], [-79.8347957761748, 43.1830925732056], [-79.8350060710161, 43.1831430863438], [-79.8350294546912, 43.1831487029718], [-79.8361903057024, 43.1834275381192], [-79.8364933022143, 43.1835545309413], [-79.8387515055249, 43.1845009351266], [-79.8390778004768, 43.1846376764414], [-79.8410271695907, 43.1854545762597], [-79.841115228757, 43.1854914375579], [-79.8410540044926, 43.1856283583598], [-79.8409119800234, 43.1859510625906], [-79.8411143619367, 43.1859979562847], [-79.8417784267373, 43.1861516793948], [-79.8418339447242, 43.186164530165], [-79.8450985554598, 43.1869264528729], [-79.8453375555342, 43.1869843550018], [-79.8453624680235, 43.1869904036655], [-79.8454660095987, 43.1870155542181], [-79.8456685532396, 43.1870647511859], [-79.8456934607893, 43.18707080423], [-79.8478892147297, 43.1876060221575], [-79.8477796424879, 43.1878593501883], [-79.8475797087794, 43.188321600176], [-79.847306365979, 43.1889535541684], [-79.8470800864399, 43.1894766884474], [-79.846853819317, 43.1899998025422], [-79.8466505486041, 43.190469758397], [-79.8465144058352, 43.1907844973822], [-79.8460681341984, 43.1906794018176], [-79.8456218691333, 43.1905743000758], [-79.8459612744515, 43.1897896005852], [-79.8455150257886, 43.1896845030879], [-79.8446643956788, 43.1894841626125], [-79.8446394561594, 43.1894781270319], [-79.8444820033564, 43.1894400218473], [-79.844332511847, 43.1894058247605], [-79.8443075276718, 43.1893999417359], [-79.8432538678829, 43.1891517804145], [-79.8427152857021, 43.1890249257962], [-79.8421767119703, 43.188898067827], [-79.8416381294452, 43.1887712072327], [-79.8411661123523, 43.1886600211201], [-79.8400572742662, 43.1883922066847], [-79.8398630177924, 43.188344177902], [-79.8401618781124, 43.1876593440674], [-79.840063710388, 43.1876373813351], [-79.8400030534941, 43.1876230458546], [-79.8395285301248, 43.187510899182], [-79.8396255477572, 43.1872887672989], [-79.8388558339003, 43.1871068454164], [-79.837119656417, 43.1866964797314], [-79.8366276814061, 43.1872163519209], [-79.8365547309583, 43.1872931015355], [-79.8362899328813, 43.1875716655194], [-79.8361227865168, 43.1877493021452], [-79.8359590160955, 43.1879286153245], [-79.8357479991267, 43.1881678732791], [-79.835707827367, 43.1882156295192], [-79.8356327250619, 43.188303880808], [-79.8355822920296, 43.1883760513804], [-79.8357920773268, 43.1884250270739], [-79.8394618633971, 43.1892870249434], [-79.8390402391796, 43.1903323168095], [-79.8392025557235, 43.1903682753903], [-79.8397819111854, 43.1904873595153], [-79.8399413465921, 43.1905201226851], [-79.8399775555297, 43.1904261479408], [-79.8402998134347, 43.1905019947856], [-79.8403345001313, 43.1905101561735], [-79.840768142239, 43.1906122177995], [-79.8408612812623, 43.1906341307695], [-79.8413880694265, 43.1907581066125], [-79.8416808399719, 43.1908270108658], [-79.8425297248465, 43.191026779543], [-79.8423187268815, 43.1915533094573], [-79.8420066783379, 43.192331960683], [-79.8418846382188, 43.1926364868121], [-79.8417461771869, 43.1929819825497], [-79.8417297624681, 43.1930229496644], [-79.8415912997648, 43.1933684388693], [-79.8414528353925, 43.1937139314693], [-79.841393095415, 43.1938629893653], [-79.8418651840974, 43.1939641926536], [-79.841642516649, 43.1945202192348], [-79.8416014249324, 43.1946357507877], [-79.8411292357583, 43.194529463165], [-79.8410817210882, 43.1946417409101], [-79.8406749391333, 43.1956574872357], [-79.8404047193351, 43.1963321888768], [-79.8402770980944, 43.1966508361268], [-79.8400878349519, 43.1971234060831], [-79.8399428444037, 43.1974854134198], [-79.8394860232475, 43.1973780457459], [-79.8392048569959, 43.197311960464], [-79.8386830891767, 43.1986147110684], [-79.8386044480234, 43.1988353984278], [-79.8385852567466, 43.198879855876], [-79.8382657954945, 43.1996199697746], [-79.839123841205, 43.1998219294986], [-79.8390008184895, 43.2001071046568], [-79.8398803946513, 43.2003138236669], [-79.8387899680744, 43.2028413569822], [-79.8387153691637, 43.2030142669905], [-79.8383113613805, 43.2039506672319], [-79.8378899352504, 43.2049273999377], [-79.8372430098488, 43.2059780741251], [-79.8370578017558, 43.2064073058957], [-79.8370334610448, 43.2064383036547], [-79.8362845030925, 43.2062481158757], [-79.8357925883211, 43.2060973964336], [-79.8353840134688, 43.2059569242391], [-79.8350905457423, 43.2058458253928], [-79.8347017842091, 43.2056773499772], [-79.8342878655593, 43.2054804134236], [-79.8338929595049, 43.2052665981772], [-79.8339071602766, 43.2052340074481]]]]}, "properties": {"id": "hamilton-employment-land-4", "name": "Employment Lands", "layer": "land", "categories": ["EMPLOYMENT LAND"], "freshness": "UPDATED ANNUALLY", "source": {"name": "City of Hamilton Open Data", "url": "https://services.arcgis.com/rYz782eMbySr2srL/arcgis/rest/services/Employment_Lands/FeatureServer/2", "license": "City of Hamilton Open Data Licence", "license_url": "https://www.hamilton.ca/city-initiatives/strategies-actions/open-data-licence-terms-and-conditions", "attribution": "Contains information licensed under the City of Hamilton Open Data Licence", "dataset": "Employment Lands", "source_id": "4", "source_modified": "2026-08-02T18:37:30.774Z", "retrieved_at": "2026-08-19"}, "attributes": {"OBJECTID": 4, "AREA_NAME": "Red Hill North", "CATEGORY": "Business Park", "AREA_HECTARES": null, "COMMENTS": null, "Shape__Area": 2753085.3239746094, "Shape__Length": 18374.17355074052}}}, {"type": "Feature", "geometry": {"type": "Polygon", "coordinates": [[[-79.8395967371618, 43.1645271099381], [-79.8425388369636, 43.1652086989081], [-79.8435204364398, 43.165433955699], [-79.8443445308435, 43.1656230602241], [-79.849169170037, 43.1667300445808], [-79.8497433459948, 43.166857735678], [-79.8541127360179, 43.1678653577227], [-79.8537239553314, 43.1687558193102], [-79.8533355718381, 43.1696442906667], [-79.8525395303399, 43.1714652361271], [-79.8522155350677, 43.1715401989448], [-79.8489359668603, 43.1790409157752], [-79.8489004642758, 43.1790842574008], [-79.8494264755504, 43.1792064884385], [-79.8513575402263, 43.1796717747828], [-79.8513200459123, 43.1797550707718], [-79.8490756630269, 43.1848595367413], [-79.8485375912143, 43.1861040633565], [-79.8480689338212, 43.187221693488], [-79.8478892147297, 43.1876060221575], [-79.8456934607893, 43.18707080423], [-79.8453377040149, 43.1869860745928], [-79.845267654813, 43.1869690546538], [-79.845127541832, 43.1869350108979], [-79.8445170098973, 43.1867866582637], [-79.8421614986915, 43.1862407036526], [-79.8417774557626, 43.1861516821706], [-79.8411143529155, 43.1859979778046], [-79.8409119800234, 43.1859510625906], [-79.8410540044926, 43.1856283583598], [-79.841115228757, 43.1854914375579], [-79.8409706312329, 43.1854309199517], [-79.8390778004768, 43.1846376764414], [-79.8387515055249, 43.1845009351266], [-79.8365930306021, 43.1835984173981], [-79.8361722263124, 43.1834222593398], [-79.8350064729904, 43.1831422016755], [-79.8350029599042, 43.1831413590795], [-79.8347950526338, 43.1830914087345], [-79.8345857538753, 43.1830411412786], [-79.8334130216796, 43.182759490694], [-79.8323980520377, 43.1825157092679], [-79.8308644271436, 43.1821473505518], [-79.8295694738295, 43.1818362843725], [-79.8280294824436, 43.1817284071672], [-79.8279642360138, 43.1817238414867], [-79.827832308702, 43.1817172688536], [-79.8279585043851, 43.1814286237308], [-79.8278488334437, 43.1813980583494], [-79.8274406761946, 43.1812851934937], [-79.8273841030186, 43.1812694236118], [-79.8255312846783, 43.1807520379345], [-79.8246562170272, 43.1804809045097], [-79.8246516912033, 43.180479503706], [-79.8247428100857, 43.1802844583503], [-79.8247838920876, 43.1801921105602], [-79.8241820859611, 43.1800057428451], [-79.8240784436286, 43.1799736437834], [-79.8239574714005, 43.1799361797743], [-79.8238978929008, 43.1799177307952], [-79.823820867186, 43.1798938724823], [-79.8227256671407, 43.1795546887571], [-79.8216865780178, 43.1792328608404], [-79.8215930023652, 43.1792038779821], [-79.8220558460406, 43.1781556226446], [-79.8229571868455, 43.1761167841881], [-79.8231301916662, 43.175724994388], [-79.8234848737497, 43.1749217864373], [-79.8236289569591, 43.1745954578047], [-79.8237730480948, 43.1742691470613], [-79.8241949510206, 43.173313648901], [-79.8262181923697, 43.1687284221367], [-79.826931599214, 43.168896923845], [-79.8273920121092, 43.1678525432753], [-79.833228521809, 43.1692333230632], [-79.8334793134381, 43.169254201592], [-79.8371894856399, 43.170092993027], [-79.8388801565328, 43.1661979043284], [-79.8389948163698, 43.1659305557699], [-79.8395967371618, 43.1645271099381]], [[-79.8346523366316, 43.1758181707584], [-79.8359249086924, 43.17610831036], [-79.8359248055954, 43.1761085560394], [-79.8363589035938, 43.1762030382572], [-79.8365584490655, 43.176252747666], [-79.8367579948676, 43.17630245673], [-79.8371685260557, 43.1763891133871], [-79.8376262347085, 43.1764947795932], [-79.8375095628445, 43.1767558079417], [-79.8371509491336, 43.1775718339955], [-79.8373789026889, 43.1776272281421], [-79.8381026379584, 43.1778030984897], [-79.8383622494667, 43.1778650947816], [-79.8383943175126, 43.1778730797958], [-79.8385197756883, 43.1775803595497], [-79.8385892893018, 43.1775971251618], [-79.8389453403289, 43.1776829665888], [-79.8390611168073, 43.1774257862331], [-79.8392168287466, 43.1770798681454], [-79.8392679034727, 43.1769664014125], [-79.8392831573527, 43.1769325220564], [-79.83929644033, 43.1769022047667], [-79.8397959876338, 43.1757629505911], [-79.8392987841292, 43.1756473815894], [-79.838369136729, 43.1754312869057], [-79.8381290140759, 43.175373789197], [-79.8388238651636, 43.1738253842412], [-79.8390255536191, 43.1734363249168], [-79.8392756165194, 43.1730579160368], [-79.8393512244892, 43.172971038641], [-79.8395735723472, 43.1727155465458], [-79.8399896700064, 43.1723642160757], [-79.8403440557725, 43.1721392499667], [-79.8402262013393, 43.1718663951941], [-79.8398318601909, 43.171544180575], [-79.8390878958798, 43.1712939720138], [-79.8377388830212, 43.1709806755092], [-79.837347203819, 43.1718615908105], [-79.8368106236854, 43.1730683583888], [-79.8363160281058, 43.1741806569923], [-79.8362107743624, 43.1741555869745], [-79.8354623088723, 43.1739773070549], [-79.835363346564, 43.1741998492401], [-79.8347171113163, 43.1756671195471], [-79.8346776345697, 43.1757567535292], [-79.8346523366316, 43.1758181707584]]]}, "properties": {"id": "hamilton-employment-land-5", "name": "Employment Lands", "layer": "land", "categories": ["EMPLOYMENT LAND"], "freshness": "UPDATED ANNUALLY", "source": {"name": "City of Hamilton Open Data", "url": "https://services.arcgis.com/rYz782eMbySr2srL/arcgis/rest/services/Employment_Lands/FeatureServer/2", "license": "City of Hamilton Open Data Licence", "license_url": "https://www.hamilton.ca/city-initiatives/strategies-actions/open-data-licence-terms-and-conditions", "attribution": "Contains information licensed under the City of Hamilton Open Data Licence", "dataset": "Employment Lands", "source_id": "5", "source_modified": "2026-08-02T18:37:30.774Z", "retrieved_at": "2026-08-19"}, "attributes": {"OBJECTID": 5, "AREA_NAME": "Red Hill South", "CATEGORY": " Business Park", "AREA_HECTARES": 386.988, "COMMENTS": "Boundary changed in dec 2014 due to designation swap omb approval", "Shape__Area": 3900599.317626953, "Shape__Length": 11299.597589213601}}}, {"type": "Feature", "geometry": {"type": "Polygon", "coordinates": [[[-79.7623317529106, 43.2390715873549], [-79.7624211861299, 43.2390923137865], [-79.7636649653647, 43.2393805130724], [-79.7637712164006, 43.2391207996908], [-79.7648751669778, 43.2393619257037], [-79.7649962126915, 43.2393883897251], [-79.7649609178194, 43.2394837318218], [-79.7650779737472, 43.2395089532664], [-79.7656977980188, 43.2396452896873], [-79.7662368166939, 43.2397638549815], [-79.7674183030495, 43.2400237244731], [-79.7675208410009, 43.2400463206154], [-79.7675307275955, 43.2400207775992], [-79.7686085892732, 43.2402583051929], [-79.7695191248557, 43.2404589570699], [-79.7696286697298, 43.2404843830026], [-79.7695876793626, 43.2405746785181], [-79.7697495584752, 43.2406125668405], [-79.7706609285459, 43.2408337868617], [-79.7708098976945, 43.2408699447207], [-79.771697438748, 43.2410553053009], [-79.7716885408676, 43.241077815745], [-79.7715670799817, 43.2411204942076], [-79.7702147516784, 43.2415956593315], [-79.7699006555895, 43.2423713939009], [-79.7693516795892, 43.2437271578955], [-79.7689057972584, 43.2441983873804], [-79.7689712536371, 43.2444642378543], [-79.7690583491672, 43.2448179626682], [-79.7690642448258, 43.2449395383247], [-79.7690716901838, 43.2450932202511], [-79.7688405639172, 43.2456083587246], [-79.7686889893475, 43.245572495331], [-79.7685500502751, 43.2457557670602], [-79.7684682367031, 43.2457543900487], [-79.7684043579993, 43.2457518986315], [-79.7679713608804, 43.2463192040206], [-79.7676086244029, 43.2462114375556], [-79.7675457655691, 43.2463218820645], [-79.7674852299775, 43.2463071430212], [-79.7671845700405, 43.2462339400138], [-79.7670445939124, 43.2461994528899], [-79.7668518962835, 43.2466577594031], [-79.7644045964983, 43.2473391867705], [-79.7641037253834, 43.247414464122], [-79.7618840913209, 43.2469255287642], [-79.7608678023346, 43.2466915854908], [-79.760034086639, 43.2463759628321], [-79.7592605465599, 43.2458412933862], [-79.7589134029794, 43.245281740848], [-79.7587981637705, 43.2451060961655], [-79.7587492280642, 43.2450410924014], [-79.7586980490287, 43.244983448018], [-79.7586697807788, 43.2449561275231], [-79.7586082562648, 43.24490449393], [-79.7584148611581, 43.2447694423175], [-79.7584760421647, 43.2446266852134], [-79.7587986513015, 43.243896761425], [-79.7591393048488, 43.2431259877371], [-79.7592507630227, 43.2428640066632], [-79.7600691359007, 43.2430573028715], [-79.7603679181326, 43.2430522049721], [-79.7607496056266, 43.2421572414295], [-79.7608758478779, 43.2418709435558], [-79.7609731887148, 43.2418940268346], [-79.7610901417837, 43.2419203966237], [-79.7612117931767, 43.2416415494507], [-79.7618864915352, 43.2401162828495], [-79.7619254493465, 43.2400244202162], [-79.7623317529106, 43.2390715873549]]]}, "properties": {"id": "hamilton-employment-land-6", "name": "Employment Lands", "layer": "land", "categories": ["EMPLOYMENT LAND"], "freshness": "UPDATED ANNUALLY", "source": {"name": "City of Hamilton Open Data", "url": "https://services.arcgis.com/rYz782eMbySr2srL/arcgis/rest/services/Employment_Lands/FeatureServer/2", "license": "City of Hamilton Open Data Licence", "license_url": "https://www.hamilton.ca/city-initiatives/strategies-actions/open-data-licence-terms-and-conditions", "attribution": "Contains information licensed under the City of Hamilton Open Data Licence", "dataset": "Employment Lands", "source_id": "6", "source_modified": "2026-08-02T18:37:30.774Z", "retrieved_at": "2026-08-19"}, "attributes": {"OBJECTID": 6, "AREA_NAME": "East Hamilton", "CATEGORY": " Industrial Area", "AREA_HECTARES": 76.325, "COMMENTS": null, "Shape__Area": 603985.4174804688, "Shape__Length": 3333.4568982145256}}}, {"type": "Feature", "geometry": {"type": "Polygon", "coordinates": [[[-79.6334782841075, 43.2120647535507], [-79.6331434425406, 43.2128976826504], [-79.6331208076501, 43.2129537250716], [-79.6330730773268, 43.2130719018145], [-79.632622470639, 43.214187554899], [-79.6350752421487, 43.2147275721335], [-79.6357935654822, 43.2129132029815], [-79.6359119725235, 43.2126139545226], [-79.6383677047388, 43.2131697891016], [-79.6382357767014, 43.2134940721671], [-79.6380611134012, 43.2139234088365], [-79.6378112506617, 43.2144416380388], [-79.6370581144056, 43.2155638687249], [-79.6370115033119, 43.2156276790046], [-79.6369589817221, 43.2156889839921], [-79.63690080233, 43.2157474931411], [-79.6368372422295, 43.2158029261009], [-79.6367686039846, 43.2158550199327], [-79.6366952144993, 43.2159035245946], [-79.6366174236059, 43.2159482110285], [-79.6365356029748, 43.2159888648443], [-79.6364501410305, 43.2160252934635], [-79.6363614467439, 43.216057321662], [-79.635369896769, 43.2161022072802], [-79.634520528625, 43.2159362816053], [-79.6335959062497, 43.2156528322768], [-79.6331141203724, 43.2154206862023], [-79.6329427569533, 43.2153839913192], [-79.6322114738237, 43.2152066741275], [-79.6292919400038, 43.214498716955], [-79.6290048216826, 43.2144505816476], [-79.6275368988189, 43.2142044683014], [-79.6272924728132, 43.2141635718747], [-79.6287695824109, 43.2108877343859], [-79.6288043186104, 43.210897162593], [-79.6303493221479, 43.2112834945255], [-79.6334782841075, 43.2120647535507]]]}, "properties": {"id": "hamilton-employment-land-7", "name": "Employment Lands", "layer": "land", "categories": ["EMPLOYMENT LAND"], "freshness": "UPDATED ANNUALLY", "source": {"name": "City of Hamilton Open Data", "url": "https://services.arcgis.com/rYz782eMbySr2srL/arcgis/rest/services/Employment_Lands/FeatureServer/2", "license": "City of Hamilton Open Data Licence", "license_url": "https://www.hamilton.ca/city-initiatives/strategies-actions/open-data-licence-terms-and-conditions", "attribution": "Contains information licensed under the City of Hamilton Open Data Licence", "dataset": "Employment Lands", "source_id": "7", "source_modified": "2026-08-02T18:37:30.774Z", "retrieved_at": "2026-08-19"}, "attributes": {"OBJECTID": 7, "AREA_NAME": "Stoney Creek", "CATEGORY": "Business Park", "AREA_HECTARES": 33.297, "COMMENTS": null, "Shape__Area": 249624.0322265625, "Shape__Length": 2836.1181505212626}}}, {"type": "Feature", "geometry": {"type": "Polygon", "coordinates": [[[-79.9724253189392, 43.269806142187], [-79.9726609222219, 43.2693257916587], [-79.9725431969453, 43.2692958115162], [-79.9711364122939, 43.2689315255692], [-79.9714394591605, 43.2683090426928], [-79.9714776149564, 43.2682262942704], [-79.9715838232815, 43.2680087901238], [-79.9716716230946, 43.267827784308], [-79.9718221351156, 43.2675174889495], [-79.9719057881553, 43.267344985603], [-79.9714301191138, 43.2672223961666], [-79.9713964994571, 43.2669244420945], [-79.9713628802677, 43.2666264780971], [-79.9715218242188, 43.2666683154366], [-79.9715312108344, 43.2666570612722], [-79.9719240883152, 43.2662427699216], [-79.9719934739856, 43.2661921863086], [-79.9720263604153, 43.2661682109292], [-79.9742579527625, 43.2662849399435], [-79.9756963710762, 43.2663584194557], [-79.9757247422387, 43.2664505697649], [-79.9758692970173, 43.2669189389129], [-79.9760166445918, 43.2673966615893], [-79.9760994753979, 43.2676647310232], [-79.9761165384745, 43.2677200503145], [-79.9762003677079, 43.2679918267792], [-79.9763296014435, 43.2684110299722], [-79.9764842178262, 43.2689157262636], [-79.9766534636144, 43.2694688105163], [-79.9768622373174, 43.2701514312885], [-79.9768654055845, 43.2701617968805], [-79.9769514498784, 43.2704429689668], [-79.9769734237348, 43.2705147734812], [-79.9768557654447, 43.270558650293], [-79.9763966215602, 43.2707214402331], [-79.9762070199928, 43.2707886607034], [-79.9755215212531, 43.2710316974162], [-79.9754903547331, 43.2709294144545], [-79.9753946741311, 43.270974729243], [-79.9747129414695, 43.2712981804511], [-79.9738600142753, 43.2718062415574], [-79.9734350565439, 43.2719866438345], [-79.9731914458318, 43.2720900591545], [-79.9729574766201, 43.2722968969805], [-79.9728085127808, 43.2723831773699], [-79.9727157656477, 43.2724160431139], [-79.9726230184159, 43.2724489087815], [-79.9726104640905, 43.2724651411114], [-79.9725708662719, 43.2724618355274], [-79.9724401006037, 43.2723890240693], [-79.9725138812249, 43.272317563868], [-79.9725876616727, 43.2722461036164], [-79.9726011057052, 43.2721832824274], [-79.9726365139588, 43.272015585985], [-79.9726305491819, 43.2719766398654], [-79.9726275113697, 43.2719567989211], [-79.9726244712465, 43.2719369489512], [-79.9726214311252, 43.2719170989813], [-79.9725905081319, 43.271715046786], [-79.9725367704144, 43.2713171418975], [-79.9724661635397, 43.2712891049049], [-79.9722661046335, 43.2712096592637], [-79.9725361465158, 43.2709463820303], [-79.9726042882673, 43.2707763538666], [-79.9726074524991, 43.2707684582645], [-79.9727625399133, 43.2704597228957], [-79.972544455759, 43.2703730634659], [-79.9727814340956, 43.2698984429937], [-79.9726399856341, 43.2698617810112], [-79.9724253189392, 43.269806142187]]]}, "properties": {"id": "hamilton-employment-land-8", "name": "Employment Lands", "layer": "land", "categories": ["EMPLOYMENT LAND"], "freshness": "UPDATED ANNUALLY", "source": {"name": "City of Hamilton Open Data", "url": "https://services.arcgis.com/rYz782eMbySr2srL/arcgis/rest/services/Employment_Lands/FeatureServer/2", "license": "City of Hamilton Open Data Licence", "license_url": "https://www.hamilton.ca/city-initiatives/strategies-actions/open-data-licence-terms-and-conditions", "attribution": "Contains information licensed under the City of Hamilton Open Data Licence", "dataset": "Employment Lands", "source_id": "8", "source_modified": "2026-08-02T18:37:30.774Z", "retrieved_at": "2026-08-19"}, "attributes": {"OBJECTID": 8, "AREA_NAME": "Dundas", "CATEGORY": " Industrial Land", "AREA_HECTARES": 20.804, "COMMENTS": null, "Shape__Area": 205445.52783203125, "Shape__Length": 2136.778392791582}}}, {"type": "Feature", "geometry": {"type": "Polygon", "coordinates": [[[-80.0218826108186, 43.194987248605], [-80.0216374687961, 43.1950296265556], [-80.017071507866, 43.1959049797451], [-80.0120369994433, 43.1967991793806], [-80.0117256771309, 43.1957701073918], [-80.0100973192034, 43.1904209437191], [-80.0095223021232, 43.1885555425692], [-80.0097376766123, 43.1884976815795], [-80.0109234770205, 43.1882998483677], [-80.012109250179, 43.1881020098146], [-80.0126559033987, 43.1880108001486], [-80.0132950208707, 43.187904155329], [-80.0144807840571, 43.1877062920715], [-80.0193704877186, 43.1868913902676], [-80.0198356595278, 43.1868136932119], [-80.0212067765655, 43.1865846753784], [-80.0219494335871, 43.1864590972169], [-80.0241623613832, 43.1860848924497], [-80.0255529047698, 43.185842275778], [-80.028974375666, 43.1852452164139], [-80.0298717635497, 43.1850885910689], [-80.0338187437441, 43.1844023944187], [-80.0386875897927, 43.1835538924803], [-80.0387949955164, 43.1835376274617], [-80.0395979506583, 43.1861483738475], [-80.0399918643492, 43.1874183136891], [-80.040372917856, 43.1886347605176], [-80.0404374503691, 43.188803676397], [-80.0405856474142, 43.1891050877518], [-80.0406999553241, 43.1892880009026], [-80.0411289946885, 43.1899409507879], [-80.0413767400821, 43.1903232508692], [-80.041584068543, 43.1907153727079], [-80.0417042014903, 43.1909982228298], [-80.0418984854797, 43.1915940878342], [-80.0401178041385, 43.1919103294646], [-80.0370043730602, 43.1923972596727], [-80.0343644375122, 43.1928100643958], [-80.0344160472399, 43.1929864077915], [-80.0344241758472, 43.1930131987567], [-80.0344322997664, 43.193039975274], [-80.0345745560537, 43.1935086928236], [-80.0346527481522, 43.1937687385088], [-80.0347069536638, 43.1939489981839], [-80.0349177696831, 43.1946500828194], [-80.0325480774741, 43.1955389277661], [-80.0317072492043, 43.1958110622108], [-80.0278228500836, 43.1970681369845], [-80.0271155051639, 43.1972736187172], [-80.0269261649846, 43.19665160103], [-80.0275122583143, 43.196556034817], [-80.0274779702689, 43.1964556498303], [-80.0274269763028, 43.19627548707], [-80.0274033277502, 43.1961985596972], [-80.0268197218589, 43.1943081081534], [-80.026754510012, 43.1940897864276], [-80.0260886793834, 43.194201403457], [-80.0253979475908, 43.1943142326116], [-80.0240278419684, 43.1945840857066], [-80.0231283513718, 43.1947585319413], [-80.0218826108186, 43.194987248605]]]}, "properties": {"id": "hamilton-employment-land-9", "name": "Employment Lands", "layer": "land", "categories": ["EMPLOYMENT LAND"], "freshness": "UPDATED ANNUALLY", "source": {"name": "City of Hamilton Open Data", "url": "https://services.arcgis.com/rYz782eMbySr2srL/arcgis/rest/services/Employment_Lands/FeatureServer/2", "license": "City of Hamilton Open Data Licence", "license_url": "https://www.hamilton.ca/city-initiatives/strategies-actions/open-data-licence-terms-and-conditions", "attribution": "Contains information licensed under the City of Hamilton Open Data Licence", "dataset": "Employment Lands", "source_id": "9", "source_modified": "2026-08-02T18:37:30.774Z", "retrieved_at": "2026-08-19"}, "attributes": {"OBJECTID": 9, "AREA_NAME": "Ancaster", "CATEGORY": " Business Park", "AREA_HECTARES": 254.028, "COMMENTS": null, "Shape__Area": 2449850.8122558594, "Shape__Length": 7482.318403437266}}}, {"type": "Feature", "geometry": {"type": "Polygon", "coordinates": [[[-79.8948870894617, 43.2618103177979], [-79.8948475961001, 43.2619154616985], [-79.8948506144206, 43.2619152072178], [-79.8948536351397, 43.2619149563621], [-79.8947974887061, 43.262042566928], [-79.8950256902714, 43.2619691945412], [-79.8949751480021, 43.2620845302728], [-79.8951466046459, 43.2621250215102], [-79.8951537498608, 43.2621267113524], [-79.8952323330548, 43.2621452670333], [-79.8952680495628, 43.2621537017132], [-79.8953180565289, 43.2621655160463], [-79.8953323470436, 43.2621688921078], [-79.8954037850538, 43.2621857614421], [-79.8955109445433, 43.2622110689855], [-79.8956895421646, 43.2622532527891], [-79.895585966105, 43.2624896240544], [-79.895543099802, 43.2625961394286], [-79.8940281331814, 43.2624611150528], [-79.8939553344023, 43.2624352946643], [-79.893872847352, 43.2623698837863], [-79.8938583689742, 43.2623138046704], [-79.8938602391791, 43.262261551219], [-79.8939442560082, 43.2619738518128], [-79.8940944441297, 43.2615511850783], [-79.8942503218208, 43.2613960755741], [-79.8943221213141, 43.2614202724985], [-79.8947131799822, 43.2616914851983], [-79.8948870894617, 43.2618103177979]]]}, "properties": {"id": "hamilton-employment-land-10", "name": "Employment Lands", "layer": "land", "categories": ["EMPLOYMENT LAND"], "freshness": "UPDATED ANNUALLY", "source": {"name": "City of Hamilton Open Data", "url": "https://services.arcgis.com/rYz782eMbySr2srL/arcgis/rest/services/Employment_Lands/FeatureServer/2", "license": "City of Hamilton Open Data Licence", "license_url": "https://www.hamilton.ca/city-initiatives/strategies-actions/open-data-licence-terms-and-conditions", "attribution": "Contains information licensed under the City of Hamilton Open Data Licence", "dataset": "Employment Lands", "source_id": "10", "source_modified": "2026-08-02T18:37:30.774Z", "retrieved_at": "2026-08-19"}, "attributes": {"OBJECTID": 10, "AREA_NAME": "West Hamilton Innovation District", "CATEGORY": " Industrial Land", "AREA_HECTARES": 1.058, "COMMENTS": null, "Shape__Area": 10578.478515625, "Shape__Length": 486.53374269302975}}}, {"type": "Feature", "geometry": {"type": "Polygon", "coordinates": [[[-79.8998678093268, 43.252792418887], [-79.9007576313381, 43.2530163581102], [-79.9018291422627, 43.2532749575043], [-79.9030492168164, 43.2536520304423], [-79.9043270938688, 43.2540687734965], [-79.9050944681143, 43.2543843702575], [-79.9056331361348, 43.2547563325211], [-79.9058846516141, 43.2551709919763], [-79.9058156551594, 43.2554347903119], [-79.9056117098359, 43.2557533528319], [-79.9052310083379, 43.2560096296903], [-79.9033039757116, 43.2571075952947], [-79.9024994370872, 43.2574896984776], [-79.9017206311546, 43.2577313059686], [-79.898383567868, 43.2584521733226], [-79.8966711016065, 43.2588310737898], [-79.8961577708972, 43.2589568710426], [-79.8950042868564, 43.2593671556676], [-79.8942994490282, 43.2596522005666], [-79.8935797492305, 43.2600855143433], [-79.89312246731, 43.2603447746117], [-79.8927036797592, 43.2604508281884], [-79.8923095938127, 43.2604841697928], [-79.8920742468853, 43.2604657109601], [-79.8904895232388, 43.2600790506613], [-79.8903912018708, 43.2597315981519], [-79.8903461983497, 43.2592134777293], [-79.8904403507589, 43.2589006167566], [-79.8912323751298, 43.257469083851], [-79.891700482133, 43.2566786215897], [-79.8920159522981, 43.2563181477193], [-79.8923142267956, 43.2560949343391], [-79.8926699215317, 43.2558223690828], [-79.8931658766979, 43.2555564718537], [-79.8944370242855, 43.2549592181404], [-79.8959014114233, 43.2543129964955], [-79.8973758751821, 43.2537580776775], [-79.8998678093268, 43.252792418887]]]}, "properties": {"id": "hamilton-employment-land-11", "name": "Employment Lands", "layer": "land", "categories": ["EMPLOYMENT LAND"], "freshness": "UPDATED ANNUALLY", "source": {"name": "City of Hamilton Open Data", "url": "https://services.arcgis.com/rYz782eMbySr2srL/arcgis/rest/services/Employment_Lands/FeatureServer/2", "license": "City of Hamilton Open Data Licence", "license_url": "https://www.hamilton.ca/city-initiatives/strategies-actions/open-data-licence-terms-and-conditions", "attribution": "Contains information licensed under the City of Hamilton Open Data Licence", "dataset": "Employment Lands", "source_id": "11", "source_modified": "2026-08-02T18:37:30.774Z", "retrieved_at": "2026-08-19"}, "attributes": {"OBJECTID": 11, "AREA_NAME": "West Hamilton Innovation District", "CATEGORY": " Business Park", "AREA_HECTARES": 56.87, "COMMENTS": null, "Shape__Area": 568698.5815429688, "Shape__Length": 3212.6963919951986}}}, {"type": "Feature", "geometry": {"type": "Polygon", "coordinates": [[[-79.8761577661653, 43.2229250294451], [-79.8756024759304, 43.222783994296], [-79.8750792631653, 43.2226510978348], [-79.8749405210233, 43.222615856116], [-79.8747633275779, 43.2225708522669], [-79.8745506981328, 43.2225168406487], [-79.8744089490697, 43.2224808330221], [-79.87423201136, 43.2224358920977], [-79.8737002685607, 43.2223008217065], [-79.8736825113142, 43.2222963093327], [-79.8736647528393, 43.2222917969441], [-79.8737880007391, 43.2219740475908], [-79.8741584349385, 43.2210190459128], [-79.8741939202071, 43.2210280837302], [-79.8742246299278, 43.2209489002947], [-79.8742553407815, 43.2208697177613], [-79.8745460314966, 43.2201202979753], [-79.8771011361625, 43.2207705201622], [-79.8770468476301, 43.2208946518437], [-79.8769925639787, 43.2210187736394], [-79.876944573408, 43.2211285281708], [-79.876884005717, 43.2212670244371], [-79.8768292443368, 43.2213922490255], [-79.8767754466215, 43.2215152715102], [-79.8767085521207, 43.2216682345186], [-79.8766685341234, 43.2217639191365], [-79.8766116865921, 43.2218903198376], [-79.8765571829664, 43.2220115037339], [-79.8765042950434, 43.2221359478383], [-79.8764513954404, 43.2222604125113], [-79.8763993423637, 43.2223778591603], [-79.8763415074895, 43.2225083444188], [-79.8762957069131, 43.2226086112723], [-79.8762854849393, 43.2226320543569], [-79.8762313574987, 43.2227562142042], [-79.8761772297509, 43.2228803785224], [-79.8761577661653, 43.2229250294451]]]}, "properties": {"id": "hamilton-employment-land-12", "name": "Employment Lands", "layer": "land", "categories": ["EMPLOYMENT LAND"], "freshness": "UPDATED ANNUALLY", "source": {"name": "City of Hamilton Open Data", "url": "https://services.arcgis.com/rYz782eMbySr2srL/arcgis/rest/services/Employment_Lands/FeatureServer/2", "license": "City of Hamilton Open Data Licence", "license_url": "https://www.hamilton.ca/city-initiatives/strategies-actions/open-data-licence-terms-and-conditions", "attribution": "Contains information licensed under the City of Hamilton Open Data Licence", "dataset": "Employment Lands", "source_id": "12", "source_modified": "2026-08-02T18:37:30.774Z", "retrieved_at": "2026-08-19"}, "attributes": {"OBJECTID": 12, "AREA_NAME": "Hester", "CATEGORY": " Industrial Land", "AREA_HECTARES": 5.461, "COMMENTS": null, "Shape__Area": 54607.503173828125, "Shape__Length": 940.1437140620434}}}, {"type": "Feature", "geometry": {"type": "Polygon", "coordinates": [[[-79.6549113118673, 43.2136422292178], [-79.6550557053809, 43.2132988539416], [-79.6551299226438, 43.2131226449137], [-79.6555094748075, 43.2132084435688], [-79.6558759545477, 43.2132912851217], [-79.655846466089, 43.2133657523757], [-79.6561505579303, 43.2134351958351], [-79.6561803065291, 43.2133600796264], [-79.6567763063373, 43.2134948012352], [-79.6567658888078, 43.2135211524094], [-79.657482597872, 43.2136831489818], [-79.6574930152027, 43.2136567941384], [-79.6591154858579, 43.2140235035055], [-79.6595471027101, 43.2140795680107], [-79.6608783985038, 43.2142455598975], [-79.6620482229029, 43.2143914115663], [-79.6623611275098, 43.214430423226], [-79.6627310807827, 43.2144765410885], [-79.6627200085464, 43.2145029896038], [-79.6629974701685, 43.2145375835066], [-79.6630085423708, 43.2145111313622], [-79.6635301784262, 43.2145761642499], [-79.6639001335526, 43.2146222783532], [-79.6644863639359, 43.214695351497], [-79.6644564068081, 43.2147669196202], [-79.6654622759724, 43.2148836388524], [-79.6655669689697, 43.2148957738438], [-79.6664158814752, 43.2149941606713], [-79.6664413434976, 43.2149332911137], [-79.6668904569085, 43.2149879506881], [-79.6669644546039, 43.2149969568391], [-79.6689524606735, 43.2152388618754], [-79.668941247718, 43.2152653309674], [-79.6689860662966, 43.2152707798155], [-79.6689972791556, 43.2152443143199], [-79.6694313874917, 43.2152971360705], [-79.6699097604983, 43.2154726812679], [-79.6709766747458, 43.2157165151702], [-79.6710066609497, 43.2156457740991], [-79.6720807178026, 43.2158912258801], [-79.6724387337951, 43.2159730408649], [-79.6724087488337, 43.21604379313], [-79.6727074420538, 43.216112049365], [-79.6727954040537, 43.2161321525643], [-79.6728253935398, 43.2160614002507], [-79.6735684857439, 43.2162312092352], [-79.6735389821831, 43.2163020718313], [-79.6744965429192, 43.2165211063338], [-79.6756478779013, 43.2167945743599], [-79.676062963505, 43.2168931641729], [-79.6766060571487, 43.2170221491257], [-79.6771479721725, 43.2171508585368], [-79.6774453347846, 43.2172214750289], [-79.6776915092825, 43.2172759426742], [-79.6782216785743, 43.2173932410638], [-79.6791393632886, 43.2175962735887], [-79.6798563454419, 43.2177549166883], [-79.6803155640635, 43.217856557719], [-79.6807513404734, 43.2179630663591], [-79.681358417993, 43.2181114458176], [-79.6821989880504, 43.2183168892698], [-79.6830395687337, 43.2185223302684], [-79.6838801454271, 43.2187277614416], [-79.6839183979273, 43.2186379755498], [-79.6839825846053, 43.2186532870877], [-79.684036085069, 43.218666044407], [-79.6843891424663, 43.2187502394003], [-79.6851872530767, 43.2189582520976], [-79.6858067128373, 43.2191196988812], [-79.6867830108837, 43.2193741402041], [-79.6873286728664, 43.2195163404813], [-79.6876257748318, 43.2195937638014], [-79.687788330783, 43.2196361242175], [-79.6880003723104, 43.2196913811097], [-79.688212419153, 43.2197466376697], [-79.6884244614633, 43.2198018937846], [-79.6886364893937, 43.2198571493414], [-79.6888485324097, 43.21991240828], [-79.6890605785104, 43.2199676560552], [-79.6890500865525, 43.2199940525317], [-79.6893327546768, 43.2200677149587], [-79.6896302832537, 43.220145238811], [-79.6900165568812, 43.2202137723778], [-79.6905928600575, 43.220344126584], [-79.6909066366504, 43.2204150976793], [-79.6910769620768, 43.2204536271439], [-79.6912203796776, 43.2204860603261], [-79.6920842844658, 43.2206814580997], [-79.692535998861, 43.2207836233953], [-79.6927152323449, 43.2208241576156], [-79.6928783404149, 43.2208610495189], [-79.6930557755357, 43.2209011772581], [-79.6930736949663, 43.2209052323674], [-79.6933425611135, 43.2209660343114], [-79.6939698927906, 43.2211079112015], [-79.6942064259555, 43.2211614011928], [-79.6944286422391, 43.22121166212], [-79.6946508591279, 43.2212619118169], [-79.6948730763145, 43.2213121646873], [-79.6948358924741, 43.221402856074], [-79.6949057839684, 43.221418359844], [-79.6950692382018, 43.2214546294547], [-79.6951060525474, 43.2213648522455], [-79.6954106937062, 43.2214337437657], [-79.6956795349227, 43.2214945471355], [-79.6961095971773, 43.2215917906386], [-79.696074339303, 43.2216776959292], [-79.6969717741179, 43.2218769435977], [-79.6970056097548, 43.221794400353], [-79.6972206550643, 43.221843025378], [-79.6974536158267, 43.2218957043765], [-79.6976328168348, 43.2219362197154], [-79.6977582589087, 43.2219645806613], [-79.6978120229337, 43.2219767384333], [-79.6979912242756, 43.2220172604182], [-79.6982382195989, 43.2220731123084], [-79.6982970141768, 43.2220864022517], [-79.6983675675363, 43.2221023580663], [-79.6982596530455, 43.2223656533734], [-79.6980659965815, 43.2228381145951], [-79.6978707149823, 43.222793978925], [-79.6977091840448, 43.222959782014], [-79.699620676054, 43.2233917781494], [-79.6998466215032, 43.2234423050625], [-79.6998235694278, 43.2235048392437], [-79.6996021338465, 43.2240331920693], [-79.6997477027006, 43.2240664584309], [-79.6997473687389, 43.2240672821563], [-79.7004254858186, 43.2242275696264], [-79.7004419111352, 43.2241874949255], [-79.7013971543065, 43.224423735964], [-79.70197630878, 43.2230131277202], [-79.7022983292742, 43.2230891280481], [-79.7026196351107, 43.2231649572807], [-79.7026376565737, 43.2231201387311], [-79.7028516614994, 43.2231706431382], [-79.7030561935934, 43.2232189146533], [-79.7032613190837, 43.223267322196], [-79.7034406472577, 43.2233096452026], [-79.7034227490414, 43.2233544832844], [-79.7036067628106, 43.2233979072777], [-79.703945920618, 43.2234779439571], [-79.704217252458, 43.2235419719194], [-79.7045742704103, 43.2236262215072], [-79.7045920009852, 43.2235813561346], [-79.705097176144, 43.2237005700693], [-79.7071621910013, 43.2241878670527], [-79.7071439336546, 43.2242325683872], [-79.707859462188, 43.2244014000095], [-79.7084021236149, 43.2245294330949], [-79.7084224086596, 43.2245342184716], [-79.7084413068194, 43.2244896862523], [-79.7086556497349, 43.2245402664581], [-79.7089415520889, 43.2246077253789], [-79.7089226642532, 43.2246522505934], [-79.7096460385408, 43.22482950505], [-79.7098859713259, 43.2248901145925], [-79.7099240584975, 43.2248997324508], [-79.7101013837489, 43.2249445220979], [-79.7104539970423, 43.2250335805464], [-79.7106312886933, 43.2250783653912], [-79.7108002273517, 43.2251210351857], [-79.7108085807616, 43.2251231427622], [-79.7109858730952, 43.2251679198613], [-79.7110054070254, 43.2251235240511], [-79.7111826945114, 43.2251683043925], [-79.7111631656183, 43.2252127002895], [-79.7113404584069, 43.2252574804459], [-79.7115177513849, 43.2253022639315], [-79.7116950447043, 43.2253470435442], [-79.7118723432133, 43.2253918229405], [-79.7141332506178, 43.2259628247436], [-79.7142041705554, 43.2259807307069], [-79.7142928264276, 43.2260031257726], [-79.7145264338629, 43.2260621128946], [-79.715215479888, 43.2262361260897], [-79.7152348006642, 43.2261916659352], [-79.715630260427, 43.2262915341464], [-79.7158646247313, 43.2263507143292], [-79.7163283717445, 43.2264678215384], [-79.7167111699522, 43.2265644787538], [-79.7169239340492, 43.2266182061716], [-79.7169062655585, 43.2266630813465], [-79.7169594554838, 43.226676511334], [-79.7169771238643, 43.2266316397516], [-79.7171721569001, 43.226680885236], [-79.7169365885781, 43.2272790210812], [-79.7170085962206, 43.2272942028124], [-79.7169527839469, 43.2274359275998], [-79.7168831539789, 43.2276127467118], [-79.716826279931, 43.2277571572926], [-79.716813518767, 43.2277895612143], [-79.716761607789, 43.2279213723892], [-79.7167096965245, 43.2280531862354], [-79.7166577801054, 43.228184999997], [-79.7166438022957, 43.2282205058337], [-79.7166042294126, 43.2283209780253], [-79.7165331810093, 43.2285013873165], [-79.7165064681966, 43.2285692009631], [-79.716462126114, 43.2286817919823], [-79.7163910719055, 43.2288622020084], [-79.7163200272854, 43.2290426039878], [-79.7162941046219, 43.229108420224], [-79.716248975852, 43.2292230166459], [-79.7161779254457, 43.2294034184599], [-79.7161391671982, 43.2295266037711], [-79.7168982048222, 43.2296842602554], [-79.7172157637218, 43.2297503139023], [-79.7184404669444, 43.2299957302231], [-79.7194936861482, 43.2273148663419], [-79.719610511881, 43.2273488391823], [-79.7206215194111, 43.2276276529412], [-79.7206408510136, 43.2275796838117], [-79.7216232252754, 43.227845263076], [-79.7220052422112, 43.2279485356235], [-79.7221636183224, 43.2279913515599], [-79.7230874992003, 43.2282411010402], [-79.7234394569285, 43.2283362460585], [-79.7237914158491, 43.2284313864052], [-79.7243366882521, 43.2285787761012], [-79.724723534529, 43.2286840384185], [-79.7247472022846, 43.2286909008548], [-79.7247585220891, 43.2286941822663], [-79.7253330360914, 43.2288608172609], [-79.725668768088, 43.2290083289727], [-79.7261188809813, 43.2291388775274], [-79.7265862795278, 43.229274428803], [-79.7266048158561, 43.2292296806643], [-79.7281745382814, 43.2296849230724], [-79.7281505098262, 43.2297432145251], [-79.7292196551455, 43.2300502977099], [-79.7296143016428, 43.2301636361187], [-79.7300261366614, 43.230281915729], [-79.7302007946674, 43.230332076163], [-79.7302429182772, 43.2302536491999], [-79.7304173767005, 43.230304174475], [-79.7316451453813, 43.230659739215], [-79.7316042876373, 43.230735155188], [-79.7321341269212, 43.230887310695], [-79.7321685874087, 43.2308113229708], [-79.7323780393381, 43.2308719796864], [-79.7323437853939, 43.230947519533], [-79.7326581760305, 43.2310378003781], [-79.7328812770409, 43.2311018742645], [-79.7329807303513, 43.2311304327406], [-79.7334355479913, 43.2312610370245], [-79.7338476722137, 43.2313793853135], [-79.734109661523, 43.231454617134], [-79.7344763506547, 43.2315599151207], [-79.7347381897644, 43.2316351006173], [-79.734758792487, 43.2315909359105], [-79.7353354032887, 43.2317019243196], [-79.7353476305987, 43.231675906592], [-79.7356197550855, 43.2317282961238], [-79.7358918852754, 43.231780670664], [-79.7358964727948, 43.2317815533871], [-79.7358842015202, 43.2318075634837], [-79.735859123457, 43.2318607051282], [-79.7365009817775, 43.2319898848509], [-79.7368082672135, 43.2320517221623], [-79.7368240612173, 43.2320168399327], [-79.7371324769893, 43.2320762035905], [-79.7371155532147, 43.2321135622563], [-79.7377700244814, 43.2322452693351], [-79.7387207356186, 43.2324365831461], [-79.739483418343, 43.2325900544852], [-79.7398455407535, 43.2326629188506], [-79.7399449015837, 43.2327966546083], [-79.7398641107955, 43.2329830599332], [-79.7397365852701, 43.2332772970373], [-79.7393851850984, 43.2340880117864], [-79.7392423606246, 43.2344175361086], [-79.7391970109533, 43.2345221521283], [-79.7390886368399, 43.2347721925301], [-79.7389532988154, 43.2350844273393], [-79.7387844121605, 43.2354014138597], [-79.7387069978535, 43.2355618214633], [-79.7384765450518, 43.235971916689], [-79.7385893498882, 43.235999609021], [-79.738369015341, 43.2365231292023], [-79.7383009961492, 43.2366800418959], [-79.7382216432941, 43.2368631048789], [-79.7381467332937, 43.2370359155769], [-79.7379976423169, 43.2370019802898], [-79.7379635005984, 43.2371378788706], [-79.7379293637952, 43.2372737702884], [-79.7378952268334, 43.237409661691], [-79.7378610953073, 43.2375455207236], [-79.737826131661, 43.2376846914485], [-79.7377879463682, 43.2377727742592], [-79.7376612906548, 43.2380649293205], [-79.7375538126693, 43.238040468084], [-79.7374703454124, 43.2383238104703], [-79.7373868723527, 43.2386071563189], [-79.7373277157613, 43.238807968959], [-79.7373201396688, 43.2388942779195], [-79.7371460897668, 43.2392933337142], [-79.7369458887645, 43.2395370704942], [-79.7367289614515, 43.2399457444454], [-79.7362956115266, 43.2406267025381], [-79.7340040312664, 43.2400740754206], [-79.7334808052446, 43.2399546524946], [-79.7323879311058, 43.2396944232069], [-79.7323717363503, 43.2397315406687], [-79.7314666164759, 43.2395160072701], [-79.7310081523814, 43.2393304881294], [-79.7304220512591, 43.2391899456607], [-79.73011632986, 43.2391161541096], [-79.7296206536754, 43.2389965115285], [-79.7295512812467, 43.2389797705032], [-79.7292783835381, 43.2388862538855], [-79.7292090487779, 43.2388624967075], [-79.7288385893656, 43.2388077457065], [-79.7287648990812, 43.2387899477056], [-79.7286234644449, 43.2387557971532], [-79.7280367819008, 43.2386141302362], [-79.7277613212263, 43.238547613226], [-79.726787643057, 43.2383124786611], [-79.7260422342682, 43.2381324651856], [-79.7258362723205, 43.2380105470558], [-79.7253729688688, 43.2378987745058], [-79.7247527580839, 43.2378704772914], [-79.722696436041, 43.2373743421713], [-79.7211850421628, 43.2370096507609], [-79.7210183180019, 43.2369694235164], [-79.7209196924456, 43.2369456219309], [-79.7202052583397, 43.2367732212984], [-79.7192253890712, 43.2365367644762], [-79.7189600436304, 43.2364727275456], [-79.718278093377, 43.2363081524793], [-79.7182436356585, 43.2362998387217], [-79.717931865229, 43.2362245961275], [-79.7177537103577, 43.2361815994595], [-79.7174829125987, 43.2361162481442], [-79.7172691295597, 43.2360646498608], [-79.7164868901442, 43.2358758624451], [-79.7159169182057, 43.2357377570169], [-79.7155701029396, 43.2356545507089], [-79.7148636830505, 43.2354695606779], [-79.7133533558898, 43.2351049308325], [-79.7127148750168, 43.2349652301717], [-79.711881152883, 43.2347639385931], [-79.7118717530772, 43.2347847809799], [-79.7118529534459, 43.2348264657507], [-79.7116869817061, 43.2347864062648], [-79.7109372866746, 43.2346054248466], [-79.709581962809, 43.2344167278068], [-79.7093278544681, 43.2343524720388], [-79.7089365512737, 43.234225726947], [-79.7082424953014, 43.2339716110969], [-79.7076699881471, 43.2338021054161], [-79.7058292001094, 43.2333462310055], [-79.7055998890914, 43.233270701854], [-79.7047449548805, 43.2330639567812], [-79.7015659512276, 43.2322951354014], [-79.7004571856028, 43.23203339047], [-79.6948584601796, 43.2305320239508], [-79.6913619053696, 43.2298261261764], [-79.686646079454, 43.2286851180801], [-79.6864107708492, 43.2286281579801], [-79.6839289770593, 43.2280276585706], [-79.6813041198839, 43.227582917313], [-79.6810985973521, 43.2275494683697], [-79.6808169904126, 43.2272492867763], [-79.6808291052207, 43.2272218661802], [-79.6803674630205, 43.2271118727628], [-79.6787884248853, 43.226729661211], [-79.6780914864742, 43.2266129424485], [-79.6762658298567, 43.2261709907172], [-79.6755087011075, 43.2259872192765], [-79.6745291976741, 43.2257502937074], [-79.6745103462773, 43.2257919645623], [-79.6730677965341, 43.2254429949645], [-79.6730866831858, 43.2254013283571], [-79.6730602295708, 43.2253949307742], [-79.6720939739509, 43.2251611626747], [-79.6710217882495, 43.2249017622723], [-79.6710300727924, 43.2248822645598], [-79.6706719021457, 43.2247952945891], [-79.6701902412197, 43.2246759825904], [-79.669710545861, 43.2245525105455], [-79.669232883274, 43.2244248957571], [-79.6690335909025, 43.2243707919813], [-79.6688346671262, 43.2243159679559], [-79.6686361168139, 43.2242604250233], [-79.6686483434918, 43.2242315941952], [-79.6685886794731, 43.2242297147159], [-79.6683534322267, 43.2241701392664], [-79.6669829603316, 43.2237641478316], [-79.6664871864138, 43.2236043365912], [-79.6658574909419, 43.2234501063657], [-79.6657374422014, 43.2234186127513], [-79.6655308710607, 43.2233640449402], [-79.6653236436592, 43.2233108248832], [-79.6651157764361, 43.2232589568015], [-79.6650762720849, 43.2232492697792], [-79.6650367454131, 43.2232396315882], [-79.6649971965335, 43.2232300422559], [-79.6645814393349, 43.2231304298052], [-79.6641632874237, 43.2230363322623], [-79.663742877548, 43.2229477803961], [-79.6633912744112, 43.2228786655073], [-79.6612331177538, 43.2224676121371], [-79.6603489521345, 43.2222852104931], [-79.6594137344553, 43.2220782280822], [-79.6588006622424, 43.2219293080565], [-79.6581227860386, 43.2217587005647], [-79.6567208786541, 43.2213963830449], [-79.656650142022, 43.2213780942226], [-79.6560351651238, 43.221179522651], [-79.6557182572667, 43.2211028948128], [-79.655080186607, 43.2209486130766], [-79.6548114360265, 43.2208836290939], [-79.6539206997983, 43.2206682490639], [-79.6514459586257, 43.2200182392054], [-79.6514458888199, 43.2200182221742], [-79.6514458190142, 43.2200182051429], [-79.6514457492283, 43.2200181872114], [-79.6514456794225, 43.2200181701802], [-79.6514456096167, 43.2200181531489], [-79.651445539811, 43.2200181361177], [-79.6514454700052, 43.2200181190864], [-79.6514454002193, 43.220018101155], [-79.6514453291826, 43.2200180841092], [-79.6514452593769, 43.2200180670779], [-79.6514451895711, 43.2200180500467], [-79.6514451197654, 43.2200180330154], [-79.6514450499596, 43.2200180159842], [-79.6514449801737, 43.2200179980527], [-79.651444910368, 43.2200179810215], [-79.6514448405622, 43.2200179639902], [-79.6514447707565, 43.2200179469589], [-79.6514447009507, 43.2200179299277], [-79.651444631145, 43.2200179128965], [-79.6514445613392, 43.2200178958652], [-79.6514444903025, 43.2200178788194], [-79.6514444204968, 43.2200178617882], [-79.651444350691, 43.2200178447569], [-79.6514442808853, 43.2200178277257], [-79.6514442110994, 43.2200178097942], [-79.6514441412936, 43.2200177927629], [-79.6514440714878, 43.2200177757317], [-79.6514440016821, 43.2200177587004], [-79.6514439318763, 43.2200177416692], [-79.6514438620706, 43.2200177246379], [-79.6514437910339, 43.2200177075921], [-79.6514437212281, 43.2200176905609], [-79.6514436514224, 43.2200176735296], [-79.6514435816167, 43.2200176564984], [-79.6514435118109, 43.2200176394671], [-79.6514434420051, 43.2200176224359], [-79.6514433721796, 43.2200176063049], [-79.6514433023738, 43.2200175892736], [-79.6514432313371, 43.2200175722278], [-79.6514431615313, 43.2200175551966], [-79.6514430917256, 43.2200175381653], [-79.6514430219198, 43.2200175211341], [-79.6514429521141, 43.2200175041028], [-79.6514428823084, 43.2200174870716], [-79.6514428112717, 43.2200174700258], [-79.6514427414659, 43.2200174529945], [-79.6514426716602, 43.2200174359633], [-79.6514426018346, 43.2200174198323], [-79.6514425320288, 43.220017402801], [-79.6514424622231, 43.2200173857698], [-79.6514423924173, 43.2200173687385], [-79.651430867242, 43.2200145512922], [-79.6514193408368, 43.2200117338301], [-79.6514078143732, 43.2200089190677], [-79.6513962879106, 43.220006104304], [-79.6513847601785, 43.2200032913252], [-79.6513732324277, 43.2200004792454], [-79.6513617046383, 43.219997668965], [-79.6513501755991, 43.219994859569], [-79.6513386453103, 43.2199920510577], [-79.6513271162138, 43.2199892443602], [-79.6513155846566, 43.2199864376324], [-79.6513040542718, 43.2199836336188], [-79.6512925226571, 43.2199808295894], [-79.651280989773, 43.2199780273449], [-79.65126945687, 43.2199752259994], [-79.6512579239285, 43.2199724264532], [-79.6512463897372, 43.2199696277916], [-79.6512348555272, 43.219966830029], [-79.6512233212985, 43.2199640331656], [-79.6512117858001, 43.2199612380869], [-79.6512002490521, 43.2199584438928], [-79.6511887122655, 43.2199556514979], [-79.6511771754601, 43.2199528600022], [-79.651165638636, 43.2199500694055], [-79.6511541005621, 43.2199472796933], [-79.6511425612187, 43.219944491766], [-79.6511310218367, 43.2199417056379], [-79.6511194824557, 43.2199389195087], [-79.6511079418053, 43.2199361351643], [-79.651096401136, 43.2199333517189], [-79.6510848604281, 43.2199305700729], [-79.6510733184903, 43.2199277884112], [-79.6510617752632, 43.2199250094345], [-79.6510502320372, 43.2199222304566], [-79.6510386887725, 43.219919453278], [-79.651027145489, 43.2199166769985], [-79.651015600936, 43.2199139025038], [-79.6510040551531, 43.2199111279934], [-79.6509925093118, 43.2199083561825], [-79.6509809634715, 43.2199055843705], [-79.6509694163617, 43.2199028143433], [-79.6509578692331, 43.2199000452151], [-79.6509463220658, 43.2198972778862], [-79.6509347736687, 43.2198945105417], [-79.6509232239823, 43.2198917458821], [-79.6509116755277, 43.2198889812359], [-79.6509001245727, 43.21988621836], [-79.6508885748299, 43.2198834563977], [-79.6508770238175, 43.2198806962201], [-79.6508654715752, 43.2198779360269], [-79.6508539205054, 43.2198751785477], [-79.6508423669748, 43.2198724210383], [-79.6508308146364, 43.2198696653427], [-79.6508192610484, 43.2198669105317], [-79.6508077062107, 43.2198641566052], [-79.6507961513343, 43.219861404478], [-79.6507845964391, 43.2198586532499], [-79.6507730402744, 43.2198559038066], [-79.6507614840908, 43.2198531552623], [-79.6507499278885, 43.2198504076171], [-79.6507383704365, 43.2198476608564], [-79.6507268117149, 43.2198449158806], [-79.6507152542054, 43.2198421718183], [-79.6507036954264, 43.2198394295408], [-79.6506921353976, 43.2198366881478], [-79.6506805753501, 43.2198339476539], [-79.6506690152837, 43.2198312080591], [-79.6506574539478, 43.219828470249], [-79.6506458925931, 43.219825733338], [-79.6506343299688, 43.2198229982118], [-79.6506227673257, 43.2198202639846], [-79.6506112046638, 43.2198175306566], [-79.6505996407522, 43.219814798213], [-79.650588076802, 43.2198120675688], [-79.650576511602, 43.2198093378091], [-79.6505649463634, 43.2198066098487], [-79.650553379875, 43.2198038827728], [-79.6505418145988, 43.2198011566105], [-79.6505302468419, 43.2197984313183], [-79.6505186802773, 43.2197957078399], [-79.650507112463, 43.219792985246], [-79.6504955433791, 43.2197902644368], [-79.6504839742764, 43.2197875445267], [-79.6504724051548, 43.2197848255158], [-79.6504608347637, 43.2197821082896], [-79.6504492643737, 43.2197793910621], [-79.6504376939251, 43.2197766765343], [-79.6504261222467, 43.2197739619907], [-79.6504145492986, 43.219771249232], [-79.6504029775627, 43.2197685373867], [-79.6503914033263, 43.2197658273118], [-79.650379830302, 43.2197631181504], [-79.650368256028, 43.2197604098736], [-79.6503566817351, 43.2197577024959], [-79.6503451061727, 43.2197549969028], [-79.6503335305914, 43.2197522922089], [-79.6503219537406, 43.2197495892998], [-79.6503103768709, 43.2197468872896], [-79.6502987999824, 43.2197441861786], [-79.6502965375305, 43.2197436579266], [-79.6502942750786, 43.2197431296745], [-79.6502920126466, 43.2197426005221], [-79.6502897501947, 43.2197420722699], [-79.650287487743, 43.2197415440177], [-79.6502852265023, 43.2197410166802], [-79.6502829640505, 43.2197404884279], [-79.6502807015989, 43.2197399601755], [-79.6502784391473, 43.2197394319231], [-79.6502761766758, 43.2197389045709], [-79.6502739142243, 43.2197383763183], [-79.6502716517727, 43.2197378480658], [-79.6502693880705, 43.2197373206989], [-79.6502671255992, 43.2197367933465], [-79.6502648631478, 43.2197362650939], [-79.6502626006766, 43.2197357377414], [-79.6502603382054, 43.2197352103888], [-79.6502580757343, 43.2197346830363], [-79.6502558132632, 43.2197341556836], [-79.6502535495612, 43.2197336283164], [-79.6502512870903, 43.2197331009637], [-79.6502490246193, 43.219732573611], [-79.6502467621483, 43.2197320462582], [-79.6502444984267, 43.219731519791], [-79.6502422359558, 43.2197309924381], [-79.6502399734651, 43.2197304659854], [-79.6502377097635, 43.2197299386179], [-79.6502354472729, 43.2197294121651], [-79.6502331835713, 43.2197288847975], [-79.6502309210807, 43.2197283583446], [-79.6502286585903, 43.2197278318917], [-79.6502263948689, 43.2197273054242], [-79.6502241323785, 43.2197267789712], [-79.6502218686573, 43.2197262525036], [-79.6502196061669, 43.2197257260504], [-79.6502173424458, 43.2197251995828], [-79.6502150787246, 43.2197246731151], [-79.6502128162344, 43.2197241466618], [-79.6502105524935, 43.2197236210942], [-79.6502082900034, 43.2197230946409], [-79.6502060262625, 43.2197225690732], [-79.6502037625416, 43.2197220426052], [-79.6502015000317, 43.219721517052], [-79.6501992363109, 43.219720990584], [-79.6501969725702, 43.2197204650161], [-79.6501947088295, 43.2197199394482], [-79.6501924463198, 43.2197194138948], [-79.6501901825792, 43.2197188883268], [-79.6501879188387, 43.2197183627588], [-79.6501856550982, 43.2197178371907], [-79.6501833913577, 43.2197173116226], [-79.6501811276173, 43.2197167860544], [-79.650178865088, 43.219716261401], [-79.6501766013477, 43.2197157358327], [-79.6501743376074, 43.2197152102644], [-79.6501720738472, 43.2197146855963], [-79.6501698100872, 43.2197141609281], [-79.650167546347, 43.2197136353597], [-79.650165282587, 43.2197131106915], [-79.650163018827, 43.2197125860232], [-79.6501607550671, 43.2197120613548], [-79.6501584900962, 43.2197115357717], [-79.6501562263364, 43.2197110111033], [-79.6501539625765, 43.2197104864348], [-79.6501516987969, 43.2197099626665], [-79.6501494350372, 43.2197094379979], [-79.6501471712775, 43.2197089133293], [-79.6501449075179, 43.2197083886607], [-79.6501426425075, 43.2197078648777], [-79.6501403787479, 43.2197073402089], [-79.6501381149685, 43.2197068164404], [-79.6501358512091, 43.2197062917715], [-79.6501335861988, 43.2197057679884], [-79.6501313224196, 43.2197052442197], [-79.6501290586403, 43.2197047204509], [-79.6501267936501, 43.2197041957674], [-79.650124529871, 43.2197036719986], [-79.6501222648609, 43.2197031482152], [-79.650120001062, 43.2197026253465], [-79.6501177360521, 43.219702101563], [-79.6501154722731, 43.219701577794], [-79.6501132072632, 43.2197010540104], [-79.6501109434644, 43.2197005311416], [-79.6501086784547, 43.2197000073579], [-79.6501064146758, 43.2196994835887], [-79.6501041496463, 43.2196989607052], [-79.6501018858476, 43.2196984378362], [-79.650099620838, 43.2196979140523], [-79.6500973558086, 43.2196973911687], [-79.6500950920101, 43.2196968682995], [-79.6500928269807, 43.2196963454157], [-79.6500905619514, 43.2196958225319], [-79.650088298153, 43.2196952996626], [-79.6500860331237, 43.2196947767787], [-79.6500837680945, 43.2196942538948], [-79.6500815030654, 43.2196937310108], [-79.6500792392473, 43.2196932090416], [-79.6500769742182, 43.2196926861575], [-79.6500747091693, 43.2196921641736], [-79.6500935059566, 43.2196452623196], [-79.649291303585, 43.2194550170323], [-79.6487545272141, 43.2193956482435], [-79.6483795784233, 43.2193144679661], [-79.6480041056227, 43.2192345949354], [-79.6476281173273, 43.2191560309622], [-79.6473140963312, 43.2190908957152], [-79.6471135763056, 43.2190487333988], [-79.6469134839957, 43.2190054982482], [-79.6467138301354, 43.2189611925832], [-79.6463948598457, 43.2188911833059], [-79.6471831061417, 43.2169155927126], [-79.6474259509143, 43.2163198044753], [-79.6477511826107, 43.2154947225064], [-79.64796783563, 43.2149685223511], [-79.6480897490447, 43.214997316568], [-79.6496456308276, 43.2153324009696], [-79.6498236774955, 43.2153709173252], [-79.6505524821435, 43.2155285545515], [-79.6505557953797, 43.2155292716853], [-79.652081075364, 43.2158593236646], [-79.6521990926322, 43.2158848547506], [-79.6522172160039, 43.2158418453668], [-79.652654348987, 43.2159364198664], [-79.6526755496494, 43.215884982343], [-79.6526984724059, 43.2158293635575], [-79.6527144639686, 43.2157905611413], [-79.6527307103735, 43.2157511431087], [-79.6527464508231, 43.2157129518427], [-79.6527624423233, 43.2156741494182], [-79.6527784375744, 43.2156353434334], [-79.652794426591, 43.2155965400741], [-79.6528173503364, 43.2155409221738], [-79.6528402546647, 43.2154853454609], [-79.6528562330999, 43.2154465716824], [-79.6528722126858, 43.2154078006162], [-79.6528881923301, 43.2153690259465], [-79.6529041694721, 43.2153302521451], [-79.6529201514572, 43.2152914810997], [-79.6529361298082, 43.2152527064071], [-79.6529590351257, 43.2151971305795], [-79.6529844701789, 43.2151354136912], [-79.6529979161301, 43.2151027836149], [-79.6530144482016, 43.2150626755475], [-79.6530298762815, 43.2150252351438], [-79.6530467906441, 43.2149842013987], [-79.6530618387518, 43.2149476893914], [-79.6530778168192, 43.2149089191755], [-79.6531007218921, 43.2148533424126], [-79.6531236256715, 43.2147977665297], [-79.6531396037377, 43.2147589927022], [-79.6531555829743, 43.2147202206869], [-79.6531715622297, 43.2146814468684], [-79.6531875390225, 43.2146426721179], [-79.6532009493791, 43.2146101388453], [-79.6532194973699, 43.2145651271678], [-79.6532424021584, 43.21450955127], [-79.6532679692605, 43.214447513501], [-79.6532812835748, 43.2144152005999], [-79.6532972650489, 43.2143764303895], [-79.6533132466012, 43.2143376556753], [-79.6533292232095, 43.2142988809004], [-79.6533452021793, 43.2142601097525], [-79.6533611811877, 43.2142213359013], [-79.6533840857118, 43.2141657599684], [-79.6534053827334, 43.2141140821039], [-79.6534172427986, 43.2140852998744], [-79.6534896016015, 43.2141016179839], [-79.6535601179208, 43.2141175226594], [-79.6536210397036, 43.2141312622106], [-79.6537011555956, 43.2141493319394], [-79.6537716720873, 43.2141652337852], [-79.6538421898078, 43.2141811374029], [-79.6539111039571, 43.2141966799314], [-79.6539997317357, 43.2142166676474], [-79.65408675231, 43.2142362924079], [-79.6541572689679, 43.2142521958188], [-79.654227785703, 43.2142680973863], [-79.6542982974733, 43.2142840024537], [-79.6543688142837, 43.2142999039351], [-79.6544393323625, 43.2143158053879], [-79.6546004816027, 43.2143521471326], [-79.6547683386293, 43.2139539644434], [-79.654787202257, 43.2139302619858], [-79.6548009216489, 43.2139047377284], [-79.6549113118673, 43.2136422292178]]]}, "properties": {"id": "hamilton-employment-land-13", "name": "Employment Lands", "layer": "land", "categories": ["EMPLOYMENT LAND"], "freshness": "UPDATED ANNUALLY", "source": {"name": "City of Hamilton Open Data", "url": "https://services.arcgis.com/rYz782eMbySr2srL/arcgis/rest/services/Employment_Lands/FeatureServer/2", "license": "City of Hamilton Open Data Licence", "license_url": "https://www.hamilton.ca/city-initiatives/strategies-actions/open-data-licence-terms-and-conditions", "attribution": "Contains information licensed under the City of Hamilton Open Data Licence", "dataset": "Employment Lands", "source_id": "13", "source_modified": "2026-08-02T18:37:30.774Z", "retrieved_at": "2026-08-19"}, "attributes": {"OBJECTID": 13, "AREA_NAME": "Stoney Creek", "CATEGORY": " Business Park", "AREA_HECTARES": 714.478, "COMMENTS": null, "Shape__Area": 7046094.911621094, "Shape__Length": 18551.73745234618}}}, {"type": "Feature", "geometry": {"type": "MultiPolygon", "coordinates": [[[[-79.7961241093434, 43.2972769354929], [-79.7964927745683, 43.2966216618499], [-79.7969573071549, 43.2970236035241], [-79.7973059436787, 43.2972030966501], [-79.7976467935581, 43.2974002826327], [-79.7970159760739, 43.2977352447326], [-79.7930072139128, 43.299863717947], [-79.7928445799511, 43.2997474255697], [-79.7941476951229, 43.2991554562797], [-79.7943770252337, 43.2988774334693], [-79.7942144966509, 43.2982145297332], [-79.7953444835733, 43.2978942553265], [-79.7961241093434, 43.2972769354929]]], [[[-79.7733694110826, 43.2575607920777], [-79.7732287746871, 43.2570588682099], [-79.7731254125324, 43.2570577595382], [-79.7731327279055, 43.2566934380474], [-79.772992958668, 43.2566196861746], [-79.772915146615, 43.2564862989364], [-79.7744038426145, 43.2530624622351], [-79.7757342100829, 43.2501267181891], [-79.776808345864, 43.2503932132549], [-79.7767559411829, 43.250502576058], [-79.7766634771255, 43.250711328701], [-79.7766403570992, 43.2507635276113], [-79.7763206128557, 43.2514803680327], [-79.776295353614, 43.2515369994378], [-79.7762042275328, 43.2517412781086], [-79.7761274222521, 43.2519134771987], [-79.7760110353862, 43.2521743798366], [-79.7758881271975, 43.2524499106983], [-79.7756961481933, 43.2528802766274], [-79.775661883325, 43.2529570942575], [-79.7755454971033, 43.2532180071826], [-79.7754686832432, 43.2533901984868], [-79.7753525355859, 43.2536511713774], [-79.7752146993945, 43.2539608498795], [-79.7751667927539, 43.2540684852474], [-79.7750913565656, 43.2542379680446], [-79.7750806904778, 43.2542619329118], [-79.7748929724683, 43.2546836832934], [-79.7748771298465, 43.2546925181607], [-79.77488798247, 43.2546948963498], [-79.7748276177855, 43.2548305175581], [-79.7748113165345, 43.2548671391744], [-79.7748458525402, 43.2548746659338], [-79.774737848213, 43.2551374434237], [-79.7746951478478, 43.2551281363123], [-79.7746370680506, 43.2552586348808], [-79.7750075809268, 43.2553393765544], [-79.7749805798545, 43.2554050727717], [-79.7749535787227, 43.2554707689812], [-79.77493846213, 43.2555075329655], [-79.7749333797742, 43.255519908422], [-79.7748833873512, 43.2556415287906], [-79.7748751216292, 43.2556616428811], [-79.7748153603424, 43.2558070566759], [-79.7747764847499, 43.2559016455297], [-79.7747376090341, 43.2559962343673], [-79.774683605423, 43.2561276374409], [-79.7746566086356, 43.2561933300161], [-79.7746296070061, 43.2562590153286], [-79.7748406293043, 43.2563050524474], [-79.774797263793, 43.2563900699869], [-79.7747538932319, 43.2564750874544], [-79.7745523889998, 43.2564311259523], [-79.7744875304876, 43.2565887095286], [-79.7744442945736, 43.2566937652562], [-79.7744010632895, 43.2567988282186], [-79.7743578222159, 43.2569038802523], [-79.7743151295392, 43.257007627081], [-79.774275674763, 43.2571034953872], [-79.774255641756, 43.2571521682348], [-79.7744012704199, 43.2572290032763], [-79.7745819775504, 43.2573294024919], [-79.7745420448452, 43.2574265047916], [-79.7745159935966, 43.2574310124928], [-79.7734288907406, 43.2576229238513], [-79.7733694110826, 43.2575607920777]]], [[[-79.7904426760317, 43.2847458883252], [-79.7871625273793, 43.277932625923], [-79.7855613003598, 43.2762286889004], [-79.77803729293, 43.2684913235646], [-79.7773722600958, 43.2679707308738], [-79.7776067179893, 43.2678508030735], [-79.7777513979665, 43.2677767651512], [-79.7789258785475, 43.2671757216642], [-79.7809296471496, 43.2687799064235], [-79.7811398777487, 43.2686723393241], [-79.7861026018206, 43.2724805188236], [-79.7866299584942, 43.2730730365001], [-79.7922875242979, 43.2796445900893], [-79.7936449637952, 43.2827556289668], [-79.7936390651575, 43.2828022713985], [-79.7936552216615, 43.2828204508524], [-79.7936776018466, 43.2828304252952], [-79.7940767000971, 43.2837450315271], [-79.7936253621883, 43.2838705005477], [-79.7935629631751, 43.2838839920585], [-79.7934458397211, 43.2839167936194], [-79.7933371953396, 43.2839446419867], [-79.7932234358511, 43.2839444322257], [-79.7931685444125, 43.2839528575534], [-79.7930999706193, 43.2839551054459], [-79.7930547693012, 43.2839596709843], [-79.7930026632157, 43.2839581306096], [-79.792966342935, 43.283961981231], [-79.7929253682491, 43.2839626068247], [-79.7929227757126, 43.2839641903716], [-79.7929204541661, 43.2839642865306], [-79.792873637006, 43.2839757684233], [-79.7928474185839, 43.2839864772137], [-79.7928169498485, 43.2840002026727], [-79.792781123515, 43.2840168430644], [-79.7927450564228, 43.2840394238858], [-79.7927143508302, 43.2840651228271], [-79.7926783014905, 43.2840868033627], [-79.7926382657027, 43.2841043897708], [-79.792523818901, 43.2841451426169], [-79.7924635401883, 43.284166130562], [-79.7918017007386, 43.2843560085354], [-79.7917607066836, 43.2843652580341], [-79.7916574044452, 43.2843971232239], [-79.7916527193725, 43.2843987494666], [-79.7910163375705, 43.2845813172388], [-79.7909839963468, 43.2845871155468], [-79.7909187848705, 43.2846093030589], [-79.7904426760317, 43.2847458883252]]], [[[-79.8074223244751, 43.2725063598355], [-79.8072424803727, 43.2724670183881], [-79.8044334709333, 43.2793231038742], [-79.80400266171, 43.2803744742035], [-79.8035909714649, 43.280280304148], [-79.7968508956341, 43.2787383318613], [-79.7963110446255, 43.2778644224169], [-79.7948636683994, 43.2755212809881], [-79.794177099773, 43.2749992240546], [-79.7924191370874, 43.2736624337086], [-79.7922999369857, 43.2735719005577], [-79.7890344522901, 43.2710938662218], [-79.7874477647961, 43.2698910753278], [-79.7866967589475, 43.2693201085172], [-79.7856290476433, 43.2691016727196], [-79.7856031727551, 43.2690953649498], [-79.7851111737942, 43.2689820855306], [-79.7846191767014, 43.2688688040146], [-79.7846586834353, 43.2687411792577], [-79.7845283067456, 43.2686857665696], [-79.7844209368413, 43.2686445552886], [-79.7843317675479, 43.2685866088226], [-79.784209407342, 43.2685432570141], [-79.7841507969533, 43.268528676942], [-79.7840415544373, 43.2685134685194], [-79.7839202140711, 43.2684931788671], [-79.7838153347588, 43.2684630690826], [-79.7837100969895, 43.2684509644708], [-79.783651253224, 43.2684543006962], [-79.7836181815619, 43.2685990121266], [-79.7835430874387, 43.2685892089342], [-79.7835281155845, 43.2684500195962], [-79.7833870947051, 43.2684465386397], [-79.7832437862278, 43.2684279955908], [-79.7831441899175, 43.2684048748891], [-79.7830602467028, 43.2684990697177], [-79.7830483063583, 43.2685479273714], [-79.7829688837762, 43.2685451012884], [-79.7829746672506, 43.2684651124665], [-79.7829889591892, 43.2684342889227], [-79.7830100909305, 43.2684065096532], [-79.7830477279884, 43.2683728729555], [-79.7830673615913, 43.2683460682343], [-79.7830668046491, 43.2683059921036], [-79.7830157521081, 43.2682584452001], [-79.7829067095132, 43.2682332427809], [-79.7828215473593, 43.2682463836018], [-79.7827346711623, 43.2682775151981], [-79.7826720472744, 43.2682943174995], [-79.7824281738332, 43.2684032878777], [-79.7822934544662, 43.2684298577733], [-79.7822484649912, 43.2684243362369], [-79.7821851111854, 43.268443741816], [-79.782125566127, 43.268476064408], [-79.7820678339563, 43.2684854446964], [-79.7820356391965, 43.268487127885], [-79.7820034444351, 43.2684888110645], [-79.7819444773628, 43.2684921450982], [-79.78190486724, 43.2684887517589], [-79.7818586382059, 43.2684712408297], [-79.7818391123646, 43.2684555450611], [-79.7818195865333, 43.2684398492893], [-79.781807687037, 43.2684186519265], [-79.7817009576306, 43.2682774945188], [-79.7816478261759, 43.2683148844995], [-79.7816482572211, 43.2681966027491], [-79.7820114773732, 43.268007276162], [-79.7827150239594, 43.2676405463836], [-79.7829198788136, 43.2676266578456], [-79.7831841004504, 43.2675519634601], [-79.7838654683957, 43.2671807260503], [-79.784369619572, 43.2668920268439], [-79.7842588731072, 43.2668357662409], [-79.7853608798665, 43.2662612832946], [-79.785786261149, 43.2659771304549], [-79.7859377329442, 43.265848184188], [-79.7855591107776, 43.2658165251593], [-79.7848177248612, 43.2653763056093], [-79.7849127331289, 43.2651251543919], [-79.7849966713019, 43.2648555846487], [-79.7850668340226, 43.2645813302135], [-79.7850954711141, 43.2643811922917], [-79.7845245338749, 43.264246065996], [-79.7841883118275, 43.2641385709935], [-79.7832477272722, 43.2638378479621], [-79.7832749172067, 43.2636862097852], [-79.7832551539297, 43.2636199520877], [-79.7832536352298, 43.2635769959454], [-79.7832884881789, 43.2634472284831], [-79.7833106231262, 43.2634078340323], [-79.7833805712738, 43.2633461396553], [-79.7834576044388, 43.2633162859377], [-79.7834878008131, 43.2632881005134], [-79.7835199797051, 43.2632567566607], [-79.7835021876786, 43.2632102984569], [-79.7834917078552, 43.2631968413529], [-79.7834160472034, 43.2631601993985], [-79.7833271008811, 43.2631080813233], [-79.7832145557141, 43.2630433542841], [-79.7831452434897, 43.2630156095475], [-79.7831155371335, 43.2630093603996], [-79.7830902955674, 43.2630167394072], [-79.783062558781, 43.2630437334822], [-79.7830378869175, 43.2631206678702], [-79.7830269531294, 43.2631839354499], [-79.7830115059286, 43.2632838224244], [-79.7830045325656, 43.2634084819255], [-79.782990222856, 43.2634619058242], [-79.7829559341865, 43.263492197857], [-79.7829313704377, 43.2634917662928], [-79.7828859700889, 43.2634909671227], [-79.7828600850323, 43.2634836330038], [-79.7828298517806, 43.2634750631057], [-79.7810083040121, 43.263083336798], [-79.7808642491692, 43.2630523556376], [-79.780412974871, 43.2629553020308], [-79.7801833920916, 43.2628305864195], [-79.7801871798029, 43.2625642605696], [-79.7799948094906, 43.2621426841674], [-79.7800093592409, 43.2616792896575], [-79.7797978594344, 43.2615578339829], [-79.7795907246713, 43.2617791016404], [-79.7790345539329, 43.2618779068096], [-79.7787754943939, 43.2617936021689], [-79.7786795150623, 43.26156226527], [-79.7786543790572, 43.2615678804362], [-79.7787220808315, 43.2620071447205], [-79.7784945654428, 43.2622479397229], [-79.7780303331127, 43.2625810035599], [-79.7775840625264, 43.2627300820422], [-79.7771692528378, 43.262793553936], [-79.7766286278017, 43.2627277339535], [-79.7760521723783, 43.2626059780437], [-79.7757711743759, 43.2624867814408], [-79.7751896353067, 43.2625560342665], [-79.774734310297, 43.2624539407672], [-79.7740157743107, 43.2620924065289], [-79.7734884771039, 43.2621743387221], [-79.7733400729221, 43.2623963382361], [-79.7733371077204, 43.261834498292], [-79.7734078530634, 43.2616896948738], [-79.7734721014995, 43.2615432837608], [-79.7735297846747, 43.2613954191093], [-79.7735808403238, 43.2612462587415], [-79.7736252147706, 43.2610959623716], [-79.7736628605538, 43.2609446870783], [-79.7736937387098, 43.2607925963332], [-79.7744964282771, 43.2595803050305], [-79.7745680910105, 43.2594778815812], [-79.7746458360416, 43.2593778572265], [-79.7747295153684, 43.2592804230659], [-79.774818967461, 43.2591857691532], [-79.7749140186738, 43.259094075507], [-79.775014485529, 43.25900552114], [-79.7751201761107, 43.2589202759696], [-79.7752233092135, 43.2588441006139], [-79.7753463985312, 43.2587603652091], [-79.7754664942418, 43.258686006478], [-79.7755909413502, 43.2586155742635], [-79.7757194993933, 43.2585492028467], [-79.7758519194159, 43.2584870201155], [-79.7759879476655, 43.2584291476039], [-79.7761273207735, 43.2583756950379], [-79.7778574406002, 43.257745118552], [-79.7781071301205, 43.2576569645077], [-79.7783598055946, 43.2575734791544], [-79.7786153021673, 43.2574947147393], [-79.7786865900182, 43.2576230903324], [-79.7787141463077, 43.2576727115286], [-79.7787180064704, 43.2576796628421], [-79.7787282728651, 43.2576981516609], [-79.7788203652627, 43.2576717322818], [-79.7790505668254, 43.2576075399338], [-79.7792827481716, 43.2575472726259], [-79.7794201220111, 43.2575142206286], [-79.7797708462986, 43.2566231161101], [-79.7798947221162, 43.256322384217], [-79.7800217467159, 43.2563499838434], [-79.7804243843906, 43.2564383515099], [-79.7804395529999, 43.2564015441344], [-79.7804676890718, 43.2563332762257], [-79.7805109983835, 43.2562282081761], [-79.7805542979763, 43.2561231255971], [-79.7806258072447, 43.2559497650264], [-79.7806709478451, 43.2558403186054], [-79.7807160931348, 43.2557308758161], [-79.7807612334756, 43.2556214257504], [-79.7808063835042, 43.2555119757678], [-79.7808515185148, 43.255402529207], [-79.7808966630696, 43.2552930899315], [-79.7809418028192, 43.2551836361774], [-79.7809869471861, 43.2550741896561], [-79.7810320864605, 43.2549647430604], [-79.7810772304241, 43.2548553000966], [-79.7811223694389, 43.2547458498562], [-79.7811675494257, 43.2546363135887], [-79.7812390550555, 43.2544629561493], [-79.7812841885493, 43.2543535057783], [-79.7813293316591, 43.2542440590914], [-79.7813744696764, 43.2541346123303], [-79.7814196173813, 43.2540251656523], [-79.7814647550671, 43.2539157188475], [-79.7815098925154, 43.2538062756219], [-79.78155503494, 43.2536968216238], [-79.7816001720568, 43.2535873783546], [-79.7816081461258, 43.2535680494604], [-79.7821661118226, 43.2536904161955], [-79.7823374423771, 43.2532730553883], [-79.7823751595174, 43.2531734234226], [-79.7820275408456, 43.2531021061326], [-79.7820539887226, 43.2530212683534], [-79.7820987030015, 43.2529126956141], [-79.7821434121191, 43.2528041264019], [-79.782188121074, 43.2526955571684], [-79.7822328298659, 43.2525869879134], [-79.7822775435652, 43.2524784114873], [-79.7823222288214, 43.2523698941688], [-79.7823222521032, 43.2523698385884], [-79.7823669653332, 43.2522612693216], [-79.7824116784004, 43.2521527000334], [-79.7824563815234, 43.2520441270178], [-79.7825010943366, 43.2519355540857], [-79.782545931465, 43.2518266690983], [-79.7825999155015, 43.2517243251141], [-79.7783691622797, 43.2507618800592], [-79.778414318662, 43.2506451111891], [-79.7786373947546, 43.2501212044548], [-79.7788623787262, 43.2495927982101], [-79.7788981564774, 43.2495087659531], [-79.7796485977175, 43.2496858755045], [-79.781610705138, 43.250142075662], [-79.781647991181, 43.2500440042846], [-79.7816945311097, 43.2499396760369], [-79.7817410758742, 43.2498353442178], [-79.7817876203325, 43.2497310195782], [-79.7818341649154, 43.2496266805116], [-79.7819537232357, 43.2493586775494], [-79.7820111449209, 43.2492299582054], [-79.7820401161111, 43.2491650159967], [-79.7821856778056, 43.2488387167356], [-79.7822351339453, 43.2487518287287], [-79.7807302156361, 43.2484278734544], [-79.7792821930915, 43.2480810694178], [-79.7792435123552, 43.2481620678099], [-79.7791184813078, 43.2484554240602], [-79.7790715979978, 43.2485654349014], [-79.7790247095169, 43.2486754492677], [-79.7789915708404, 43.2487532020487], [-79.7789778260051, 43.2487854528601], [-79.7789309421767, 43.2488954636313], [-79.7788840533211, 43.2490054707254], [-79.7788371641486, 43.2491154849984], [-79.7787824683101, 43.2492438248386], [-79.778727767238, 43.2493721681956], [-79.7777545952685, 43.2491430485666], [-79.776405929213, 43.2488255099423], [-79.7762987283148, 43.2488045620457], [-79.7768317338349, 43.247535782563], [-79.7718034904798, 43.246396764098], [-79.7717623082742, 43.2464885899203], [-79.7715963435314, 43.2468810421432], [-79.7702889447497, 43.2465868001923], [-79.7704549001958, 43.2461944506099], [-79.7704996016849, 43.2461011764316], [-79.7704959077242, 43.2460142128952], [-79.7703162837371, 43.2459728959266], [-79.7703309707369, 43.2459386419532], [-79.7705709165255, 43.2453790910788], [-79.7708101082885, 43.2448212856298], [-79.770877491439, 43.2446641523684], [-79.7710560703914, 43.244706303661], [-79.7717675596171, 43.2448742201578], [-79.772886405847, 43.2451382778429], [-79.7729311424314, 43.245033519535], [-79.774848089308, 43.2454858881601], [-79.7771388837699, 43.2460264149014], [-79.7774293667436, 43.2460685747783], [-79.7775793838152, 43.245756911765], [-79.7788752164787, 43.2427859967734], [-79.779517516137, 43.2429334847279], [-79.786327458231, 43.2444181118039], [-79.7883674545325, 43.2448856210745], [-79.7875568368921, 43.247008501628], [-79.787673638289, 43.2470332821341], [-79.7878180189366, 43.2470633820579], [-79.7879623898065, 43.2470934852977], [-79.7881067708175, 43.247123581259], [-79.7882150075706, 43.2471461444871], [-79.7882511518317, 43.2471536842418], [-79.7883233424293, 43.2471687338648], [-79.7883955330633, 43.2471837834427], [-79.7885399145122, 43.2472138788619], [-79.7886842861834, 43.2472439775971], [-79.7888286727077, 43.2472740799092], [-79.7889730447421, 43.2473041746819], [-79.7891174267036, 43.2473342729793], [-79.7892618038135, 43.247364374645], [-79.7894061811406, 43.2473944725288], [-79.7895505636113, 43.247424566683], [-79.7896949411591, 43.2474546678065], [-79.7898468805989, 43.2474863399109], [-79.7897873972052, 43.2476295243945], [-79.7929549289507, 43.2470879412621], [-79.7930946383056, 43.2470640478292], [-79.7930734743251, 43.2471141636853], [-79.7930523103092, 43.2471642795366], [-79.7947811166581, 43.2468686814844], [-79.7943690837238, 43.2478415191992], [-79.7957840230454, 43.2481666610737], [-79.7960715384127, 43.2482300769009], [-79.7961653631887, 43.2482523719538], [-79.7961314442589, 43.2483305816607], [-79.7960318201742, 43.2485604103137], [-79.7954367302281, 43.2500038808829], [-79.7963491395004, 43.2502204363145], [-79.7972417965967, 43.2504305825206], [-79.7981874536705, 43.2506535698923], [-79.7991944787276, 43.2508915335058], [-79.8004957570082, 43.2512008093079], [-79.8014591463904, 43.2514231613813], [-79.8018834387632, 43.2504355028181], [-79.8053296247071, 43.2512306716183], [-79.8032671346031, 43.2560726465783], [-79.8117405668022, 43.2558857693974], [-79.8118000340059, 43.2556904613415], [-79.8118432840049, 43.2555846351425], [-79.8118694595538, 43.2555205856351], [-79.8119239057101, 43.2553873721576], [-79.8119609723473, 43.255296674184], [-79.8119980076303, 43.255206062315], [-79.8120248609593, 43.2551403377544], [-79.8120581868001, 43.2550587783461], [-79.8121475042237, 43.2550798005535], [-79.8122549254641, 43.2548169382216], [-79.8124487961256, 43.254862558582], [-79.8125239109148, 43.2546789681339], [-79.8125956323174, 43.2545036266044], [-79.8126108745208, 43.2544977661844], [-79.8126741736969, 43.254512643299], [-79.812910029731, 43.2545680958715], [-79.8145751915388, 43.2549595703225], [-79.8146950367325, 43.254996388479], [-79.8148590509617, 43.2545779259124], [-79.8149781052532, 43.2546061380176], [-79.8178294794255, 43.2551562710376], [-79.8177995230085, 43.2552240890744], [-79.8177830214795, 43.255261435146], [-79.8180069782004, 43.2553108328136], [-79.8181124869702, 43.2553356303164], [-79.8181945132484, 43.2553550173738], [-79.8182329840954, 43.2552474780136], [-79.8184004985127, 43.2548746159337], [-79.8190280269067, 43.2544283679281], [-79.8194504301932, 43.2540922161961], [-79.8201263635839, 43.2535542935964], [-79.8201272715618, 43.25355652439], [-79.8201281882311, 43.2535587516715], [-79.8201291135744, 43.2535609763411], [-79.8201300463253, 43.2535632001867], [-79.820130986501, 43.2535654223079], [-79.8201319341018, 43.2535676427047], [-79.8201328903591, 43.25356986139], [-79.8201338540588, 43.2535720774506], [-79.820134825166, 43.2535742926872], [-79.8201358049472, 43.2535765053119], [-79.8201367921534, 43.2535787162122], [-79.8201377867845, 43.2535809253882], [-79.8201387900723, 43.2535831328526], [-79.820139800785, 43.2535853385927], [-79.82014081894, 43.2535875417081], [-79.8201418445026, 43.2535897439995], [-79.8201428775075, 43.2535919436663], [-79.820143919169, 43.2535941416214], [-79.8201449682729, 43.253596336952], [-79.8201460260334, 43.2535985305709], [-79.8201470899871, 43.2536007224528], [-79.8201481625976, 43.253602912623], [-79.8201492426503, 43.2536051001686], [-79.820150330128, 43.2536072859899], [-79.8201514250306, 43.2536094700869], [-79.8201525286073, 43.2536116515719], [-79.8201536396263, 43.2536138304323], [-79.8201547580528, 43.2536160084688], [-79.8201558839218, 43.2536181838805], [-79.820157017233, 43.2536203566677], [-79.8201581579692, 43.2536225277305], [-79.820159307362, 43.2536246970816], [-79.8201604641973, 43.2536268638082], [-79.8201616284574, 43.2536290288104], [-79.8201628001599, 43.2536311911881], [-79.8201639793047, 43.2536333509411], [-79.8201651658745, 43.2536355089697], [-79.8201663611183, 43.2536376643865], [-79.8201675625554, 43.2536398180662], [-79.8201687726665, 43.2536419691339], [-79.8201699902026, 43.2536441184774], [-79.820171215181, 43.2536462651963], [-79.8201724476018, 43.2536484092905], [-79.8201736874476, 43.2536505516604], [-79.8201749347356, 43.2536526914056], [-79.8201761894661, 43.2536548285263], [-79.8201774516389, 43.2536569630223], [-79.8201787212366, 43.253659095794], [-79.8201799995084, 43.2536612259538], [-79.8201812839909, 43.2536633534762], [-79.8201825758983, 43.2536654792744], [-79.8201838764798, 43.2536676024605], [-79.8201851832719, 43.2536697230094], [-79.8201864987381, 43.2536718409464], [-79.820187820415, 43.253673956246], [-79.8201891507658, 43.2536760689337], [-79.82019048731, 43.2536781798844], [-79.8201918325282, 43.2536802882232], [-79.8201931839745, 43.2536823930243], [-79.8201945428458, 43.2536844961011], [-79.820195910391, 43.253686596566], [-79.820197284147, 43.2536886943936], [-79.8201986653453, 43.2536907895966], [-79.820200053986, 43.2536928821748], [-79.8202014513007, 43.2536949721413], [-79.8202028548261, 43.2536970594703], [-79.8202042657939, 43.2536991441748], [-79.8202056829723, 43.2537012262419], [-79.8202071088248, 43.2537033056971], [-79.8202085421196, 43.2537053825277], [-79.8202099816252, 43.253707456721], [-79.8202114298222, 43.253709527402], [-79.8202128842124, 43.2537115963461], [-79.8202143460624, 43.2537136617651], [-79.8202158153374, 43.2537157254599], [-79.8202172920721, 43.2537177856298], [-79.8202187750175, 43.2537198431623], [-79.820220266637, 43.2537218980829], [-79.8202217644845, 43.2537239494659], [-79.8202232697571, 43.2537259991245], [-79.8202247824893, 43.2537280452583], [-79.820226302664, 43.2537300887674], [-79.8202278290667, 43.2537321287389], [-79.8202293628944, 43.2537341669861], [-79.8202309041818, 43.2537362017083], [-79.8202324529116, 43.253738233806], [-79.8202340091012, 43.2537402623787], [-79.8202355715015, 43.2537422883141], [-79.8202371413441, 43.2537443116248], [-79.8202387186465, 43.2537463314107], [-79.8202403021596, 43.2537483485592], [-79.820241893115, 43.2537503630831], [-79.8202434915302, 43.253752374082], [-79.8202450973878, 43.2537543824564], [-79.8202467094735, 43.2537563872931], [-79.8202483290015, 43.2537583895052], [-79.8202499547402, 43.25376038908], [-79.8202515879387, 43.2537623851299], [-79.8202532285969, 43.2537643776548], [-79.8202548766975, 43.2537663675551], [-79.8202565310088, 43.2537683548181], [-79.8202581927799, 43.2537703385562], [-79.820259860779, 43.2537723187566], [-79.8202615362205, 43.2537742963325], [-79.8202632178901, 43.2537762703707], [-79.8202649070195, 43.253778240884], [-79.8202666035912, 43.2537802087726], [-79.8202683063737, 43.253782174024], [-79.8202700166158, 43.2537841357504], [-79.8202717343178, 43.2537860939519], [-79.8202734570161, 43.253788048603], [-79.8202751883885, 43.2537900006423], [-79.820276925989, 43.2537919491439], [-79.8202786698176, 43.2537938941079], [-79.8202804210886, 43.2537958364473], [-79.820282178605, 43.2537977743488], [-79.8202839435464, 43.2537997105259], [-79.820285715965, 43.2538016422778], [-79.8202874933799, 43.2538035704794], [-79.820289279469, 43.2538054960691], [-79.8202910705544, 43.2538074181084], [-79.8202928703313, 43.2538093366356], [-79.8202946751045, 43.2538112516123], [-79.8202964873202, 43.2538131639645], [-79.8202983057813, 43.2538150718788], [-79.8203001316848, 43.2538169771684], [-79.8203019638164, 43.2538188789204], [-79.8203038034078, 43.2538207771475], [-79.8203056492273, 43.253822671837], [-79.8203075012748, 43.2538245629888], [-79.8203093595504, 43.2538264506031], [-79.8203112252858, 43.2538283346923], [-79.8203130972493, 43.253830215244], [-79.8203149766725, 43.2538320922708], [-79.8203168623238, 43.2538339657599], [-79.8203187541858, 43.2538358366117], [-79.8203206522933, 43.2538377030256], [-79.8203225578606, 43.2538395659145], [-79.8203244696559, 43.2538414252659], [-79.8203263876794, 43.2538432810796], [-79.8203283119483, 43.2538451324554], [-79.8203302436596, 43.2538469812065], [-79.8203321803672, 43.2538488264073], [-79.8203341245521, 43.253850667183], [-79.8203360761793, 43.253852505334], [-79.8203380328203, 43.2538543390343], [-79.8203399969211, 43.2538561692098], [-79.8203419660183, 43.2538579958349], [-79.8203439425753, 43.2538598189351], [-79.8203459253777, 43.2538616375974], [-79.8203479144083, 43.253863452722], [-79.8203499108985, 43.2538652643217], [-79.8203519123852, 43.2538670723711], [-79.8203539201, 43.2538688768829], [-79.820355935292, 43.2538706769694], [-79.820357956712, 43.2538724735183], [-79.8203599831284, 43.2538742665169], [-79.820362017022, 43.2538760550903], [-79.8203640571437, 43.2538778401261], [-79.8203661022618, 43.2538796216115], [-79.820368154857, 43.2538813986717], [-79.8203702136804, 43.2538831721943], [-79.8203722787318, 43.2538849421792], [-79.8203743500287, 43.2538867077262], [-79.8203764275536, 43.2538884697357], [-79.820378510075, 43.2538902281947], [-79.8203806000735, 43.2538919822286], [-79.8203826963175, 43.2538937318245], [-79.8203847975579, 43.2538954778701], [-79.8203869062581, 43.2538972203908], [-79.8203890199721, 43.2538989584608], [-79.8203911399141, 43.2539006929932], [-79.8203932673334, 43.2539024231004], [-79.820395399749, 43.2539041496573], [-79.8203975371784, 43.2539058717635], [-79.8203996820676, 43.2539075903448], [-79.8204018332022, 43.2539093044882], [-79.8204039893506, 43.253911014181], [-79.8204061517272, 43.2539127203361], [-79.8204083203318, 43.2539144229536], [-79.8204104951992, 43.2539161202329], [-79.8204126762774, 43.2539178148749], [-79.8204148623867, 43.2539195041659], [-79.8204170547242, 43.2539211899193], [-79.8204192533071, 43.2539228712348], [-79.820421458118, 43.2539245490127], [-79.8204236679428, 43.2539262223399], [-79.820425884013, 43.2539278912292], [-79.8204281063114, 43.2539295565808], [-79.8204303336409, 43.2539312165816], [-79.8204325671985, 43.2539328730447], [-79.8204348069841, 43.2539345259702], [-79.820437051801, 43.2539361735447], [-79.8204393028459, 43.2539378175817], [-79.8204415601363, 43.2539394571807], [-79.8204438224231, 43.2539410932293], [-79.8204460909728, 43.2539427239398], [-79.8204483645188, 43.2539443510999], [-79.8204506443103, 43.2539459738221], [-79.8204529291156, 43.2539475920936], [-79.8204552213981, 43.25394920594], [-79.8204575174453, 43.2539508162232], [-79.8204598197553, 43.2539524211683], [-79.8204621282934, 43.2539540225758], [-79.8204644418453, 43.2539556195326], [-79.8204667616601, 43.2539572111512], [-79.8204690864712, 43.2539587992195], [-79.8204714162961, 43.2539603828371], [-79.8204737523492, 43.2539619629171], [-79.820476094665, 43.2539635376588], [-79.820478440763, 43.2539651079373], [-79.8204807943381, 43.2539666737905], [-79.8204831516953, 43.2539682351804], [-79.8204853972835, 43.2539697152769], [-79.8204855152806, 43.2539697930326], [-79.8204878851288, 43.2539713455467], [-79.820490258759, 43.2539728935973], [-79.8204926386347, 43.2539744372101], [-79.8204950247385, 43.2539759772852], [-79.8204974158734, 43.2539775120094], [-79.8204998120222, 43.253979042283], [-79.8205022131847, 43.253980568106], [-79.8205046205927, 43.2539820894909], [-79.8205070317827, 43.2539836064126], [-79.8205094504499, 43.2539851189091], [-79.8205118729166, 43.2539866260419], [-79.8205143016114, 43.2539881296371], [-79.8205167341057, 43.2539896278686], [-79.8205191728454, 43.2539911216623], [-79.8205216178132, 43.2539926119182], [-79.8205240665978, 43.2539940959103], [-79.8205265203789, 43.253995576352], [-79.8205289804054, 43.2539970523558], [-79.820531445463, 43.2539985230087], [-79.8205339155345, 43.2539999892109], [-79.8205363906197, 43.2540014509625], [-79.8205388707187, 43.2540029082635], [-79.8205413558314, 43.2540043611138], [-79.8205438459753, 43.2540058086132], [-79.8205463423647, 43.2540072516747], [-79.8205488425362, 43.2540086902728], [-79.8205513477388, 43.25401012352], [-79.8205538591869, 43.2540115523293], [-79.8205563744171, 43.2540129766753], [-79.8205588959101, 43.2540143956829], [-79.8205614211678, 43.2540158111276], [-79.8205639514566, 43.2540172212213], [-79.8205664880083, 43.2540186259768], [-79.8205690283421, 43.254020026269], [-79.8205715736897, 43.2540214221105], [-79.820574124051, 43.2540228135014], [-79.8205746665597, 43.2540231090427], [-79.8205750908625, 43.2540233376317], [-79.8205766794435, 43.2540241995414], [-79.8205792386354, 43.2540255802178], [-79.8205818040554, 43.2540269573564], [-79.8205835355806, 43.2540278810707], [-79.8205839586692, 43.2540281087466], [-79.8205842513566, 43.2540282630414], [-79.820584374524, 43.2540283282439], [-79.8205869487572, 43.2540296955683], [-79.8205895280216, 43.2540310575419], [-79.8205921123171, 43.2540324141644], [-79.8205928843515, 43.2540328174257], [-79.8205933148303, 43.2540330451779], [-79.8205937661436, 43.2540332785476], [-79.8205947016091, 43.2540337672366], [-79.8205947578152, 43.2540337912281], [-79.8206024313224, 43.2540377612265], [-79.8206024959766, 43.2540377943096], [-79.8206051041441, 43.2540391268657], [-79.8206077173253, 43.2540404549711], [-79.820610334306, 43.254041777713], [-79.8206129563004, 43.2540430960041], [-79.8206155820943, 43.2540444089317], [-79.8206182129019, 43.2540457174086], [-79.8206208487407, 43.2540470205346], [-79.8206234896107, 43.2540483183096], [-79.8206261342627, 43.2540496116213], [-79.8206287827142, 43.2540508995694], [-79.8206314374111, 43.2540521830795], [-79.8206340959074, 43.254053461226], [-79.8206367581859, 43.2540547349091], [-79.8206394254954, 43.2540560032413], [-79.8206420978361, 43.2540572662226], [-79.8206447739589, 43.2540585247406], [-79.8206474538812, 43.2540597778949], [-79.8206501388172, 43.2540610265985], [-79.8206528288017, 43.254062269051], [-79.8206555225509, 43.2540635079404], [-79.8206582201169, 43.2540647405658], [-79.8206609226967, 43.2540659687406], [-79.8206636290759, 43.2540671915518], [-79.8206663404863, 43.2540684090121], [-79.8206690556787, 43.254069622009], [-79.8206717759023, 43.2540708296549], [-79.8206744986936, 43.2540720319246], [-79.8206772277477, 43.254073228856], [-79.8206799593523, 43.2540744213113], [-79.8206826959879, 43.2540756084157], [-79.820685436423, 43.2540767901565], [-79.8206881806401, 43.2540779674339], [-79.8206909299058, 43.2540791384602], [-79.8206936829535, 43.254080305023], [-79.8206964398007, 43.2540814662222], [-79.8206992004299, 43.2540826229581], [-79.8207019661076, 43.2540837734428], [-79.8207047355674, 43.254084919464], [-79.8207075088266, 43.2540860601217], [-79.8207102858853, 43.2540871954158], [-79.8207130667434, 43.2540883253461], [-79.8207158526326, 43.2540894499256], [-79.8207186410895, 43.2540905691287], [-79.8207214345603, 43.2540916838811], [-79.8207242318304, 43.25409279327], [-79.8207270329, 43.2540938972951], [-79.8207298365547, 43.2540949950437], [-79.8207326452231, 43.2540960883416], [-79.8207354576736, 43.2540971771762], [-79.8207382739409, 43.2540982597468], [-79.8207410940076, 43.2540993369538], [-79.8207439178738, 43.2541004087971], [-79.820746745522, 43.2541014761771], [-79.820749576987, 43.2541025372932], [-79.8207524122341, 43.2541035939459], [-79.8207552512979, 43.2541046443347], [-79.8207580929122, 43.2541056902474], [-79.8207609395749, 43.2541067299089], [-79.820763788788, 43.2541077650944], [-79.8207666430495, 43.2541087940286], [-79.8207694998614, 43.2541098184868], [-79.8207715725248, 43.2541105566192], [-79.8207716091804, 43.2541105723049], [-79.8207722063215, 43.2541107819646], [-79.8207723604728, 43.2541108375813], [-79.8207752261848, 43.2541118477238], [-79.8207820089296, 43.2541142264237], [-79.8207924543936, 43.2541178098767], [-79.8208029455897, 43.2541213217636], [-79.8208134812862, 43.2541247620718], [-79.8208240590197, 43.2541281307759], [-79.8208346812883, 43.2541314261006], [-79.820845344362, 43.2541346498084], [-79.8208560470267, 43.2541378009864], [-79.8208667905312, 43.254140878747], [-79.8208775724122, 43.2541438830646], [-79.8210558558908, 43.2541135204846], [-79.8234185669406, 43.2546881437246], [-79.8234850543571, 43.2547548716515], [-79.8234670894008, 43.2547967490048], [-79.8239964068846, 43.2549206385644], [-79.8239882416108, 43.2549398351953], [-79.8240259235532, 43.2549486022746], [-79.8243497209128, 43.2550239332241], [-79.8245635795492, 43.2550740606936], [-79.8249750055063, 43.2551695574435], [-79.8249802274705, 43.2551561843762], [-79.8250278139048, 43.2551674255778], [-79.8250222301603, 43.2551805211919], [-79.8254336588151, 43.2552760163195], [-79.8255392372986, 43.2552992643065], [-79.8255497596397, 43.2553036162039], [-79.8254021556754, 43.255650647544], [-79.8248617859453, 43.2569251457837], [-79.8249796712347, 43.2569513931814], [-79.828310097975, 43.2577342042555], [-79.8288736873584, 43.2564108832739], [-79.828345492349, 43.256267358212], [-79.8283889368299, 43.2561619968563], [-79.8285042348287, 43.2558905456056], [-79.8285421357129, 43.2558020406868], [-79.8302898166287, 43.2562975940025], [-79.8307214806101, 43.2564127152054], [-79.8305253807883, 43.2568666782441], [-79.8316729297082, 43.2571473666806], [-79.8316469790978, 43.2572110727513], [-79.8316111774778, 43.2572951941927], [-79.8315243083295, 43.2574993092569], [-79.8316728096659, 43.2575356558879], [-79.8317480880117, 43.2575540809501], [-79.831822194064, 43.2575722202509], [-79.8318973254466, 43.2575906040938], [-79.8319729178873, 43.2576091042522], [-79.8320578938317, 43.2576299008935], [-79.8324136122013, 43.2577169617479], [-79.8326138443719, 43.257770850245], [-79.8328812220688, 43.2578349134744], [-79.8331886449394, 43.2579085710561], [-79.8332160276445, 43.2579246416995], [-79.8338398158169, 43.2580740642338], [-79.8346636046024, 43.2582667972545], [-79.8346567953519, 43.2582824858697], [-79.8346415062098, 43.2583185140445], [-79.8348047658521, 43.2583980307897], [-79.8348633558766, 43.2584517978013], [-79.8349462006259, 43.2585278090956], [-79.83501123377, 43.2585874901249], [-79.8351075479301, 43.2586105538749], [-79.8352350163841, 43.2586365353232], [-79.8349557713419, 43.2592845782072], [-79.8356569503006, 43.2594419503191], [-79.8370666877558, 43.2597750890693], [-79.8385382749513, 43.2601179043085], [-79.8388069726712, 43.259467930322], [-79.840206193049, 43.2598114994778], [-79.8402395461522, 43.2597490560437], [-79.84025339146, 43.2597175399807], [-79.8404811502958, 43.2592028033693], [-79.8405284680489, 43.259185021785], [-79.8406728099902, 43.2588587835281], [-79.8410304442846, 43.2589419938549], [-79.8411222129054, 43.2589641969719], [-79.8411006570603, 43.2590197366434], [-79.8410734556127, 43.2590807506122], [-79.8410516997933, 43.2591295510307], [-79.8429194665394, 43.259559429392], [-79.8429556724336, 43.2595695340907], [-79.8429266998851, 43.2596368463831], [-79.8430411855099, 43.2596634135631], [-79.845273428736, 43.2602650080436], [-79.845378261682, 43.2602869029152], [-79.8448549081259, 43.2615435029209], [-79.8465828623812, 43.2619679923189], [-79.8466594539344, 43.2620471935016], [-79.8477046176627, 43.2622953337914], [-79.8479289703941, 43.2623485983391], [-79.8479630486686, 43.2623390905945], [-79.8497511115843, 43.2627593200846], [-79.8499670625969, 43.2627253247742], [-79.85493291781, 43.2638800399825], [-79.8521069848661, 43.2705352394548], [-79.8529893042977, 43.2707259271861], [-79.8544016733457, 43.2710645161953], [-79.8541452879806, 43.271725043013], [-79.8536721375881, 43.2728434527385], [-79.85341634194, 43.2734731754575], [-79.8535242089946, 43.2734980647625], [-79.8524146336328, 43.2760932486778], [-79.8544355115349, 43.2764906445717], [-79.8545667681987, 43.2765980236465], [-79.8544571977834, 43.276622886375], [-79.8498524761519, 43.2756499395002], [-79.849893920559, 43.2755472362287], [-79.8491061877084, 43.2753857660699], [-79.8474200829795, 43.2750243059363], [-79.8450403676072, 43.2745130645583], [-79.8464433134399, 43.2712146375483], [-79.8457317471763, 43.2710388431603], [-79.8442830140127, 43.274444496782], [-79.8413785696632, 43.2738440219263], [-79.8427147709286, 43.2705190060858], [-79.8417826943571, 43.2703165642193], [-79.8403212851454, 43.2736390355387], [-79.8372998201494, 43.2729491232563], [-79.837607514648, 43.2722541283765], [-79.8375798820434, 43.2722476200013], [-79.8376286740918, 43.2721340561936], [-79.8338232519059, 43.2712675621008], [-79.8339666207437, 43.269959967026], [-79.8331938501044, 43.2696595338611], [-79.8323260067311, 43.2717774990208], [-79.8320577581463, 43.2717475159764], [-79.8314815692859, 43.273095010173], [-79.8274173752739, 43.2825941639787], [-79.8266438786154, 43.28440087025], [-79.8261954564062, 43.2854482171062], [-79.8153225853639, 43.2829630887025], [-79.8044506202638, 43.2804769359763], [-79.8076920739655, 43.2725653640991], [-79.8076021638866, 43.2725457009512], [-79.8075122440808, 43.2725260340295], [-79.8074223244751, 43.2725063598355]]], [[[-79.8427367254464, 43.266514741775], [-79.842924334951, 43.266079854065], [-79.843029374673, 43.2658534129178], [-79.843147626724, 43.2658701382787], [-79.8431456923976, 43.2658746822234], [-79.8438801744589, 43.2660371707432], [-79.844155279835, 43.2660984555639], [-79.8444244565325, 43.2655162358205], [-79.8444670797896, 43.2654299984803], [-79.8450414409145, 43.2655686745399], [-79.8465608234658, 43.2659447681094], [-79.8480961657616, 43.2662968709125], [-79.8483971262577, 43.265611413969], [-79.8490254716748, 43.2642095877633], [-79.8509775539601, 43.2646688056375], [-79.8511115067238, 43.2643551798255], [-79.8493104460154, 43.263930671773], [-79.8491535202388, 43.2638945298229], [-79.8491473769152, 43.2639054454696], [-79.8476104000162, 43.2635419944964], [-79.847463731469, 43.2638884060683], [-79.8471048872416, 43.2638025473406], [-79.8471329136627, 43.2637347013319], [-79.8472476938003, 43.263473495916], [-79.8472529338079, 43.2634626045838], [-79.847164416567, 43.2634405904398], [-79.8469853053911, 43.2633969282077], [-79.8469782088361, 43.263413678089], [-79.846864943291, 43.2636714839761], [-79.8468398090623, 43.2637403405757], [-79.8459409224542, 43.263527358086], [-79.8447698778754, 43.2632465989989], [-79.8449608053421, 43.2628029662422], [-79.8449419396865, 43.2627981167672], [-79.8445024713026, 43.2626851369293], [-79.8443952769885, 43.2626561064986], [-79.8441962200682, 43.2631023431292], [-79.843763924415, 43.2641236139907], [-79.8423757543523, 43.2642985360304], [-79.8410228597778, 43.2644564018437], [-79.8409362527647, 43.2646459111997], [-79.8410580745145, 43.2646753992356], [-79.8411808612443, 43.2647042332827], [-79.8412034323532, 43.264709533327], [-79.841284276148, 43.2647285199486], [-79.8413648404826, 43.2647474316458], [-79.8413797865949, 43.2647509363449], [-79.8414350537057, 43.2647443105383], [-79.8415168478533, 43.2647345028429], [-79.8416057652343, 43.2647238415633], [-79.8416946727304, 43.2647131801144], [-79.8417331343694, 43.2647098705377], [-79.8417314678923, 43.2647138012599], [-79.8417047943057, 43.2647766963128], [-79.8416797872153, 43.2648356570357], [-79.8416531137247, 43.2648985412705], [-79.8416264399047, 43.2649614399023], [-79.8415997662335, 43.2650243277233], [-79.8415764302245, 43.2650793649511], [-79.8415730972288, 43.2650872263899], [-79.8415695250895, 43.2650863870044], [-79.8415461843056, 43.2651414133716], [-79.8418713999619, 43.2652179282587], [-79.8418447263556, 43.2652808197368], [-79.8416446085138, 43.2652337344201], [-79.8415184108732, 43.2652069265669], [-79.8414884039613, 43.2652776757934], [-79.8415777414677, 43.265298700426], [-79.8415505982703, 43.2653626856339], [-79.8416099607395, 43.265376379485], [-79.8415940704292, 43.2654138179774], [-79.8417710047914, 43.2654546391684], [-79.841886715249, 43.2654736254522], [-79.8417424607696, 43.2658174714597], [-79.8405720659467, 43.2655435915353], [-79.8405377473215, 43.2656248726505], [-79.8406504115788, 43.2656514651686], [-79.8415919651615, 43.2658749677096], [-79.8414436568521, 43.2662222435124], [-79.8416825491488, 43.2662700100047], [-79.8420412486406, 43.2663526804368], [-79.8422560761162, 43.2664021975051], [-79.8426284441956, 43.2664880119715], [-79.8427367254464, 43.266514741775]]]]}, "properties": {"id": "hamilton-employment-land-14", "name": "Employment Lands", "layer": "land", "categories": ["EMPLOYMENT LAND"], "freshness": "UPDATED ANNUALLY", "source": {"name": "City of Hamilton Open Data", "url": "https://services.arcgis.com/rYz782eMbySr2srL/arcgis/rest/services/Employment_Lands/FeatureServer/2", "license": "City of Hamilton Open Data Licence", "license_url": "https://www.hamilton.ca/city-initiatives/strategies-actions/open-data-licence-terms-and-conditions", "attribution": "Contains information licensed under the City of Hamilton Open Data Licence", "dataset": "Employment Lands", "source_id": "14", "source_modified": "2026-08-02T18:37:30.774Z", "retrieved_at": "2026-08-19"}, "attributes": {"OBJECTID": 14, "AREA_NAME": "Bayfront", "CATEGORY": " Industrial Area", "AREA_HECTARES": 1550.516, "COMMENTS": null, "Shape__Area": 15620332.34790039, "Shape__Length": 40857.96059677443}}}, {"type": "Feature", "geometry": {"type": "MultiPolygon", "coordinates": [[[[-79.7909839963468, 43.2845871155468], [-79.7910163375705, 43.2845813172388], [-79.7909187848705, 43.2846093030589], [-79.7909839963468, 43.2845871155468]]], [[[-79.7917607066836, 43.2843652580341], [-79.7918017007386, 43.2843560085354], [-79.7916527193725, 43.2843987494666], [-79.7916574044452, 43.2843971232239], [-79.7917607066836, 43.2843652580341]]], [[[-79.7936390651575, 43.2828022713985], [-79.7936449637952, 43.2827556289668], [-79.7936776018466, 43.2828304252952], [-79.7936552216615, 43.2828204508524], [-79.7936390651575, 43.2828022713985]]], [[[-79.792966342935, 43.283961981231], [-79.7930026632157, 43.2839581306096], [-79.7930547693012, 43.2839596709843], [-79.7930999706193, 43.2839551054459], [-79.7931685444125, 43.2839528575534], [-79.7932234358511, 43.2839444322257], [-79.7933371953396, 43.2839446419867], [-79.7934458397211, 43.2839167936194], [-79.7935629631751, 43.2838839920585], [-79.7936253621883, 43.2838705005477], [-79.7933154760638, 43.2839566463783], [-79.792966342935, 43.283961981231]]], [[[-79.7929204541661, 43.2839642865306], [-79.7929227757126, 43.2839641903716], [-79.7927060665523, 43.284096549394], [-79.7924635401883, 43.284166130562], [-79.792523818901, 43.2841451426169], [-79.7926382657027, 43.2841043897708], [-79.7926783014905, 43.2840868033627], [-79.7927143508302, 43.2840651228271], [-79.7927450564228, 43.2840394238858], [-79.792781123515, 43.2840168430644], [-79.7928169498485, 43.2840002026727], [-79.7928474185839, 43.2839864772137], [-79.792873637006, 43.2839757684233], [-79.7929204541661, 43.2839642865306]]]]}, "properties": {"id": "hamilton-employment-land-15", "name": "Employment Lands", "layer": "land", "categories": ["EMPLOYMENT LAND"], "freshness": "UPDATED ANNUALLY", "source": {"name": "City of Hamilton Open Data", "url": "https://services.arcgis.com/rYz782eMbySr2srL/arcgis/rest/services/Employment_Lands/FeatureServer/2", "license": "City of Hamilton Open Data Licence", "license_url": "https://www.hamilton.ca/city-initiatives/strategies-actions/open-data-licence-terms-and-conditions", "attribution": "Contains information licensed under the City of Hamilton Open Data Licence", "dataset": "Employment Lands", "source_id": "15", "source_modified": "2026-08-02T18:37:30.774Z", "retrieved_at": "2026-08-19"}, "attributes": {"OBJECTID": 15, "AREA_NAME": "Bayfront", "CATEGORY": " Industrial Area", "AREA_HECTARES": 1550.516, "COMMENTS": null, "Shape__Area": 113.61279296875, "Shape__Length": 259.80591441935604}}}, {"type": "Feature", "geometry": {"type": "Polygon", "coordinates": [[[-79.8193763297162, 43.1890023687521], [-79.8193798451065, 43.1890071838103], [-79.8174736387369, 43.1885034515455], [-79.8193763297162, 43.1890023687521]]]}, "properties": {"id": "hamilton-employment-land-16", "name": "Employment Lands", "layer": "land", "categories": ["EMPLOYMENT LAND"], "freshness": "UPDATED ANNUALLY", "source": {"name": "City of Hamilton Open Data", "url": "https://services.arcgis.com/rYz782eMbySr2srL/arcgis/rest/services/Employment_Lands/FeatureServer/2", "license": "City of Hamilton Open Data Licence", "license_url": "https://www.hamilton.ca/city-initiatives/strategies-actions/open-data-licence-terms-and-conditions", "attribution": "Contains information licensed under the City of Hamilton Open Data Licence", "dataset": "Employment Lands", "source_id": "16", "source_modified": "2026-08-02T18:37:30.774Z", "retrieved_at": "2026-08-19"}, "attributes": {"OBJECTID": 16, "AREA_NAME": "Red Hill North", "CATEGORY": "Business Park", "AREA_HECTARES": null, "COMMENTS": null, "Shape__Area": 33.431396484375, "Shape__Length": 329.5683053520793}}}, {"type": "Feature", "geometry": {"type": "Polygon", "coordinates": [[[-79.8400572742662, 43.1883922066847], [-79.8411661123523, 43.1886600211201], [-79.8405362963056, 43.1885106396942], [-79.8400572742662, 43.1883922066847]]]}, "properties": {"id": "hamilton-employment-land-17", "name": "Employment Lands", "layer": "land", "categories": ["EMPLOYMENT LAND"], "freshness": "UPDATED ANNUALLY", "source": {"name": "City of Hamilton Open Data", "url": "https://services.arcgis.com/rYz782eMbySr2srL/arcgis/rest/services/Employment_Lands/FeatureServer/2", "license": "City of Hamilton Open Data Licence", "license_url": "https://www.hamilton.ca/city-initiatives/strategies-actions/open-data-licence-terms-and-conditions", "attribution": "Contains information licensed under the City of Hamilton Open Data Licence", "dataset": "Employment Lands", "source_id": "17", "source_modified": "2026-08-02T18:37:30.774Z", "retrieved_at": "2026-08-19"}, "attributes": {"OBJECTID": 17, "AREA_NAME": "Red Hill North", "CATEGORY": "Business Park", "AREA_HECTARES": null, "COMMENTS": null, "Shape__Area": 13.684326171875, "Shape__Length": 189.79134326506122}}}, {"type": "Feature", "geometry": {"type": "Polygon", "coordinates": [[[-79.8221441054941, 43.1835306014612], [-79.822530462455, 43.1837593661979], [-79.822530085984, 43.1837591705233], [-79.8221441054941, 43.1835306014612]]]}, "properties": {"id": "hamilton-employment-land-18", "name": "Employment Lands", "layer": "land", "categories": ["EMPLOYMENT LAND"], "freshness": "UPDATED ANNUALLY", "source": {"name": "City of Hamilton Open Data", "url": "https://services.arcgis.com/rYz782eMbySr2srL/arcgis/rest/services/Employment_Lands/FeatureServer/2", "license": "City of Hamilton Open Data Licence", "license_url": "https://www.hamilton.ca/city-initiatives/strategies-actions/open-data-licence-terms-and-conditions", "attribution": "Contains information licensed under the City of Hamilton Open Data Licence", "dataset": "Employment Lands", "source_id": "18", "source_modified": "2026-08-02T18:37:30.774Z", "retrieved_at": "2026-08-19"}, "attributes": {"OBJECTID": 18, "AREA_NAME": "Red Hill North", "CATEGORY": "Business Park", "AREA_HECTARES": null, "COMMENTS": null, "Shape__Area": 0.047607421875, "Shape__Length": 80.78532163923038}}}, {"type": "Feature", "geometry": {"type": "Polygon", "coordinates": [[[-79.8334071770069, 43.189179959157], [-79.8334073777283, 43.1891795001648], [-79.8339633949387, 43.1891105500316], [-79.8334072145146, 43.1891799928568], [-79.8334071770069, 43.189179959157]]]}, "properties": {"id": "hamilton-employment-land-19", "name": "Employment Lands", "layer": "land", "categories": ["EMPLOYMENT LAND"], "freshness": "UPDATED ANNUALLY", "source": {"name": "City of Hamilton Open Data", "url": "https://services.arcgis.com/rYz782eMbySr2srL/arcgis/rest/services/Employment_Lands/FeatureServer/2", "license": "City of Hamilton Open Data Licence", "license_url": "https://www.hamilton.ca/city-initiatives/strategies-actions/open-data-licence-terms-and-conditions", "attribution": "Contains information licensed under the City of Hamilton Open Data Licence", "dataset": "Employment Lands", "source_id": "19", "source_modified": "2026-08-02T18:37:30.774Z", "retrieved_at": "2026-08-19"}, "attributes": {"OBJECTID": 19, "AREA_NAME": "Red Hill North", "CATEGORY": "Business Park", "AREA_HECTARES": null, "COMMENTS": null, "Shape__Area": 1.185546875, "Shape__Length": 91.74079870555506}}}, {"type": "Feature", "geometry": {"type": "MultiPolygon", "coordinates": [[[[-79.9788449507155, 43.1986343509002], [-79.9812239281494, 43.1982459784795], [-79.9814257407965, 43.1988825698445], [-79.9790467421818, 43.1992709480042], [-79.9793357974783, 43.2001828211412], [-79.9794803270409, 43.2006387569536], [-79.9791195022019, 43.2006974887974], [-79.9794377352368, 43.2017052344384], [-79.9795331239386, 43.2020072838203], [-79.9795873275441, 43.20216791375], [-79.9786005672356, 43.2023258228915], [-79.9784093233758, 43.2023564257688], [-79.9773964613042, 43.2025208494194], [-79.9773789911129, 43.2024613785328], [-79.9773502283067, 43.2023634629706], [-79.9769303687112, 43.2010267047187], [-79.9763090101224, 43.1990482851269], [-79.9763456079363, 43.1990423138454], [-79.9788449507155, 43.1986343509002]]], [[[-79.9277059618726, 43.1521647644016], [-79.9278300913162, 43.1518801279255], [-79.9278557747662, 43.1519214410654], [-79.9279551485195, 43.1520628607352], [-79.9281526880291, 43.1523220060091], [-79.9285100650137, 43.1527237532831], [-79.9286176389369, 43.152837924263], [-79.9289249404355, 43.1531228770704], [-79.9292406171764, 43.1533918897896], [-79.9295737151481, 43.153643903389], [-79.929914063749, 43.1538778761905], [-79.9303942217241, 43.1541648549983], [-79.9308949456989, 43.1544247774188], [-79.9312911574646, 43.1546056277707], [-79.9316735529597, 43.1547498461072], [-79.9320272811808, 43.1548797400578], [-79.9325944356015, 43.1550471534874], [-79.9328882178027, 43.1551263992852], [-79.9327942662523, 43.1553117256797], [-79.9327297972534, 43.1554219456371], [-79.9326578890116, 43.1555284321227], [-79.9325838286286, 43.1556147494717], [-79.9324210793389, 43.1557652660422], [-79.9322905405435, 43.1558620464402], [-79.9317537855374, 43.156240458586], [-79.9313378048762, 43.1565080449701], [-79.93075434942, 43.1569086603477], [-79.9295414847113, 43.1577527954983], [-79.9293045086932, 43.157939923247], [-79.9291666685288, 43.1580709469512], [-79.9290333827783, 43.1582088567204], [-79.928926957795, 43.1583253461074], [-79.9288282212161, 43.1584476109792], [-79.9287339583188, 43.1585813230525], [-79.9286555122981, 43.1587014959639], [-79.9285573562346, 43.1588796566226], [-79.9284747778515, 43.1590579630939], [-79.9282721614974, 43.1595339779963], [-79.9270440753942, 43.1592559618326], [-79.9255925251163, 43.1589242360554], [-79.9247903620891, 43.1587387672406], [-79.9248241525837, 43.158663054227], [-79.9273285937656, 43.1530170666181], [-79.9273775218474, 43.1529067480893], [-79.9274503480376, 43.1527425620805], [-79.9277059618726, 43.1521647644016]]], [[[-79.9291415713736, 43.2065028364998], [-79.9325090047119, 43.1990374454963], [-79.9350213192609, 43.193310820722], [-79.9348938311184, 43.1932770170296], [-79.9341911030521, 43.1931031902028], [-79.9334710820766, 43.192929673284], [-79.9332360416022, 43.1928730295154], [-79.9325240336107, 43.1927008204008], [-79.9281237403878, 43.1916613536109], [-79.9279381542805, 43.1916174744283], [-79.925708509721, 43.1910916038059], [-79.9245183377489, 43.1908095193463], [-79.9224752963782, 43.1903274412668], [-79.9211924157606, 43.1900223027969], [-79.9211162842392, 43.190004396677], [-79.920954424693, 43.1903821060331], [-79.9204362292366, 43.1915484005806], [-79.920016863202, 43.1925467616735], [-79.9193555557865, 43.1939983312707], [-79.9193473660234, 43.1940173276197], [-79.9186947849615, 43.1955306799833], [-79.9186088503965, 43.1957324504082], [-79.9162474747962, 43.1951831995721], [-79.916334052611, 43.1949815693742], [-79.9175510864629, 43.1921470913252], [-79.9065012721136, 43.1895405338834], [-79.9063137846563, 43.1899552865639], [-79.9059431397935, 43.1907752306237], [-79.9053616357092, 43.1920615703768], [-79.9052889363447, 43.1922373322257], [-79.905095694221, 43.1926686898884], [-79.8984074484102, 43.1910568340271], [-79.8986587551984, 43.1903038510132], [-79.8987232464847, 43.190139326008], [-79.8991017828223, 43.1892806126092], [-79.9008598583258, 43.1853792220716], [-79.901546465501, 43.1839450825953], [-79.9025106636866, 43.1819618267357], [-79.9028545810079, 43.1812543849479], [-79.9037346859941, 43.1793801199387], [-79.9025922612974, 43.1791103679385], [-79.9047193278458, 43.1745587692344], [-79.9056315043078, 43.1747678824082], [-79.9058662090873, 43.1748224447295], [-79.9063502800103, 43.1737775035542], [-79.9080785310055, 43.1700235800241], [-79.90823781605, 43.1696030762487], [-79.9083779750549, 43.1690405456297], [-79.9085355480777, 43.1685040334664], [-79.9086624780878, 43.1680060372527], [-79.9089070546604, 43.1672870453489], [-79.9093007184673, 43.1664463725727], [-79.9097172994581, 43.1655858938161], [-79.9097714301868, 43.1654708745963], [-79.9099293438764, 43.1651446047713], [-79.9099720268509, 43.165047940552], [-79.9100521564764, 43.1648515906141], [-79.9100879866137, 43.1647528800181], [-79.910144453816, 43.1645727832155], [-79.9101900251556, 43.1645005023967], [-79.9103567231889, 43.1645426898473], [-79.9108610074714, 43.1646673041908], [-79.9113652938441, 43.1647919163308], [-79.9114664843941, 43.1646075070555], [-79.9114701545752, 43.1646008190502], [-79.91168370539, 43.1641557382959], [-79.9118918326618, 43.1638409741286], [-79.9118961162295, 43.16383354365], [-79.9121103929105, 43.1634618115266], [-79.9121668849063, 43.1633676036877], [-79.9122233754803, 43.1632733967062], [-79.9123353437451, 43.1630849811287], [-79.9125174789328, 43.1627784826089], [-79.9125957231421, 43.1626490954381], [-79.9126739657389, 43.1625197108965], [-79.9150747797431, 43.1584172997825], [-79.9152542383613, 43.1580239115758], [-79.9153390435692, 43.1578380015659], [-79.9154199645459, 43.1576606082613], [-79.9155571152269, 43.1573853900841], [-79.915646501577, 43.1572060165633], [-79.9158150106172, 43.1572453974732], [-79.915882678419, 43.1572612099015], [-79.9161184208223, 43.1573163022855], [-79.9163540080633, 43.1573713593965], [-79.9166074946146, 43.1574305962359], [-79.9168609718433, 43.1574898315247], [-79.9170965997196, 43.1575448919934], [-79.9172929561687, 43.1575907772964], [-79.917568366629, 43.1576537907663], [-79.9177793825105, 43.1577020714195], [-79.9179937127604, 43.1577513051146], [-79.9180824987473, 43.157771699474], [-79.9181224636216, 43.1576845171653], [-79.9193167565396, 43.1579684205056], [-79.9196743363216, 43.1580505152868], [-79.9199344858187, 43.1581102353968], [-79.9201833873132, 43.1581673733491], [-79.9204840082419, 43.1582362871284], [-79.9203940883489, 43.1584284443031], [-79.9206923890579, 43.1584885227045], [-79.9188836790847, 43.1623824167145], [-79.9160228070537, 43.1617328379986], [-79.9151766980455, 43.1637304985074], [-79.9145676475977, 43.1651695584589], [-79.9173164178926, 43.1657924238641], [-79.9160760501357, 43.1683656223486], [-79.9160232113603, 43.1684752341082], [-79.9155040658481, 43.169552150647], [-79.9106618809686, 43.1684472117142], [-79.9102819079825, 43.1688185133843], [-79.9100782825901, 43.1696297048894], [-79.9084980252212, 43.1694183232369], [-79.9084160627965, 43.1696786815598], [-79.9099950166995, 43.1699768591807], [-79.9098423511675, 43.1703047771613], [-79.909724963449, 43.1705654489488], [-79.9082010048774, 43.1701923707884], [-79.9080816834419, 43.1704523731907], [-79.909605655437, 43.1708254323493], [-79.9094865334921, 43.1710850644015], [-79.9093673287815, 43.1713448648165], [-79.9092480001462, 43.1716049340543], [-79.909128565445, 43.1718652362659], [-79.9076043486285, 43.1714924845128], [-79.9075257882001, 43.1716640394963], [-79.9090488416312, 43.1720366308178], [-79.9088451597443, 43.172480441316], [-79.9138885642484, 43.1736261857335], [-79.9119640265095, 43.1780989883804], [-79.9114985996154, 43.1779909923478], [-79.9078514827869, 43.1803363277898], [-79.9161736547048, 43.1822684073634], [-79.9163070492247, 43.182198497047], [-79.9181853516547, 43.1809908224547], [-79.9229949814782, 43.1778980203082], [-79.9253731017247, 43.1763742776555], [-79.9274170491415, 43.1768268892413], [-79.9284539446227, 43.177062416311], [-79.9315646787273, 43.1777689388663], [-79.9341258711112, 43.1783505638632], [-79.9373360440035, 43.1790794563867], [-79.9396484291765, 43.1796044289455], [-79.9395145841053, 43.1799100965779], [-79.9401547468006, 43.1800677277525], [-79.9404692502827, 43.1801451684453], [-79.9406535444902, 43.1797234297673], [-79.9409011954292, 43.1797844235289], [-79.9412296474034, 43.1798653176045], [-79.9410453630199, 43.180287047391], [-79.9408899693089, 43.180248775121], [-79.9406624763824, 43.1807689758851], [-79.9424257191057, 43.1811749513231], [-79.9441889869255, 43.1815808989107], [-79.9440725317305, 43.1812207047567], [-79.9445506753606, 43.1811392806458], [-79.9446635111845, 43.1811200646255], [-79.9448019375148, 43.1815553421667], [-79.9461565264588, 43.1813246502184], [-79.9496265613227, 43.182110456091], [-79.9495179433253, 43.1817719381143], [-79.9501095595214, 43.1816709137048], [-79.950246591167, 43.1821040260462], [-79.9500480365668, 43.1822055193752], [-79.9499641468876, 43.1821871010918], [-79.9506191946203, 43.1842314648174], [-79.9507101376779, 43.1842163678814], [-79.9530899328372, 43.1838031349466], [-79.9554801722681, 43.1834273055984], [-79.959025215625, 43.182767202648], [-79.9591742149274, 43.1832925439258], [-79.9584427148204, 43.1876162865315], [-79.9584612193526, 43.187709215997], [-79.9584821419612, 43.1878228512625], [-79.9586927695753, 43.1889667622846], [-79.9589416072004, 43.190318142797], [-79.9583251090749, 43.1922979014741], [-79.9591207005008, 43.1925301613653], [-79.9598336478157, 43.1923579876433], [-79.9603557843739, 43.1909618732228], [-79.9611866839347, 43.1907398044186], [-79.9611388322243, 43.1901405604528], [-79.9610476856901, 43.188999105288], [-79.9610306750416, 43.1887860797839], [-79.9623963028738, 43.189439966131], [-79.9624620767955, 43.1896475338084], [-79.9628836130584, 43.1909777737345], [-79.9629943143335, 43.1913271022187], [-79.9635741055341, 43.1915969539879], [-79.9635756060927, 43.191601732866], [-79.9636291474638, 43.1917721814949], [-79.9636161124814, 43.1918752049491], [-79.9635259567326, 43.1925877857258], [-79.9635154899341, 43.1926705169395], [-79.9635095913044, 43.1928114328276], [-79.9634966490208, 43.1931206266748], [-79.9634835572369, 43.1934334084189], [-79.963478737174, 43.1935485464301], [-79.9634816721578, 43.1936109521079], [-79.9634900379848, 43.193788848907], [-79.9635168075474, 43.1943580671077], [-79.9635221688886, 43.1944720709112], [-79.9635360381144, 43.1945721296961], [-79.9635845830744, 43.1949223791141], [-79.9638257565275, 43.1961476694979], [-79.9641144255551, 43.1960997225085], [-79.9651939395072, 43.1959202006221], [-79.9698800143381, 43.1951407745618], [-79.9724784776122, 43.2033278750323], [-79.971826312339, 43.2034397541303], [-79.9677130635955, 43.2041203751234], [-79.9675569203615, 43.2041462852786], [-79.9669744023865, 43.204244237995], [-79.9666306751093, 43.2043020348111], [-79.9642608687589, 43.2047005268759], [-79.9627814181209, 43.2049428630325], [-79.9588160728702, 43.2055854432112], [-79.9569645542024, 43.2058725468808], [-79.9475007107584, 43.207414480464], [-79.9455623378765, 43.2011060070623], [-79.933192829725, 43.2051327172162], [-79.9333220194239, 43.2055538401119], [-79.9325901411572, 43.2056739988764], [-79.9322242083797, 43.2057340756589], [-79.9321444387093, 43.2054742137004], [-79.9314455041362, 43.205701872297], [-79.9314923309054, 43.2058542246948], [-79.9322964619703, 43.208572698312], [-79.9324039465091, 43.2089360292066], [-79.9319096021399, 43.2090161295068], [-79.9321264444348, 43.2097507505383], [-79.9321466239634, 43.2098191122864], [-79.9321814959033, 43.2099211454289], [-79.9315693221727, 43.210007972925], [-79.9301180831088, 43.2102233075092], [-79.9299649614628, 43.2102395721565], [-79.9289299392614, 43.2103382622683], [-79.9287832671709, 43.2094131829475], [-79.928702324512, 43.2089877652233], [-79.9285972654019, 43.2084351558342], [-79.9285676604174, 43.2081924730948], [-79.9285669990355, 43.2081107045822], [-79.9285705098118, 43.2080296955187], [-79.9285790669061, 43.2079487337186], [-79.9285907010017, 43.207867800736], [-79.9286086121894, 43.2077869265417], [-79.928629450475, 43.2077076105501], [-79.9286554596641, 43.2076282529351], [-79.928672681894, 43.2075796990096], [-79.9287220076749, 43.2074426525641], [-79.9291415713736, 43.2065028364998]]]]}, "properties": {"id": "hamilton-employment-land-20", "name": "Employment Lands", "layer": "land", "categories": ["EMPLOYMENT LAND"], "freshness": "UPDATED ANNUALLY", "source": {"name": "City of Hamilton Open Data", "url": "https://services.arcgis.com/rYz782eMbySr2srL/arcgis/rest/services/Employment_Lands/FeatureServer/2", "license": "City of Hamilton Open Data Licence", "license_url": "https://www.hamilton.ca/city-initiatives/strategies-actions/open-data-licence-terms-and-conditions", "attribution": "Contains information licensed under the City of Hamilton Open Data Licence", "dataset": "Employment Lands", "source_id": "20", "source_modified": "2026-08-02T18:37:30.774Z", "retrieved_at": "2026-08-19"}, "attributes": {"OBJECTID": 20, "AREA_NAME": "Airport Employment Growth District", "CATEGORY": " Business Park", "AREA_HECTARES": 1183.847, "COMMENTS": "Approved by omb in january 2015", "Shape__Area": 11841232.871582031, "Shape__Length": 33886.6437800718}}}, {"type": "Feature", "geometry": {"type": "Polygon", "coordinates": [[[-79.8193798451065, 43.1890071838103], [-79.8193816962704, 43.1890076153291], [-79.8193819158156, 43.1890107818353], [-79.8193798451065, 43.1890071838103]]]}, "properties": {"id": "hamilton-employment-land-21", "name": "Employment Lands", "layer": "land", "categories": ["EMPLOYMENT LAND"], "freshness": "UPDATED ANNUALLY", "source": {"name": "City of Hamilton Open Data", "url": "https://services.arcgis.com/rYz782eMbySr2srL/arcgis/rest/services/Employment_Lands/FeatureServer/2", "license": "City of Hamilton Open Data Licence", "license_url": "https://www.hamilton.ca/city-initiatives/strategies-actions/open-data-licence-terms-and-conditions", "attribution": "Contains information licensed under the City of Hamilton Open Data Licence", "dataset": "Employment Lands", "source_id": "21", "source_modified": "2026-08-02T18:37:30.774Z", "retrieved_at": "2026-08-19"}, "attributes": {"OBJECTID": 21, "AREA_NAME": "Red Hill North", "CATEGORY": "Business Park", "AREA_HECTARES": null, "COMMENTS": null, "Shape__Area": 0.026123046875, "Shape__Length": 0.9436277261819888}}}, {"type": "Feature", "geometry": {"type": "Polygon", "coordinates": [[[-79.8193798451065, 43.1890071838103], [-79.8193763297162, 43.1890023687521], [-79.819381425832, 43.1890037054127], [-79.8193816962704, 43.1890076153291], [-79.8193798451065, 43.1890071838103]]]}, "properties": {"id": "hamilton-employment-land-22", "name": "Employment Lands", "layer": "land", "categories": ["EMPLOYMENT LAND"], "freshness": "UPDATED ANNUALLY", "source": {"name": "City of Hamilton Open Data", "url": "https://services.arcgis.com/rYz782eMbySr2srL/arcgis/rest/services/Employment_Lands/FeatureServer/2", "license": "City of Hamilton Open Data Licence", "license_url": "https://www.hamilton.ca/city-initiatives/strategies-actions/open-data-licence-terms-and-conditions", "attribution": "Contains information licensed under the City of Hamilton Open Data Licence", "dataset": "Employment Lands", "source_id": "22", "source_modified": "2026-08-02T18:37:30.774Z", "retrieved_at": "2026-08-19"}, "attributes": {"OBJECTID": 22, "AREA_NAME": "Red Hill North", "CATEGORY": "Business Park", "AREA_HECTARES": null, "COMMENTS": null, "Shape__Area": 0.12158203125, "Shape__Length": 1.6389564887004506}}}]}
