{"type": "FeatureCollection", "atlas": {"layer": "disused", "source": "OpenStreetMap via Overpass", "license": "ODbL 1.0", "attribution": "© OpenStreetMap contributors", "freshness": "RECENT", "retrieved_at": "2026-08-19", "bbox": [42.4, -80.3, 43.55, -78.4], "feature_count": 362}, "features": [{"type": "Feature", "geometry": {"type": "Polygon", "coordinates": [[[-79.8089218, 43.3735718], [-79.8088961, 43.3735094], [-79.8088274, 43.3734158], [-79.8087674, 43.373316], [-79.8086729, 43.3731475], [-79.8086558, 43.3730414], [-79.8080206, 43.3730789], [-79.8075056, 43.3731288], [-79.807249, 43.3730976], [-79.8067417, 43.3719496], [-79.805486, 43.3723234], [-79.8050017, 43.3724827], [-79.8047099, 43.3726574], [-79.8044524, 43.3729881], [-79.8063579, 43.3744417], [-79.806478, 43.3743669], [-79.8069477, 43.3747447], [-79.8071795, 43.3748944], [-79.8073186, 43.3749834], [-79.807909, 43.3745762], [-79.8079863, 43.3745326], [-79.8079499, 43.3744614], [-79.8089218, 43.3735718]]]}, "properties": {"id": "osm-way-26346070", "name": "Lester B. Pearson High School (Closed)", "layer": "disused", "categories": ["BROWNFIELD", "DISUSED (RECORDED)"], "freshness": "RECENT", "source": {"name": "OpenStreetMap via Overpass", "url": "https://www.openstreetmap.org/way/26346070", "license": "ODbL 1.0", "license_url": "https://opendatacommons.org/licenses/odbl/1-0/", "attribution": "© OpenStreetMap contributors", "source_id": "way/26346070", "retrieved_at": "2026-08-19"}, "osm_tags": {"disused:amenity": "school", "landuse": "brownfield", "name": "Lester B. Pearson High School (Closed)", "wikipedia": "en:Lester B. Pearson High School (Burlington)"}}}, {"type": "Feature", "geometry": {"type": "Polygon", "coordinates": [[[-79.6850128, 43.5324728], [-79.6852418, 43.5317528], [-79.6853536, 43.5310061], [-79.6846474, 43.5304437], [-79.6838816, 43.5311435], [-79.6842661, 43.5313825], [-79.6842221, 43.5315437], [-79.6839418, 43.5324127], [-79.6843903, 43.5324377], [-79.6845139, 43.532426], [-79.6850128, 43.5324728]]]}, "properties": {"id": "osm-way-33184724", "name": "Former King's Masting Public School", "layer": "disused", "categories": ["BROWNFIELD", "DISUSED (RECORDED)"], "freshness": "RECENT", "source": {"name": "OpenStreetMap via Overpass", "url": "https://www.openstreetmap.org/way/33184724", "license": "ODbL 1.0", "license_url": "https://opendatacommons.org/licenses/odbl/1-0/", "attribution": "© OpenStreetMap contributors", "source_id": "way/33184724", "retrieved_at": "2026-08-19"}, "osm_tags": {"disused:amenity": "school", "landuse": "brownfield", "name": "Former King's Masting Public School", "operator": "Peel District School Board", "source": "Local Knowledge"}}}, {"type": "Feature", "geometry": {"type": "Polygon", "coordinates": [[[-79.6726975, 43.516428], [-79.6732566, 43.5168365], [-79.6714519, 43.5184023], [-79.6708939, 43.5180445], [-79.6726975, 43.516428]]]}, "properties": {"id": "osm-way-43923757", "name": "", "layer": "disused", "categories": ["BROWNFIELD"], "freshness": "RECENT", "source": {"name": "OpenStreetMap via Overpass", "url": "https://www.openstreetmap.org/way/43923757", "license": "ODbL 1.0", "license_url": "https://opendatacommons.org/licenses/odbl/1-0/", "attribution": "© OpenStreetMap contributors", "source_id": "way/43923757", "retrieved_at": "2026-08-19"}, "osm_tags": {"landuse": "brownfield"}}}, {"type": "Feature", "geometry": {"type": "Polygon", "coordinates": [[[-79.9310822, 43.2567271], [-79.9312556, 43.257255], [-79.9311309, 43.2572767], [-79.9311218, 43.2572489], [-79.9310398, 43.2572632], [-79.9310014, 43.2571462], [-79.9310348, 43.2571404], [-79.9309319, 43.2568271], [-79.930909, 43.2567573], [-79.9310822, 43.2567271]]]}, "properties": {"id": "osm-way-43939670", "name": "", "layer": "disused", "categories": ["BROWNFIELD"], "freshness": "RECENT", "source": {"name": "OpenStreetMap via Overpass", "url": "https://www.openstreetmap.org/way/43939670", "license": "ODbL 1.0", "license_url": "https://opendatacommons.org/licenses/odbl/1-0/", "attribution": "© OpenStreetMap contributors", "source_id": "way/43939670", "retrieved_at": "2026-08-19"}, "osm_tags": {"attribution": "Natural Resources Canada", "canvec:CODE": "2010252", "canvec:UUID": "c95cc016b04b4d1eb128b62d043a63bd", "image": "https://i.imgur.com/SZmbQE8.jpg", "landuse": "brownfield", "source": "streetlevel imagery"}}}, {"type": "Feature", "geometry": {"type": "Polygon", "coordinates": [[[-78.8880352, 43.0021311], [-78.8867394, 43.0021357], [-78.8878758, 43.0033655], [-78.8868729, 43.0038241], [-78.8885744, 43.0056612], [-78.8904195, 43.0047182], [-78.8880352, 43.0021311]]]}, "properties": {"id": "osm-way-50484155", "name": "Spaulding Commerce Park", "layer": "disused", "categories": ["BROWNFIELD"], "freshness": "RECENT", "source": {"name": "OpenStreetMap via Overpass", "url": "https://www.openstreetmap.org/way/50484155", "license": "ODbL 1.0", "license_url": "https://opendatacommons.org/licenses/odbl/1-0/", "attribution": "© OpenStreetMap contributors", "source_id": "way/50484155", "retrieved_at": "2026-08-19"}, "osm_tags": {"landuse": "brownfield", "name": "Spaulding Commerce Park"}}}, {"type": "Feature", "geometry": {"type": "Polygon", "coordinates": [[[-79.6866145, 43.4379833], [-79.6882821, 43.4365134], [-79.6877029, 43.4361012], [-79.6867964, 43.4368394], [-79.6860668, 43.4363466], [-79.6852458, 43.4369886], [-79.6866145, 43.4379833]]]}, "properties": {"id": "osm-way-53742041", "name": "St. James Catholic Elementary School (Closed)", "layer": "disused", "categories": ["BROWNFIELD", "DISUSED (RECORDED)"], "freshness": "RECENT", "source": {"name": "OpenStreetMap via Overpass", "url": "https://www.openstreetmap.org/way/53742041", "license": "ODbL 1.0", "license_url": "https://opendatacommons.org/licenses/odbl/1-0/", "attribution": "© OpenStreetMap contributors", "source_id": "way/53742041", "retrieved_at": "2026-08-19"}, "osm_tags": {"addr:city": "Oakville", "addr:housenumber": "255", "addr:postcode": "L6K 2S2", "addr:street": "Morden Road", "disused:amenity": "school", "landuse": "brownfield", "name": "St. James Catholic Elementary School (Closed)"}}}, {"type": "Feature", "geometry": {"type": "Polygon", "coordinates": [[[-80.0290913, 42.8412785], [-80.0288323, 42.8413228], [-80.029042, 42.8419178], [-80.0295656, 42.8418122], [-80.0294967, 42.841611], [-80.0292233, 42.8416618], [-80.0291964, 42.8415941], [-80.0292741, 42.8415808], [-80.0292325, 42.8414834], [-80.0291691, 42.8414902], [-80.0290913, 42.8412785]]]}, "properties": {"id": "osm-way-67214843", "name": "", "layer": "disused", "categories": ["DISUSED (RECORDED)"], "freshness": "RECENT", "source": {"name": "OpenStreetMap via Overpass", "url": "https://www.openstreetmap.org/way/67214843", "license": "ODbL 1.0", "license_url": "https://opendatacommons.org/licenses/odbl/1-0/", "attribution": "© OpenStreetMap contributors", "source_id": "way/67214843", "retrieved_at": "2026-08-19"}, "osm_tags": {"disused:building": "yes", "source": "CanVec 6.0 - NRCan"}}}, {"type": "Feature", "geometry": {"type": "Polygon", "coordinates": [[[-80.0547515, 42.7967535], [-80.0542236, 42.7968662], [-80.0543091, 42.797082], [-80.053939, 42.7971611], [-80.053851, 42.7969393], [-80.053381, 42.7970396], [-80.0534641, 42.7972491], [-80.0531088, 42.797325], [-80.0530249, 42.7971135], [-80.0525727, 42.7972101], [-80.0526589, 42.7974273], [-80.0523008, 42.7975038], [-80.0522171, 42.7972928], [-80.0518108, 42.7973796], [-80.0518938, 42.797589], [-80.0516539, 42.7976402], [-80.0515694, 42.7974271], [-80.0512091, 42.797504], [-80.0512924, 42.7977139], [-80.0509392, 42.7977893], [-80.0508603, 42.7975904], [-80.0503875, 42.7976913], [-80.0504653, 42.7978875], [-80.0497221, 42.7980462], [-80.0496396, 42.7978382], [-80.0491852, 42.7979352], [-80.0492641, 42.7981341], [-80.0490285, 42.7981845], [-80.0489545, 42.797998], [-80.0483246, 42.7981325], [-80.0487094, 42.799103], [-80.0500407, 42.7988187], [-80.0501152, 42.7990064], [-80.0501858, 42.7989942], [-80.050252, 42.7989772], [-80.0503521, 42.7992295], [-80.0503291, 42.7992344], [-80.0503518, 42.7992918], [-80.0504314, 42.7992748], [-80.0504244, 42.7992571], [-80.0507543, 42.7991867], [-80.0507627, 42.799208], [-80.0508404, 42.7991915], [-80.0508168, 42.7991322], [-80.0507946, 42.7991369], [-80.050694, 42.7988831], [-80.0507417, 42.7988729], [-80.0506746, 42.7987037], [-80.0523396, 42.7983482], [-80.0524489, 42.7983248], [-80.052567, 42.7982996], [-80.0551463, 42.7977489], [-80.0547515, 42.7967535]]]}, "properties": {"id": "osm-way-67215354", "name": "Ontario Power Generation", "layer": "disused", "categories": ["DISUSED (RECORDED)"], "freshness": "RECENT", "source": {"name": "OpenStreetMap via Overpass", "url": "https://www.openstreetmap.org/way/67215354", "license": "ODbL 1.0", "license_url": "https://opendatacommons.org/licenses/odbl/1-0/", "attribution": "© OpenStreetMap contributors", "source_id": "way/67215354", "retrieved_at": "2026-08-19"}, "osm_tags": {"disused:building": "industrial", "disused:power": "generator", "generator:method": "combustion", "generator:source": "coal", "operator": "Ontario Power Generation", "source": "CanVec 6.0 - NRCan"}}}, {"type": "Feature", "geometry": {"type": "Polygon", "coordinates": [[[-79.7847247, 43.5329], [-79.7842076, 43.5334049], [-79.7844075, 43.5335127], [-79.7847039, 43.5332218], [-79.7849919, 43.5333633], [-79.7851052, 43.5332478], [-79.7848317, 43.5330998], [-79.7849218, 43.5330164], [-79.7847247, 43.5329]]]}, "properties": {"id": "osm-way-67595293", "name": "", "layer": "disused", "categories": ["DISUSED (RECORDED)"], "freshness": "RECENT", "source": {"name": "OpenStreetMap via Overpass", "url": "https://www.openstreetmap.org/way/67595293", "license": "ODbL 1.0", "license_url": "https://opendatacommons.org/licenses/odbl/1-0/", "attribution": "© OpenStreetMap contributors", "source_id": "way/67595293", "retrieved_at": "2026-08-19"}, "osm_tags": {"disused:amenity": "school", "disused:building": "yes", "note": "Old school destroyed by fire.", "old_name": "Percy W. Merry Public School", "source": "CanVec 6.0 - NRCan"}}}, {"type": "Feature", "geometry": {"type": "Polygon", "coordinates": [[[-79.2590331, 42.9219994], [-79.2578922, 42.9220586], [-79.2570376, 42.9222937], [-79.2567972, 42.9224567], [-79.2566461, 42.9226816], [-79.2565966, 42.9227898], [-79.2566167, 42.9228386], [-79.2566596, 42.922964], [-79.2570855, 42.9234766], [-79.2571451, 42.9238038], [-79.2574582, 42.9243586], [-79.2574897, 42.9244458], [-79.2576301, 42.9247879], [-79.2578055, 42.9250282], [-79.2582502, 42.9259869], [-79.2581965, 42.9264646], [-79.2582908, 42.9267982], [-79.2583829, 42.9268875], [-79.2585188, 42.9268857], [-79.2587497, 42.9269647], [-79.2595641, 42.9271339], [-79.260032, 42.9272028], [-79.2602749, 42.9271756], [-79.2604282, 42.9271228], [-79.2606338, 42.9269894], [-79.2606572, 42.9269214], [-79.2605574, 42.9222067], [-79.2600121, 42.92197], [-79.2598681, 42.9219554], [-79.2596479, 42.9219636], [-79.2590331, 42.9219994]]]}, "properties": {"id": "osm-way-67937445", "name": "", "layer": "disused", "categories": ["DISUSED (RECORDED)"], "freshness": "RECENT", "source": {"name": "OpenStreetMap via Overpass", "url": "https://www.openstreetmap.org/way/67937445", "license": "ODbL 1.0", "license_url": "https://opendatacommons.org/licenses/odbl/1-0/", "attribution": "© OpenStreetMap contributors", "source_id": "way/67937445", "retrieved_at": "2026-08-19"}, "osm_tags": {"disused:landuse": "landfill", "source": "CanVec 6.0 - NRCan"}}}, {"type": "Feature", "geometry": {"type": "Polygon", "coordinates": [[[-79.5665283, 43.1963528], [-79.5665574, 43.1962696], [-79.5664548, 43.1962504], [-79.5664353, 43.1963063], [-79.5663118, 43.1962832], [-79.5663169, 43.1962686], [-79.5662174, 43.1962499], [-79.5662279, 43.19622], [-79.5661341, 43.1962023], [-79.5660932, 43.1963186], [-79.5658677, 43.1962761], [-79.5658163, 43.1962664], [-79.5659467, 43.195896], [-79.5661327, 43.1959311], [-79.5661367, 43.1959196], [-79.5661796, 43.1959278], [-79.5661488, 43.1960143], [-79.566164, 43.1960172], [-79.5662039, 43.1960232], [-79.5662087, 43.1960119], [-79.5665031, 43.1960719], [-79.5664985, 43.1960854], [-79.5666271, 43.19611], [-79.5666534, 43.1960364], [-79.5667015, 43.1960457], [-79.5667103, 43.1960212], [-79.5667195, 43.1959956], [-79.5666948, 43.1959196], [-79.5667794, 43.1958571], [-79.5668949, 43.1958779], [-79.5669256, 43.195964], [-79.5668474, 43.1960202], [-79.5668283, 43.1960707], [-79.5669029, 43.1960858], [-79.5667977, 43.1963631], [-79.5667421, 43.1963518], [-79.5667265, 43.196393], [-79.5665283, 43.1963528]]]}, "properties": {"id": "osm-way-97917103", "name": "", "layer": "disused", "categories": ["DISUSED (RECORDED)"], "freshness": "RECENT", "source": {"name": "OpenStreetMap via Overpass", "url": "https://www.openstreetmap.org/way/97917103", "license": "ODbL 1.0", "license_url": "https://opendatacommons.org/licenses/odbl/1-0/", "attribution": "© OpenStreetMap contributors", "source_id": "way/97917103", "retrieved_at": "2026-08-19"}, "osm_tags": {"disused:building": "school"}}}, {"type": "Feature", "geometry": {"type": "Polygon", "coordinates": [[[-79.8148016, 43.2413111], [-79.8154, 43.2399035], [-79.8136111, 43.2394631], [-79.8131291, 43.2406454], [-79.8130002, 43.2409615], [-79.8148016, 43.2413111]]]}, "properties": {"id": "osm-way-112941297", "name": "Former Delta Secondary School", "layer": "disused", "categories": ["BROWNFIELD"], "freshness": "RECENT", "source": {"name": "OpenStreetMap via Overpass", "url": "https://www.openstreetmap.org/way/112941297", "license": "ODbL 1.0", "license_url": "https://opendatacommons.org/licenses/odbl/1-0/", "attribution": "© OpenStreetMap contributors", "source_id": "way/112941297", "retrieved_at": "2026-08-19"}, "osm_tags": {"addr:city": "Hamilton", "addr:housenumber": "1284", "addr:postcode": "L8K 1B2", "addr:street": "Main Street East", "landuse": "brownfield", "name": "Former Delta Secondary School", "operator": "Hamilton-Wentworth District School Board", "source": "Bing"}}}, {"type": "Feature", "geometry": {"type": "Polygon", "coordinates": [[[-79.6145324, 43.5317769], [-79.6142678, 43.5315619], [-79.6144209, 43.5314232], [-79.614491, 43.531414], [-79.6148991, 43.5313885], [-79.6151318, 43.5315642], [-79.6148768, 43.5317052], [-79.614864, 43.5315619], [-79.614593, 43.5315688], [-79.6146281, 43.5317006], [-79.6145324, 43.5317769]]]}, "properties": {"id": "osm-way-117154046", "name": "", "layer": "disused", "categories": ["BROWNFIELD"], "freshness": "RECENT", "source": {"name": "OpenStreetMap via Overpass", "url": "https://www.openstreetmap.org/way/117154046", "license": "ODbL 1.0", "license_url": "https://opendatacommons.org/licenses/odbl/1-0/", "attribution": "© OpenStreetMap contributors", "source_id": "way/117154046", "retrieved_at": "2026-08-19"}, "osm_tags": {"access": "no", "landuse": "brownfield", "note": "area currently empty with concrete blocks preventing vehicle access", "source": "Bing"}}}, {"type": "Feature", "geometry": {"type": "Polygon", "coordinates": [[[-78.7690244, 42.9807182], [-78.7690886, 42.9815113], [-78.7696955, 42.981878], [-78.7697448, 42.9819078], [-78.7696021, 42.98232], [-78.7695992, 42.9823318], [-78.7694666, 42.9828678], [-78.7695237, 42.9836452], [-78.7695448, 42.9837061], [-78.7695683, 42.9837741], [-78.769615, 42.9839089], [-78.7696592, 42.9840366], [-78.7696047, 42.9842885], [-78.7695789, 42.9844076], [-78.7695524, 42.9845303], [-78.7695023, 42.9847618], [-78.7694611, 42.9850175], [-78.7694024, 42.9853826], [-78.7692994, 42.9858852], [-78.7712561, 42.9858816], [-78.7712492, 42.990194], [-78.7714122, 42.9906163], [-78.7720602, 42.990633], [-78.7736306, 42.9905997], [-78.7748557, 42.9897655], [-78.7756767, 42.988755], [-78.7758397, 42.9866005], [-78.7759178, 42.9846031], [-78.7759468, 42.984349], [-78.7761611, 42.9824704], [-78.7761698, 42.9823939], [-78.7761475, 42.9813538], [-78.7761431, 42.9811506], [-78.7761098, 42.9803411], [-78.776252, 42.9790718], [-78.7763332, 42.9783465], [-78.77509, 42.9783624], [-78.7729577, 42.9783619], [-78.7720939, 42.9783555], [-78.768433, 42.9782686], [-78.7685024, 42.9783802], [-78.7692459, 42.9795755], [-78.7693519, 42.979746], [-78.7694136, 42.9797355], [-78.7712033, 42.979431], [-78.771415, 42.979395], [-78.7722672, 42.979774], [-78.7723422, 42.9800882], [-78.7720149, 42.9804673], [-78.7716468, 42.9806019], [-78.7714423, 42.9808164], [-78.7719058, 42.9811156], [-78.7724853, 42.9808413], [-78.7729132, 42.9806422], [-78.7733456, 42.9807034], [-78.7733874, 42.98129], [-78.7729132, 42.9814788], [-78.772718, 42.9814278], [-78.7724739, 42.9810962], [-78.7719231, 42.9811829], [-78.7715256, 42.9814176], [-78.7712606, 42.9812543], [-78.7713931, 42.9809482], [-78.7701031, 42.9803361], [-78.7697545, 42.9800941], [-78.7693674, 42.9798739], [-78.7693441, 42.9798606], [-78.7692368, 42.9798331], [-78.7691939, 42.9798822], [-78.7691912, 42.980047], [-78.7691644, 42.9803119], [-78.7690946, 42.9805082], [-78.7690244, 42.9807182]]]}, "properties": {"id": "osm-way-136707723", "name": "Westwood Country Club", "layer": "disused", "categories": ["BROWNFIELD"], "freshness": "RECENT", "source": {"name": "OpenStreetMap via Overpass", "url": "https://www.openstreetmap.org/way/136707723", "license": "ODbL 1.0", "license_url": "https://opendatacommons.org/licenses/odbl/1-0/", "attribution": "© OpenStreetMap contributors", "source_id": "way/136707723", "retrieved_at": "2026-08-19"}, "osm_tags": {"description": "Formerly the Westwood Country Club golf course. It was purchased by the Town of Amherst on March 9, 2021 in order for cleanup to begin, and the eventual redevelopment as a public central park.", "disused": "yes", "landuse": "brownfield", "name": "Westwood Country Club", "source": "Bing", "website": "https://www.westwoodcc.cc/"}}}, {"type": "Feature", "geometry": {"type": "Polygon", "coordinates": [[[-79.7891259, 43.3932088], [-79.7886552, 43.3936524], [-79.7884091, 43.3938611], [-79.7889135, 43.394161], [-79.7895769, 43.3935148], [-79.7892771, 43.3933148], [-79.7891259, 43.3932088]]]}, "properties": {"id": "osm-way-157030802", "name": "", "layer": "disused", "categories": ["BROWNFIELD"], "freshness": "RECENT", "source": {"name": "OpenStreetMap via Overpass", "url": "https://www.openstreetmap.org/way/157030802", "license": "ODbL 1.0", "license_url": "https://opendatacommons.org/licenses/odbl/1-0/", "attribution": "© OpenStreetMap contributors", "source_id": "way/157030802", "retrieved_at": "2026-08-19"}, "osm_tags": {"landuse": "brownfield"}}}, {"type": "Feature", "geometry": {"type": "Polygon", "coordinates": [[[-79.106849, 43.0338655], [-79.1068007, 43.0337536], [-79.1068304, 43.0337467], [-79.1067946, 43.0336637], [-79.1068495, 43.0336511], [-79.1068229, 43.0335895], [-79.1069818, 43.0335528], [-79.1070428, 43.0336941], [-79.1070761, 43.0336864], [-79.1071258, 43.0338016], [-79.106849, 43.0338655]]]}, "properties": {"id": "osm-way-179216752", "name": "", "layer": "disused", "categories": ["DISUSED (RECORDED)"], "freshness": "RECENT", "source": {"name": "OpenStreetMap via Overpass", "url": "https://www.openstreetmap.org/way/179216752", "license": "ODbL 1.0", "license_url": "https://opendatacommons.org/licenses/odbl/1-0/", "attribution": "© OpenStreetMap contributors", "source_id": "way/179216752", "retrieved_at": "2026-08-19"}, "osm_tags": {"building": "ruins", "source": "Bing"}}}, {"type": "Feature", "geometry": {"type": "Polygon", "coordinates": [[[-79.7850028, 43.3480582], [-79.7856517, 43.3475514], [-79.7849443, 43.3470776], [-79.7843088, 43.3475883], [-79.7850028, 43.3480582]]]}, "properties": {"id": "osm-way-182949372", "name": "John Calvin Christian School (Closed)", "layer": "disused", "categories": ["BROWNFIELD", "DISUSED (RECORDED)"], "freshness": "RECENT", "source": {"name": "OpenStreetMap via Overpass", "url": "https://www.openstreetmap.org/way/182949372", "license": "ODbL 1.0", "license_url": "https://opendatacommons.org/licenses/odbl/1-0/", "attribution": "© OpenStreetMap contributors", "source_id": "way/182949372", "retrieved_at": "2026-08-19"}, "osm_tags": {"disused:amenity": "school", "landuse": "brownfield", "name": "John Calvin Christian School (Closed)", "source": "Bing"}}}, {"type": "Feature", "geometry": {"type": "Polygon", "coordinates": [[[-79.8991238, 43.2595267], [-79.8990639, 43.2594054], [-79.8992874, 43.2593469], [-79.8993473, 43.2594682], [-79.8991238, 43.2595267]]]}, "properties": {"id": "osm-way-183327446", "name": "", "layer": "disused", "categories": ["BROWNFIELD"], "freshness": "RECENT", "source": {"name": "OpenStreetMap via Overpass", "url": "https://www.openstreetmap.org/way/183327446", "license": "ODbL 1.0", "license_url": "https://opendatacommons.org/licenses/odbl/1-0/", "attribution": "© OpenStreetMap contributors", "source_id": "way/183327446", "retrieved_at": "2026-08-19"}, "osm_tags": {"landuse": "brownfield", "note": "demolished", "source": "Bing"}}}, {"type": "Feature", "geometry": {"type": "Polygon", "coordinates": [[[-79.8858154, 43.2274835], [-79.884189, 43.2270825], [-79.8850131, 43.225132], [-79.8850498, 43.2251167], [-79.8865031, 43.2254722], [-79.8862198, 43.2261833], [-79.8864266, 43.2262356], [-79.8862867, 43.2265826], [-79.8860897, 43.2265441], [-79.8856644, 43.2273793], [-79.885835, 43.2274248], [-79.8858154, 43.2274835]]]}, "properties": {"id": "osm-way-184076262", "name": "Former Mountain High School", "layer": "disused", "categories": ["BROWNFIELD", "DISUSED (RECORDED)"], "freshness": "RECENT", "source": {"name": "OpenStreetMap via Overpass", "url": "https://www.openstreetmap.org/way/184076262", "license": "ODbL 1.0", "license_url": "https://opendatacommons.org/licenses/odbl/1-0/", "attribution": "© OpenStreetMap contributors", "source_id": "way/184076262", "retrieved_at": "2026-08-19"}, "osm_tags": {"addr:city": "Hamilton", "addr:housenumber": "60", "addr:street": "Caledon Avenue", "disused:amenity": "school", "landuse": "brownfield", "name": "Former Mountain High School", "wikidata": "Q6925214"}}}, {"type": "Feature", "geometry": {"type": "Polygon", "coordinates": [[[-79.8426666, 43.2262036], [-79.8426194, 43.2262197], [-79.8425627, 43.2262105], [-79.8409287, 43.2258044], [-79.8414703, 43.2245496], [-79.8431495, 43.2249631], [-79.843181, 43.2249887], [-79.8431865, 43.2250188], [-79.8426666, 43.2262036]]]}, "properties": {"id": "osm-way-184300916", "name": "Former Vincent Massey School", "layer": "disused", "categories": ["BROWNFIELD", "DISUSED (RECORDED)"], "freshness": "RECENT", "source": {"name": "OpenStreetMap via Overpass", "url": "https://www.openstreetmap.org/way/184300916", "license": "ODbL 1.0", "license_url": "https://opendatacommons.org/licenses/odbl/1-0/", "attribution": "© OpenStreetMap contributors", "source_id": "way/184300916", "retrieved_at": "2026-08-19"}, "osm_tags": {"disused:amenity": "school", "landuse": "brownfield", "name": "Former Vincent Massey School"}}}, {"type": "Feature", "geometry": {"type": "Polygon", "coordinates": [[[-79.8490555, 43.2359981], [-79.8493371, 43.2353659], [-79.8484308, 43.2351437], [-79.8485567, 43.2348628], [-79.8483481, 43.2348121], [-79.8482057, 43.2351324], [-79.8482477, 43.2351428], [-79.8480313, 43.2357304], [-79.8490555, 43.2359981]]]}, "properties": {"id": "osm-way-190631479", "name": "Former Eastmount Park Public School", "layer": "disused", "categories": ["BROWNFIELD", "DISUSED (RECORDED)"], "freshness": "RECENT", "source": {"name": "OpenStreetMap via Overpass", "url": "https://www.openstreetmap.org/way/190631479", "license": "ODbL 1.0", "license_url": "https://opendatacommons.org/licenses/odbl/1-0/", "attribution": "© OpenStreetMap contributors", "source_id": "way/190631479", "retrieved_at": "2026-08-19"}, "osm_tags": {"addr:housename": "Eastmount Park School", "addr:housenumber": "155", "addr:street": "East 26th Street", "disused:amenity": "school", "landuse": "brownfield", "name": "Former Eastmount Park Public School"}}}, {"type": "Feature", "geometry": {"type": "Polygon", "coordinates": [[[-79.6228519, 43.4892011], [-79.6238396, 43.4884299], [-79.6231727, 43.4879646], [-79.6230574, 43.487984], [-79.6221937, 43.4887722], [-79.6228519, 43.4892011]]]}, "properties": {"id": "osm-way-191605954", "name": "", "layer": "disused", "categories": ["BROWNFIELD"], "freshness": "RECENT", "source": {"name": "OpenStreetMap via Overpass", "url": "https://www.openstreetmap.org/way/191605954", "license": "ODbL 1.0", "license_url": "https://opendatacommons.org/licenses/odbl/1-0/", "attribution": "© OpenStreetMap contributors", "source_id": "way/191605954", "retrieved_at": "2026-08-19"}, "osm_tags": {"landuse": "brownfield"}}}, {"type": "Feature", "geometry": {"type": "Polygon", "coordinates": [[[-79.6899401, 43.4550312], [-79.6889752, 43.4545111], [-79.6886454, 43.4538165], [-79.6899156, 43.4538727], [-79.6903228, 43.4546854], [-79.6899401, 43.4550312]]]}, "properties": {"id": "osm-way-206220887", "name": "Proposed condominium", "layer": "disused", "categories": ["BROWNFIELD"], "freshness": "RECENT", "source": {"name": "OpenStreetMap via Overpass", "url": "https://www.openstreetmap.org/way/206220887", "license": "ODbL 1.0", "license_url": "https://opendatacommons.org/licenses/odbl/1-0/", "attribution": "© OpenStreetMap contributors", "source_id": "way/206220887", "retrieved_at": "2026-08-19"}, "osm_tags": {"landuse": "brownfield", "name": "Proposed condominium", "note": "building demolished"}}}, {"type": "Feature", "geometry": {"type": "Polygon", "coordinates": [[[-78.685796, 43.1738709], [-78.6853753, 43.1740355], [-78.6853029, 43.1739377], [-78.6856703, 43.1737852], [-78.685737, 43.1737633], [-78.6857987, 43.1738122], [-78.685796, 43.1738709]]]}, "properties": {"id": "osm-way-221487103", "name": "Union Station", "layer": "disused", "categories": ["DISUSED (RECORDED)"], "freshness": "RECENT", "source": {"name": "OpenStreetMap via Overpass", "url": "https://www.openstreetmap.org/way/221487103", "license": "ODbL 1.0", "license_url": "https://opendatacommons.org/licenses/odbl/1-0/", "attribution": "© OpenStreetMap contributors", "source_id": "way/221487103", "retrieved_at": "2026-08-19"}, "osm_tags": {"addr:city": "Lockport", "addr:housenumber": "95", "addr:postcode": "14094", "addr:state": "NY", "addr:street": "Union Street", "building": "abandoned", "historic": "ruins", "name": "Union Station", "nysgissam:nysaddresspointid": "NIAG079039", "wikidata": "Q7886072"}}}, {"type": "Feature", "geometry": {"type": "Polygon", "coordinates": [[[-79.8295936, 43.4038619], [-79.8304107, 43.4023035], [-79.8289425, 43.4011533], [-79.8279211, 43.4028137], [-79.8288148, 43.4031755], [-79.8295936, 43.4038619]]]}, "properties": {"id": "osm-way-223054543", "name": "", "layer": "disused", "categories": ["BROWNFIELD"], "freshness": "RECENT", "source": {"name": "OpenStreetMap via Overpass", "url": "https://www.openstreetmap.org/way/223054543", "license": "ODbL 1.0", "license_url": "https://opendatacommons.org/licenses/odbl/1-0/", "attribution": "© OpenStreetMap contributors", "source_id": "way/223054543", "retrieved_at": "2026-08-19"}, "osm_tags": {"landuse": "brownfield"}}}, {"type": "Feature", "geometry": {"type": "Polygon", "coordinates": [[[-79.5509369, 43.0991397], [-79.5492684, 43.0986887], [-79.5483284, 43.0984362], [-79.5480732, 43.0985208], [-79.5479171, 43.098837], [-79.5483502, 43.0989497], [-79.5494664, 43.0992745], [-79.5506561, 43.0995729], [-79.5507489, 43.0995932], [-79.5509369, 43.0991397]]]}, "properties": {"id": "osm-way-226021659", "name": "Former St. Martin Catholic Elementary School", "layer": "disused", "categories": ["BROWNFIELD", "DISUSED (RECORDED)"], "freshness": "RECENT", "source": {"name": "OpenStreetMap via Overpass", "url": "https://www.openstreetmap.org/way/226021659", "license": "ODbL 1.0", "license_url": "https://opendatacommons.org/licenses/odbl/1-0/", "attribution": "© OpenStreetMap contributors", "source_id": "way/226021659", "retrieved_at": "2026-08-19"}, "osm_tags": {"addr:city": "Smithville", "addr:housenumber": "186", "addr:postcode": "L0R 2A0", "addr:street": "Margaret Street", "disused:amenity": "school", "landuse": "brownfield", "name": "Former St. Martin Catholic Elementary School"}}}, {"type": "Feature", "geometry": {"type": "Polygon", "coordinates": [[[-79.5464145, 43.0994987], [-79.5463927, 43.0996119], [-79.546329, 43.0998134], [-79.5455712, 43.0996816], [-79.5456264, 43.0994702], [-79.5464145, 43.0994987]]]}, "properties": {"id": "osm-way-226156693", "name": "", "layer": "disused", "categories": ["BROWNFIELD"], "freshness": "RECENT", "source": {"name": "OpenStreetMap via Overpass", "url": "https://www.openstreetmap.org/way/226156693", "license": "ODbL 1.0", "license_url": "https://opendatacommons.org/licenses/odbl/1-0/", "attribution": "© OpenStreetMap contributors", "source_id": "way/226156693", "retrieved_at": "2026-08-19"}, "osm_tags": {"landuse": "brownfield"}}}, {"type": "Feature", "geometry": {"type": "Polygon", "coordinates": [[[-79.7160548, 43.4583265], [-79.7170206, 43.4590174], [-79.7162673, 43.4596724], [-79.715085, 43.4587469], [-79.7152891, 43.4584689], [-79.7153597, 43.4584908], [-79.715526, 43.4584469], [-79.7157377, 43.4585164], [-79.7160548, 43.4583265]]]}, "properties": {"id": "osm-way-228148303", "name": "St. John Catholic Elementary School (closed)", "layer": "disused", "categories": ["BROWNFIELD", "DISUSED (RECORDED)"], "freshness": "RECENT", "source": {"name": "OpenStreetMap via Overpass", "url": "https://www.openstreetmap.org/way/228148303", "license": "ODbL 1.0", "license_url": "https://opendatacommons.org/licenses/odbl/1-0/", "attribution": "© OpenStreetMap contributors", "source_id": "way/228148303", "retrieved_at": "2026-08-19"}, "osm_tags": {"disused:amenity": "school", "landuse": "brownfield", "name": "St. John Catholic Elementary School (closed)"}}}, {"type": "Feature", "geometry": {"type": "Polygon", "coordinates": [[[-79.6818785, 43.4578242], [-79.6822666, 43.4577057], [-79.6825184, 43.4576288], [-79.6824955, 43.4575892], [-79.6832797, 43.4573497], [-79.6827767, 43.456952], [-79.6825868, 43.4570064], [-79.6816764, 43.4572664], [-79.681655, 43.4572936], [-79.6818785, 43.4578242]]]}, "properties": {"id": "osm-way-228153509", "name": "", "layer": "disused", "categories": ["BROWNFIELD"], "freshness": "RECENT", "source": {"name": "OpenStreetMap via Overpass", "url": "https://www.openstreetmap.org/way/228153509", "license": "ODbL 1.0", "license_url": "https://opendatacommons.org/licenses/odbl/1-0/", "attribution": "© OpenStreetMap contributors", "source_id": "way/228153509", "retrieved_at": "2026-08-19"}, "osm_tags": {"landuse": "brownfield", "note": "Demolished"}}}, {"type": "Feature", "geometry": {"type": "Polygon", "coordinates": [[[-80.2734458, 43.1693408], [-80.2723156, 43.169478], [-80.2720444, 43.1687182], [-80.2728117, 43.1685958], [-80.2731245, 43.1685426], [-80.2734458, 43.1693408]]]}, "properties": {"id": "osm-way-228618882", "name": "Fairview Memorial School (Closed)", "layer": "disused", "categories": ["BROWNFIELD"], "freshness": "RECENT", "source": {"name": "OpenStreetMap via Overpass", "url": "https://www.openstreetmap.org/way/228618882", "license": "ODbL 1.0", "license_url": "https://opendatacommons.org/licenses/odbl/1-0/", "attribution": "© OpenStreetMap contributors", "source_id": "way/228618882", "retrieved_at": "2026-08-19"}, "osm_tags": {"landuse": "brownfield", "name": "Fairview Memorial School (Closed)"}}}, {"type": "Feature", "geometry": {"type": "Polygon", "coordinates": [[[-79.9025679, 43.5250295], [-79.90205, 43.5246658], [-79.9011774, 43.5239755], [-79.9013696, 43.5238107], [-79.9008127, 43.5234693], [-79.9018292, 43.5225099], [-79.9023685, 43.5228927], [-79.9024836, 43.5227997], [-79.9029798, 43.5231109], [-79.9025965, 43.5234217], [-79.9035538, 43.5241572], [-79.9025679, 43.5250295]]]}, "properties": {"id": "osm-way-230389777", "name": "Fifth Wheel Truck Stops - Milton (closed)", "layer": "disused", "categories": ["BROWNFIELD"], "freshness": "RECENT", "source": {"name": "OpenStreetMap via Overpass", "url": "https://www.openstreetmap.org/way/230389777", "license": "ODbL 1.0", "license_url": "https://opendatacommons.org/licenses/odbl/1-0/", "attribution": "© OpenStreetMap contributors", "source_id": "way/230389777", "retrieved_at": "2026-08-19"}, "osm_tags": {"landuse": "brownfield", "name": "Fifth Wheel Truck Stops - Milton (closed)", "source": "http://www.5thwheel.com/Milton.html"}}}, {"type": "Feature", "geometry": {"type": "Polygon", "coordinates": [[[-79.1670764, 43.0506963], [-79.1678678, 43.050376], [-79.1677605, 43.0471929], [-79.1673743, 43.0440252], [-79.1522466, 43.0436959], [-79.1526758, 43.0511444], [-79.162702, 43.0511681], [-79.1627049, 43.0507405], [-79.160612, 43.050733], [-79.1606129, 43.0505995], [-79.160628, 43.0483685], [-79.1641528, 43.0483812], [-79.1641506, 43.0487126], [-79.1670897, 43.0487232], [-79.1670764, 43.0506963]]]}, "properties": {"id": "osm-way-232325550", "name": "", "layer": "disused", "categories": ["BROWNFIELD"], "freshness": "RECENT", "source": {"name": "OpenStreetMap via Overpass", "url": "https://www.openstreetmap.org/way/232325550", "license": "ODbL 1.0", "license_url": "https://opendatacommons.org/licenses/odbl/1-0/", "attribution": "© OpenStreetMap contributors", "source_id": "way/232325550", "retrieved_at": "2026-08-19"}, "osm_tags": {"landuse": "brownfield"}}}, {"type": "Feature", "geometry": {"type": "Polygon", "coordinates": [[[-78.8769583, 42.8832504], [-78.8769944, 42.8831397], [-78.8769494, 42.8831318], [-78.8769936, 42.8829962], [-78.8771866, 42.883031], [-78.8771574, 42.883123], [-78.8771528, 42.8831373], [-78.8771437, 42.8831659], [-78.8771391, 42.8831801], [-78.87713, 42.8832087], [-78.8771255, 42.883223], [-78.8771164, 42.8832516], [-78.8771083, 42.8832756], [-78.8769583, 42.8832504]]]}, "properties": {"id": "osm-way-240816955", "name": "", "layer": "disused", "categories": ["DISUSED (RECORDED)"], "freshness": "RECENT", "source": {"name": "OpenStreetMap via Overpass", "url": "https://www.openstreetmap.org/way/240816955", "license": "ODbL 1.0", "license_url": "https://opendatacommons.org/licenses/odbl/1-0/", "attribution": "© OpenStreetMap contributors", "source_id": "way/240816955", "retrieved_at": "2026-08-19"}, "osm_tags": {"addr:city": "Buffalo", "addr:housenumber": "46", "addr:postcode": "14202", "addr:state": "NY", "addr:street": "Church Street", "building": "ruins", "building:colour": "white", "building:levels": "2", "building:material": "plaster", "roof:material": "concrete", "roof:shape": "flat"}}}, {"type": "Feature", "geometry": {"type": "Polygon", "coordinates": [[[-79.0494374, 42.8909646], [-79.0494407, 42.8928087], [-79.0496637, 42.8928036], [-79.0503259, 42.8927885], [-79.051113, 42.8927711], [-79.0514776, 42.892763], [-79.0517733, 42.8919651], [-79.0518759, 42.8915295], [-79.0522032, 42.890154], [-79.0522281, 42.8898929], [-79.0510542, 42.8899766], [-79.0494073, 42.8900163], [-79.0494374, 42.8909646]]]}, "properties": {"id": "osm-way-244628315", "name": "Ridgeway-Crystal Beach High School (Closed)", "layer": "disused", "categories": ["BROWNFIELD", "DISUSED (RECORDED)"], "freshness": "RECENT", "source": {"name": "OpenStreetMap via Overpass", "url": "https://www.openstreetmap.org/way/244628315", "license": "ODbL 1.0", "license_url": "https://opendatacommons.org/licenses/odbl/1-0/", "attribution": "© OpenStreetMap contributors", "source_id": "way/244628315", "retrieved_at": "2026-08-19"}, "osm_tags": {"disused:amenity": "school", "landuse": "brownfield", "name": "Ridgeway-Crystal Beach High School (Closed)", "wikidata": "Q112234776"}}}, {"type": "Feature", "geometry": {"type": "Polygon", "coordinates": [[[-79.875747, 43.2620079], [-79.8735378, 43.260563], [-79.873427, 43.2608696], [-79.8727983, 43.2607201], [-79.8724048, 43.2616695], [-79.8723465, 43.2618098], [-79.8737949, 43.2621483], [-79.873982, 43.2621927], [-79.8739917, 43.2621655], [-79.8750649, 43.262424], [-79.8755831, 43.2624852], [-79.875747, 43.2620079]]]}, "properties": {"id": "osm-way-255347883", "name": "Former Sir John A. Macdonald Secondary School", "layer": "disused", "categories": ["BROWNFIELD"], "freshness": "RECENT", "source": {"name": "OpenStreetMap via Overpass", "url": "https://www.openstreetmap.org/way/255347883", "license": "ODbL 1.0", "license_url": "https://opendatacommons.org/licenses/odbl/1-0/", "attribution": "© OpenStreetMap contributors", "source_id": "way/255347883", "retrieved_at": "2026-08-19"}, "osm_tags": {"addr:city": "Hamilton", "addr:housenumber": "130", "addr:postcode": "L8R 1Y5", "addr:street": "York Boulevard", "landuse": "brownfield", "name": "Former Sir John A. Macdonald Secondary School", "operator": "Hamilton-Wentworth District School Board", "school:language": "english", "start_date": "1971-09-30", "website": "https://www.hwdsb.on.ca/sjam/", "wikidata": "Q7527541", "wikipedia": "en:Sir John A. Macdonald Secondary School (Hamilton, Ontario)"}}}, {"type": "Feature", "geometry": {"type": "Polygon", "coordinates": [[[-79.8291069, 43.2511024], [-79.8283842, 43.2509381], [-79.8282579, 43.2509093], [-79.8276051, 43.2507609], [-79.8271647, 43.2518045], [-79.8278235, 43.2519526], [-79.8279522, 43.2519815], [-79.8286665, 43.2521421], [-79.8291069, 43.2511024]]]}, "properties": {"id": "osm-way-258032499", "name": "Former King George Elementary School", "layer": "disused", "categories": ["BROWNFIELD", "DISUSED (RECORDED)"], "freshness": "RECENT", "source": {"name": "OpenStreetMap via Overpass", "url": "https://www.openstreetmap.org/way/258032499", "license": "ODbL 1.0", "license_url": "https://opendatacommons.org/licenses/odbl/1-0/", "attribution": "© OpenStreetMap contributors", "source_id": "way/258032499", "retrieved_at": "2026-08-19"}, "osm_tags": {"disused:amenity": "school", "landuse": "brownfield", "name": "Former King George Elementary School"}}}, {"type": "Feature", "geometry": {"type": "Polygon", "coordinates": [[[-79.8093076, 43.2463501], [-79.809424, 43.2460701], [-79.8089633, 43.2459685], [-79.8090715, 43.245708], [-79.8087212, 43.2456308], [-79.808612, 43.2458935], [-79.8077982, 43.245714], [-79.8076827, 43.2459918], [-79.8078866, 43.2460368], [-79.8093076, 43.2463501]]]}, "properties": {"id": "osm-way-258585581", "name": "Former Holy Family School", "layer": "disused", "categories": ["BROWNFIELD", "DISUSED (RECORDED)"], "freshness": "RECENT", "source": {"name": "OpenStreetMap via Overpass", "url": "https://www.openstreetmap.org/way/258585581", "license": "ODbL 1.0", "license_url": "https://opendatacommons.org/licenses/odbl/1-0/", "attribution": "© OpenStreetMap contributors", "source_id": "way/258585581", "retrieved_at": "2026-08-19"}, "osm_tags": {"disused:amenity": "school", "landuse": "brownfield", "name": "Former Holy Family School"}}}, {"type": "Feature", "geometry": {"type": "Polygon", "coordinates": [[[-79.8642657, 43.2293611], [-79.8629783, 43.2290736], [-79.8628217, 43.2294491], [-79.8624063, 43.2293616], [-79.8622794, 43.2296311], [-79.8627343, 43.2297448], [-79.8639252, 43.2300373], [-79.8639667, 43.2300343], [-79.8639792, 43.2300222], [-79.8642657, 43.2293611]]]}, "properties": {"id": "osm-way-262964895", "name": "Former Linden Park Public School", "layer": "disused", "categories": ["BROWNFIELD", "DISUSED (RECORDED)"], "freshness": "RECENT", "source": {"name": "OpenStreetMap via Overpass", "url": "https://www.openstreetmap.org/way/262964895", "license": "ODbL 1.0", "license_url": "https://opendatacommons.org/licenses/odbl/1-0/", "attribution": "© OpenStreetMap contributors", "source_id": "way/262964895", "retrieved_at": "2026-08-19"}, "osm_tags": {"disused:amenity": "school", "landuse": "brownfield", "name": "Former Linden Park Public School"}}}, {"type": "Feature", "geometry": {"type": "Polygon", "coordinates": [[[-79.9462617, 43.2651919], [-79.9460373, 43.2645892], [-79.945459, 43.2647013], [-79.9452338, 43.264777], [-79.9448408, 43.2649595], [-79.9446762, 43.2651556], [-79.9446712, 43.2652609], [-79.9447111, 43.2653444], [-79.9462617, 43.2651919]]]}, "properties": {"id": "osm-way-263136261", "name": "", "layer": "disused", "categories": ["BROWNFIELD"], "freshness": "RECENT", "source": {"name": "OpenStreetMap via Overpass", "url": "https://www.openstreetmap.org/way/263136261", "license": "ODbL 1.0", "license_url": "https://opendatacommons.org/licenses/odbl/1-0/", "attribution": "© OpenStreetMap contributors", "source_id": "way/263136261", "retrieved_at": "2026-08-19"}, "osm_tags": {"landuse": "brownfield"}}}, {"type": "Feature", "geometry": {"type": "Polygon", "coordinates": [[[-79.6676354, 43.4498292], [-79.6679149, 43.4495776], [-79.6675961, 43.4493909], [-79.6675857, 43.4494002], [-79.6675554, 43.4493825], [-79.6672171, 43.4496869], [-79.6674244, 43.4498083], [-79.6674935, 43.4497461], [-79.6676354, 43.4498292]]]}, "properties": {"id": "osm-way-271457638", "name": "", "layer": "disused", "categories": ["BROWNFIELD"], "freshness": "RECENT", "source": {"name": "OpenStreetMap via Overpass", "url": "https://www.openstreetmap.org/way/271457638", "license": "ODbL 1.0", "license_url": "https://opendatacommons.org/licenses/odbl/1-0/", "attribution": "© OpenStreetMap contributors", "source_id": "way/271457638", "retrieved_at": "2026-08-19"}, "osm_tags": {"landuse": "brownfield"}}}, {"type": "Feature", "geometry": {"type": "Polygon", "coordinates": [[[-79.8111191, 43.2558483], [-79.8112795, 43.2554681], [-79.8114978, 43.2549509], [-79.8107006, 43.2547671], [-79.8102655, 43.2558411], [-79.8103087, 43.255875], [-79.8111191, 43.2558483]]]}, "properties": {"id": "osm-way-277859931", "name": "Former Lloyd George School", "layer": "disused", "categories": ["BROWNFIELD", "DISUSED (RECORDED)"], "freshness": "RECENT", "source": {"name": "OpenStreetMap via Overpass", "url": "https://www.openstreetmap.org/way/277859931", "license": "ODbL 1.0", "license_url": "https://opendatacommons.org/licenses/odbl/1-0/", "attribution": "© OpenStreetMap contributors", "source_id": "way/277859931", "retrieved_at": "2026-08-19"}, "osm_tags": {"disused:amenity": "school", "landuse": "brownfield", "name": "Former Lloyd George School"}}}, {"type": "Feature", "geometry": {"type": "Polygon", "coordinates": [[[-79.7592472, 43.2393207], [-79.7595648, 43.2385699], [-79.7574389, 43.2380707], [-79.7570811, 43.2388127], [-79.7592472, 43.2393207]]]}, "properties": {"id": "osm-way-305610150", "name": "", "layer": "disused", "categories": ["BROWNFIELD"], "freshness": "RECENT", "source": {"name": "OpenStreetMap via Overpass", "url": "https://www.openstreetmap.org/way/305610150", "license": "ODbL 1.0", "license_url": "https://opendatacommons.org/licenses/odbl/1-0/", "attribution": "© OpenStreetMap contributors", "source_id": "way/305610150", "retrieved_at": "2026-08-19"}, "osm_tags": {"landuse": "brownfield"}}}, {"type": "Feature", "geometry": {"type": "Polygon", "coordinates": [[[-80.2508765, 43.1314657], [-80.2452272, 43.1307074], [-80.2445046, 43.1307928], [-80.243906, 43.1307978], [-80.2418486, 43.1304764], [-80.2422821, 43.131531], [-80.2445528, 43.1326257], [-80.2455024, 43.1327864], [-80.2464795, 43.132701], [-80.2507354, 43.1316013], [-80.2508765, 43.1314657]]]}, "properties": {"id": "osm-way-305808388", "name": "", "layer": "disused", "categories": ["BROWNFIELD"], "freshness": "RECENT", "source": {"name": "OpenStreetMap via Overpass", "url": "https://www.openstreetmap.org/way/305808388", "license": "ODbL 1.0", "license_url": "https://opendatacommons.org/licenses/odbl/1-0/", "attribution": "© OpenStreetMap contributors", "source_id": "way/305808388", "retrieved_at": "2026-08-19"}, "osm_tags": {"landuse": "brownfield"}}}, {"type": "Feature", "geometry": {"type": "Polygon", "coordinates": [[[-79.8615302, 43.2138673], [-79.8618456, 43.2131904], [-79.8622892, 43.2134228], [-79.8629269, 43.2142133], [-79.8615302, 43.2138673]]]}, "properties": {"id": "osm-way-311864900", "name": "", "layer": "disused", "categories": ["BROWNFIELD"], "freshness": "RECENT", "source": {"name": "OpenStreetMap via Overpass", "url": "https://www.openstreetmap.org/way/311864900", "license": "ODbL 1.0", "license_url": "https://opendatacommons.org/licenses/odbl/1-0/", "attribution": "© OpenStreetMap contributors", "source_id": "way/311864900", "retrieved_at": "2026-08-19"}, "osm_tags": {"landuse": "brownfield", "note": "several buildings demolished"}}}, {"type": "Feature", "geometry": {"type": "Polygon", "coordinates": [[[-79.8567139, 43.2617544], [-79.8568709, 43.2614063], [-79.856581, 43.2613369], [-79.856638, 43.2612105], [-79.8562947, 43.2611284], [-79.8562277, 43.2612768], [-79.8563664, 43.26131], [-79.8562193, 43.2616361], [-79.8567139, 43.2617544]]]}, "properties": {"id": "osm-way-318015684", "name": "", "layer": "disused", "categories": ["BROWNFIELD"], "freshness": "RECENT", "source": {"name": "OpenStreetMap via Overpass", "url": "https://www.openstreetmap.org/way/318015684", "license": "ODbL 1.0", "license_url": "https://opendatacommons.org/licenses/odbl/1-0/", "attribution": "© OpenStreetMap contributors", "source_id": "way/318015684", "retrieved_at": "2026-08-19"}, "osm_tags": {"description": "Formerly Tim Hortons, moved to west", "landuse": "brownfield"}}}, {"type": "Feature", "geometry": {"type": "Polygon", "coordinates": [[[-79.9316351, 43.2577829], [-79.9310449, 43.2578016], [-79.931024, 43.2575481], [-79.9312784, 43.2575421], [-79.9316108, 43.2575364], [-79.931631, 43.2576575], [-79.9316351, 43.2577829]]]}, "properties": {"id": "osm-way-318472234", "name": "", "layer": "disused", "categories": ["BROWNFIELD"], "freshness": "RECENT", "source": {"name": "OpenStreetMap via Overpass", "url": "https://www.openstreetmap.org/way/318472234", "license": "ODbL 1.0", "license_url": "https://opendatacommons.org/licenses/odbl/1-0/", "attribution": "© OpenStreetMap contributors", "source_id": "way/318472234", "retrieved_at": "2026-08-19"}, "osm_tags": {"landuse": "brownfield"}}}, {"type": "Feature", "geometry": {"type": "Polygon", "coordinates": [[[-79.7050675, 43.5021897], [-79.7055045, 43.5017448], [-79.7056639, 43.5018271], [-79.7055306, 43.5019629], [-79.7055639, 43.5019801], [-79.7052602, 43.5022893], [-79.7050675, 43.5021897]]]}, "properties": {"id": "osm-way-332993704", "name": "", "layer": "disused", "categories": ["DISUSED (RECORDED)"], "freshness": "RECENT", "source": {"name": "OpenStreetMap via Overpass", "url": "https://www.openstreetmap.org/way/332993704", "license": "ODbL 1.0", "license_url": "https://opendatacommons.org/licenses/odbl/1-0/", "attribution": "© OpenStreetMap contributors", "source_id": "way/332993704", "retrieved_at": "2026-08-19"}, "osm_tags": {"abandoned:building": "yes"}}}, {"type": "Feature", "geometry": {"type": "Polygon", "coordinates": [[[-79.704894, 43.5021378], [-79.7047607, 43.5020689], [-79.7047944, 43.5020345], [-79.7047509, 43.502012], [-79.7048214, 43.5019402], [-79.7049406, 43.5020017], [-79.7048826, 43.5020608], [-79.7049403, 43.5020906], [-79.704894, 43.5021378]]]}, "properties": {"id": "osm-way-332993705", "name": "", "layer": "disused", "categories": ["DISUSED (RECORDED)"], "freshness": "RECENT", "source": {"name": "OpenStreetMap via Overpass", "url": "https://www.openstreetmap.org/way/332993705", "license": "ODbL 1.0", "license_url": "https://opendatacommons.org/licenses/odbl/1-0/", "attribution": "© OpenStreetMap contributors", "source_id": "way/332993705", "retrieved_at": "2026-08-19"}, "osm_tags": {"abandoned:building": "yes"}}}, {"type": "Feature", "geometry": {"type": "Polygon", "coordinates": [[[-79.9687359, 43.2725394], [-79.9687194, 43.2725032], [-79.9688543, 43.2724084], [-79.9691572, 43.2723602], [-79.9693965, 43.2723462], [-79.9695998, 43.2723343], [-79.9698861, 43.2722309], [-79.9702043, 43.2723911], [-79.9699964, 43.2725961], [-79.9697992, 43.2727973], [-79.9695856, 43.2727651], [-79.9691809, 43.2726031], [-79.9691122, 43.272691], [-79.9687359, 43.2725394]]]}, "properties": {"id": "osm-way-335837362", "name": "", "layer": "disused", "categories": ["BROWNFIELD"], "freshness": "RECENT", "source": {"name": "OpenStreetMap via Overpass", "url": "https://www.openstreetmap.org/way/335837362", "license": "ODbL 1.0", "license_url": "https://opendatacommons.org/licenses/odbl/1-0/", "attribution": "© OpenStreetMap contributors", "source_id": "way/335837362", "retrieved_at": "2026-08-19"}, "osm_tags": {"landuse": "brownfield", "note": "burned down"}}}, {"type": "Feature", "geometry": {"type": "Polygon", "coordinates": [[[-79.0553497, 43.166004], [-79.0548471, 43.1661364], [-79.0550407, 43.166544], [-79.0546439, 43.1666526], [-79.0550984, 43.1674498], [-79.0559577, 43.1671874], [-79.0553497, 43.166004]]]}, "properties": {"id": "osm-way-363598106", "name": "former Laura Secord Public School", "layer": "disused", "categories": ["BROWNFIELD", "DISUSED (RECORDED)"], "freshness": "RECENT", "source": {"name": "OpenStreetMap via Overpass", "url": "https://www.openstreetmap.org/way/363598106", "license": "ODbL 1.0", "license_url": "https://opendatacommons.org/licenses/odbl/1-0/", "attribution": "© OpenStreetMap contributors", "source_id": "way/363598106", "retrieved_at": "2026-08-19"}, "osm_tags": {"disused:amenity": "school", "landuse": "brownfield", "name": "former Laura Secord Public School"}}}, {"type": "Feature", "geometry": {"type": "Polygon", "coordinates": [[[-79.0675765, 43.2532411], [-79.0667242, 43.2527955], [-79.0664058, 43.2525659], [-79.0663182, 43.2523952], [-79.0655808, 43.2523597], [-79.0647243, 43.2532086], [-79.0666961, 43.254212], [-79.0675765, 43.2532411]]]}, "properties": {"id": "osm-way-363598107", "name": "Former Niagara-on-the-Lake Hospital", "layer": "disused", "categories": ["BROWNFIELD"], "freshness": "RECENT", "source": {"name": "OpenStreetMap via Overpass", "url": "https://www.openstreetmap.org/way/363598107", "license": "ODbL 1.0", "license_url": "https://opendatacommons.org/licenses/odbl/1-0/", "attribution": "© OpenStreetMap contributors", "source_id": "way/363598107", "retrieved_at": "2026-08-19"}, "osm_tags": {"landuse": "brownfield", "name": "Former Niagara-on-the-Lake Hospital"}}}, {"type": "Feature", "geometry": {"type": "Polygon", "coordinates": [[[-79.7247936, 43.3832784], [-79.72342, 43.3822866], [-79.7221573, 43.38319], [-79.7235042, 43.3841983], [-79.723856, 43.3839461], [-79.7241888, 43.3837091], [-79.7247936, 43.3832784]]]}, "properties": {"id": "osm-way-367534990", "name": "", "layer": "disused", "categories": ["BROWNFIELD"], "freshness": "RECENT", "source": {"name": "OpenStreetMap via Overpass", "url": "https://www.openstreetmap.org/way/367534990", "license": "ODbL 1.0", "license_url": "https://opendatacommons.org/licenses/odbl/1-0/", "attribution": "© OpenStreetMap contributors", "source_id": "way/367534990", "retrieved_at": "2026-08-19"}, "osm_tags": {"landuse": "brownfield"}}}, {"type": "Feature", "geometry": {"type": "Polygon", "coordinates": [[[-78.9463754, 43.0768193], [-78.9455171, 43.0767879], [-78.9454779, 43.0748217], [-78.9463845, 43.0751155], [-78.9463539, 43.0759925], [-78.9459999, 43.0760003], [-78.9460106, 43.0762002], [-78.94637, 43.0762002], [-78.9463754, 43.0768193]]]}, "properties": {"id": "osm-way-389795579", "name": "", "layer": "disused", "categories": ["BROWNFIELD"], "freshness": "RECENT", "source": {"name": "OpenStreetMap via Overpass", "url": "https://www.openstreetmap.org/way/389795579", "license": "ODbL 1.0", "license_url": "https://opendatacommons.org/licenses/odbl/1-0/", "attribution": "© OpenStreetMap contributors", "source_id": "way/389795579", "retrieved_at": "2026-08-19"}, "osm_tags": {"landuse": "brownfield", "source": "Bing"}}}, {"type": "Feature", "geometry": {"type": "Polygon", "coordinates": [[[-78.9465454, 43.0793787], [-78.9474214, 43.0793779], [-78.947507, 43.0850615], [-78.946661, 43.0851162], [-78.9466169, 43.0850762], [-78.9466259, 43.0847778], [-78.9469869, 43.084765], [-78.9469853, 43.0845231], [-78.9466205, 43.0844996], [-78.9465454, 43.0793787]]]}, "properties": {"id": "osm-way-389795580", "name": "", "layer": "disused", "categories": ["BROWNFIELD"], "freshness": "RECENT", "source": {"name": "OpenStreetMap via Overpass", "url": "https://www.openstreetmap.org/way/389795580", "license": "ODbL 1.0", "license_url": "https://opendatacommons.org/licenses/odbl/1-0/", "attribution": "© OpenStreetMap contributors", "source_id": "way/389795580", "retrieved_at": "2026-08-19"}, "osm_tags": {"landuse": "brownfield", "source": "Bing"}}}, {"type": "Feature", "geometry": {"type": "Polygon", "coordinates": [[[-78.9482098, 43.0850144], [-78.9476198, 43.0850522], [-78.9476225, 43.0837859], [-78.9481654, 43.0837742], [-78.9482098, 43.0850144]]]}, "properties": {"id": "osm-way-389795582", "name": "", "layer": "disused", "categories": ["BROWNFIELD"], "freshness": "RECENT", "source": {"name": "OpenStreetMap via Overpass", "url": "https://www.openstreetmap.org/way/389795582", "license": "ODbL 1.0", "license_url": "https://opendatacommons.org/licenses/odbl/1-0/", "attribution": "© OpenStreetMap contributors", "source_id": "way/389795582", "retrieved_at": "2026-08-19"}, "osm_tags": {"landuse": "brownfield", "source": "Bing"}}}, {"type": "Feature", "geometry": {"type": "Polygon", "coordinates": [[[-78.9453561, 43.0761727], [-78.9442886, 43.0761727], [-78.9443101, 43.0769447], [-78.9448626, 43.0772425], [-78.9448787, 43.077838], [-78.9448733, 43.0795934], [-78.9454044, 43.0795934], [-78.9453561, 43.0761727]]]}, "properties": {"id": "osm-way-389795583", "name": "", "layer": "disused", "categories": ["BROWNFIELD"], "freshness": "RECENT", "source": {"name": "OpenStreetMap via Overpass", "url": "https://www.openstreetmap.org/way/389795583", "license": "ODbL 1.0", "license_url": "https://opendatacommons.org/licenses/odbl/1-0/", "attribution": "© OpenStreetMap contributors", "source_id": "way/389795583", "retrieved_at": "2026-08-19"}, "osm_tags": {"landuse": "brownfield", "source": "Bing"}}}, {"type": "Feature", "geometry": {"type": "Polygon", "coordinates": [[[-78.946429, 43.0793035], [-78.9455332, 43.0793074], [-78.94556, 43.0774501], [-78.9463861, 43.0771563], [-78.9464022, 43.0778968], [-78.9459285, 43.0779015], [-78.9459301, 43.0781358], [-78.9464113, 43.0781405], [-78.946429, 43.0793035]]]}, "properties": {"id": "osm-way-389795584", "name": "", "layer": "disused", "categories": ["BROWNFIELD"], "freshness": "RECENT", "source": {"name": "OpenStreetMap via Overpass", "url": "https://www.openstreetmap.org/way/389795584", "license": "ODbL 1.0", "license_url": "https://opendatacommons.org/licenses/odbl/1-0/", "attribution": "© OpenStreetMap contributors", "source_id": "way/389795584", "retrieved_at": "2026-08-19"}, "osm_tags": {"landuse": "brownfield", "source": "Bing"}}}, {"type": "Feature", "geometry": {"type": "Polygon", "coordinates": [[[-78.9473946, 43.0754126], [-78.9465095, 43.0751383], [-78.9465578, 43.0776304], [-78.9470336, 43.077639], [-78.9470459, 43.077936], [-78.9465309, 43.0779321], [-78.9465634, 43.0793035], [-78.9474214, 43.0792917], [-78.9473946, 43.0754126]]]}, "properties": {"id": "osm-way-389795586", "name": "", "layer": "disused", "categories": ["BROWNFIELD"], "freshness": "RECENT", "source": {"name": "OpenStreetMap via Overpass", "url": "https://www.openstreetmap.org/way/389795586", "license": "ODbL 1.0", "license_url": "https://opendatacommons.org/licenses/odbl/1-0/", "attribution": "© OpenStreetMap contributors", "source_id": "way/389795586", "retrieved_at": "2026-08-19"}, "osm_tags": {"landuse": "brownfield", "source": "Bing"}}}, {"type": "Feature", "geometry": {"type": "Polygon", "coordinates": [[[-78.9465164, 43.0850865], [-78.9464993, 43.0851125], [-78.946468, 43.0851255], [-78.9458605, 43.0851619], [-78.9456865, 43.0851448], [-78.9456225, 43.085122], [-78.9455975, 43.0850941], [-78.9455637, 43.0819059], [-78.9460197, 43.0819098], [-78.9460144, 43.081518], [-78.9455653, 43.0815172], [-78.9455332, 43.0793897], [-78.946422, 43.0793905], [-78.9465164, 43.0850865]]]}, "properties": {"id": "osm-way-389795587", "name": "", "layer": "disused", "categories": ["BROWNFIELD"], "freshness": "RECENT", "source": {"name": "OpenStreetMap via Overpass", "url": "https://www.openstreetmap.org/way/389795587", "license": "ODbL 1.0", "license_url": "https://opendatacommons.org/licenses/odbl/1-0/", "attribution": "© OpenStreetMap contributors", "source_id": "way/389795587", "retrieved_at": "2026-08-19"}, "osm_tags": {"landuse": "brownfield", "source": "Bing"}}}, {"type": "Feature", "geometry": {"type": "Polygon", "coordinates": [[[-79.0604402, 43.0862986], [-79.0615552, 43.0862526], [-79.0615691, 43.0864339], [-79.0615457, 43.0864348], [-79.061496, 43.0864367], [-79.0614683, 43.0864378], [-79.0610784, 43.0864537], [-79.0610465, 43.086455], [-79.0610795, 43.0868923], [-79.0616023, 43.0868712], [-79.0616271, 43.0871902], [-79.0615763, 43.0872301], [-79.0607522, 43.0872615], [-79.0606105, 43.0871689], [-79.0605696, 43.0866429], [-79.0604671, 43.0866471], [-79.0604402, 43.0862986]]]}, "properties": {"id": "osm-way-393294161", "name": "", "layer": "disused", "categories": ["BROWNFIELD"], "freshness": "RECENT", "source": {"name": "OpenStreetMap via Overpass", "url": "https://www.openstreetmap.org/way/393294161", "license": "ODbL 1.0", "license_url": "https://opendatacommons.org/licenses/odbl/1-0/", "attribution": "© OpenStreetMap contributors", "source_id": "way/393294161", "retrieved_at": "2026-08-19"}, "osm_tags": {"landuse": "brownfield"}}}, {"type": "Feature", "geometry": {"type": "Polygon", "coordinates": [[[-80.3010474, 43.5505624], [-80.3005794, 43.550892], [-80.2993252, 43.5517752], [-80.2976122, 43.5505121], [-80.2992903, 43.5492911], [-80.3010474, 43.5505624]]]}, "properties": {"id": "osm-way-397927468", "name": "", "layer": "disused", "categories": ["BROWNFIELD"], "freshness": "RECENT", "source": {"name": "OpenStreetMap via Overpass", "url": "https://www.openstreetmap.org/way/397927468", "license": "ODbL 1.0", "license_url": "https://opendatacommons.org/licenses/odbl/1-0/", "attribution": "© OpenStreetMap contributors", "source_id": "way/397927468", "retrieved_at": "2026-08-19"}, "osm_tags": {"landuse": "brownfield", "note": "Area is approx. Feel free to adjust."}}}, {"type": "Feature", "geometry": {"type": "Polygon", "coordinates": [[[-79.7315433, 43.4040459], [-79.7319929, 43.4036138], [-79.731511, 43.4032545], [-79.7314483, 43.4032519], [-79.7310022, 43.4036841], [-79.7315433, 43.4040459]]]}, "properties": {"id": "osm-way-399256048", "name": "", "layer": "disused", "categories": ["BROWNFIELD"], "freshness": "RECENT", "source": {"name": "OpenStreetMap via Overpass", "url": "https://www.openstreetmap.org/way/399256048", "license": "ODbL 1.0", "license_url": "https://opendatacommons.org/licenses/odbl/1-0/", "attribution": "© OpenStreetMap contributors", "source_id": "way/399256048", "retrieved_at": "2026-08-19"}, "osm_tags": {"landuse": "brownfield", "source": "survey"}}}, {"type": "Feature", "geometry": {"type": "Polygon", "coordinates": [[[-79.8150585, 43.253771], [-79.8149902, 43.2537104], [-79.8148453, 43.2536538], [-79.8140567, 43.2534789], [-79.8140044, 43.2534809], [-79.8139736, 43.2534946], [-79.8138644, 43.2537397], [-79.8136604, 43.254284], [-79.8147474, 43.2545387], [-79.8150585, 43.253771]]]}, "properties": {"id": "osm-way-401809862", "name": "", "layer": "disused", "categories": ["BROWNFIELD"], "freshness": "RECENT", "source": {"name": "OpenStreetMap via Overpass", "url": "https://www.openstreetmap.org/way/401809862", "license": "ODbL 1.0", "license_url": "https://opendatacommons.org/licenses/odbl/1-0/", "attribution": "© OpenStreetMap contributors", "source_id": "way/401809862", "retrieved_at": "2026-08-19"}, "osm_tags": {"landuse": "brownfield"}}}, {"type": "Feature", "geometry": {"type": "Polygon", "coordinates": [[[-79.5903362, 43.2082415], [-79.5921728, 43.2089791], [-79.5927568, 43.2092611], [-79.5929099, 43.2087808], [-79.5923131, 43.208645], [-79.5923984, 43.2084732], [-79.5930477, 43.208614], [-79.5932639, 43.2085628], [-79.5930893, 43.2080706], [-79.592659, 43.2075885], [-79.5920163, 43.2071452], [-79.5908496, 43.2066663], [-79.5904928, 43.2077552], [-79.5903362, 43.2082415]]]}, "properties": {"id": "osm-way-403870802", "name": "", "layer": "disused", "categories": ["BROWNFIELD"], "freshness": "RECENT", "source": {"name": "OpenStreetMap via Overpass", "url": "https://www.openstreetmap.org/way/403870802", "license": "ODbL 1.0", "license_url": "https://opendatacommons.org/licenses/odbl/1-0/", "attribution": "© OpenStreetMap contributors", "source_id": "way/403870802", "retrieved_at": "2026-08-19"}, "osm_tags": {"landuse": "brownfield", "surface": "dirt"}}}, {"type": "Feature", "geometry": {"type": "Polygon", "coordinates": [[[-79.8598152, 43.2536251], [-79.8594196, 43.2534688], [-79.8595255, 43.2532432], [-79.8599553, 43.2533511], [-79.8598152, 43.2536251]]]}, "properties": {"id": "osm-way-404635565", "name": "", "layer": "disused", "categories": ["BROWNFIELD"], "freshness": "RECENT", "source": {"name": "OpenStreetMap via Overpass", "url": "https://www.openstreetmap.org/way/404635565", "license": "ODbL 1.0", "license_url": "https://opendatacommons.org/licenses/odbl/1-0/", "attribution": "© OpenStreetMap contributors", "source_id": "way/404635565", "retrieved_at": "2026-08-19"}, "osm_tags": {"landuse": "brownfield"}}}, {"type": "Feature", "geometry": {"type": "Polygon", "coordinates": [[[-80.2890625, 43.235678], [-80.2885838, 43.2357824], [-80.2884567, 43.2354731], [-80.2889354, 43.2353687], [-80.2890625, 43.235678]]]}, "properties": {"id": "osm-way-425622674", "name": "Ultramar", "layer": "disused", "categories": ["BROWNFIELD"], "freshness": "RECENT", "source": {"name": "OpenStreetMap via Overpass", "url": "https://www.openstreetmap.org/way/425622674", "license": "ODbL 1.0", "license_url": "https://opendatacommons.org/licenses/odbl/1-0/", "attribution": "© OpenStreetMap contributors", "source_id": "way/425622674", "retrieved_at": "2026-08-19"}, "osm_tags": {"landuse": "brownfield", "name": "Ultramar"}}}, {"type": "Feature", "geometry": {"type": "Polygon", "coordinates": [[[-79.6443456, 43.2170032], [-79.6425386, 43.2165101], [-79.641985, 43.2177703], [-79.6438226, 43.2182639], [-79.6443456, 43.2170032]]]}, "properties": {"id": "osm-way-431698844", "name": "", "layer": "disused", "categories": ["BROWNFIELD"], "freshness": "RECENT", "source": {"name": "OpenStreetMap via Overpass", "url": "https://www.openstreetmap.org/way/431698844", "license": "ODbL 1.0", "license_url": "https://opendatacommons.org/licenses/odbl/1-0/", "attribution": "© OpenStreetMap contributors", "source_id": "way/431698844", "retrieved_at": "2026-08-19"}, "osm_tags": {"landuse": "brownfield"}}}, {"type": "Feature", "geometry": {"type": "Polygon", "coordinates": [[[-78.7118589, 42.8244048], [-78.7118399, 42.8234992], [-78.7128811, 42.8228012], [-78.7132748, 42.8225372], [-78.7135513, 42.8223516], [-78.7149334, 42.8223653], [-78.7149477, 42.8210532], [-78.7142304, 42.8210484], [-78.7142177, 42.8203908], [-78.7292502, 42.8203839], [-78.7292441, 42.8206912], [-78.7297245, 42.8215351], [-78.7295509, 42.8220144], [-78.729548, 42.8224178], [-78.7316916, 42.8224318], [-78.7347287, 42.8224517], [-78.7346987, 42.8259148], [-78.733193, 42.8257153], [-78.732618, 42.826384], [-78.7303964, 42.8262573], [-78.7303867, 42.825687], [-78.7288255, 42.8257738], [-78.7268164, 42.8258855], [-78.7222693, 42.827899], [-78.7200084, 42.8294924], [-78.7194584, 42.8297348], [-78.7157214, 42.8301201], [-78.712294, 42.8290331], [-78.7119413, 42.8275569], [-78.7131139, 42.8255464], [-78.7118812, 42.8244191], [-78.7118589, 42.8244048]]]}, "properties": {"id": "osm-way-437527815", "name": "West Seneca Development Center", "layer": "disused", "categories": ["BROWNFIELD", "DISUSED (RECORDED)"], "freshness": "RECENT", "source": {"name": "OpenStreetMap via Overpass", "url": "https://www.openstreetmap.org/way/437527815", "license": "ODbL 1.0", "license_url": "https://opendatacommons.org/licenses/odbl/1-0/", "attribution": "© OpenStreetMap contributors", "source_id": "way/437527815", "retrieved_at": "2026-08-19"}, "osm_tags": {"disused:amenity": "hospital", "disused:amenity_1": "school", "gnis:feature_id": "970864;1993308", "landuse": "brownfield", "name": "West Seneca Development Center", "name_1": "Western New York Children's Psychiatric Center", "name_2": "West Seneca State School", "website": "http://properties.esd.ny.gov/west_seneca.html"}}}, {"type": "Feature", "geometry": {"type": "Polygon", "coordinates": [[[-79.6572792, 43.5151516], [-79.6592932, 43.5132963], [-79.6576893, 43.5124132], [-79.6571931, 43.5129695], [-79.6570536, 43.5129248], [-79.6555864, 43.5141833], [-79.6556993, 43.5142568], [-79.6572792, 43.5151516]]]}, "properties": {"id": "osm-way-442868786", "name": "", "layer": "disused", "categories": ["BROWNFIELD"], "freshness": "RECENT", "source": {"name": "OpenStreetMap via Overpass", "url": "https://www.openstreetmap.org/way/442868786", "license": "ODbL 1.0", "license_url": "https://opendatacommons.org/licenses/odbl/1-0/", "attribution": "© OpenStreetMap contributors", "source_id": "way/442868786", "retrieved_at": "2026-08-19"}, "osm_tags": {"landuse": "brownfield"}}}, {"type": "Feature", "geometry": {"type": "Polygon", "coordinates": [[[-78.8692488, 42.8903179], [-78.8692843, 42.8902102], [-78.8695349, 42.8902507], [-78.8696061, 42.890267], [-78.8695706, 42.8903748], [-78.8692787, 42.8903232], [-78.8692488, 42.8903179]]]}, "properties": {"id": "osm-way-449794528", "name": "", "layer": "disused", "categories": ["BROWNFIELD"], "freshness": "RECENT", "source": {"name": "OpenStreetMap via Overpass", "url": "https://www.openstreetmap.org/way/449794528", "license": "ODbL 1.0", "license_url": "https://opendatacommons.org/licenses/odbl/1-0/", "attribution": "© OpenStreetMap contributors", "source_id": "way/449794528", "retrieved_at": "2026-08-19"}, "osm_tags": {"addr:city": "Buffalo", "addr:housenumber": "324", "addr:postcode": "14203", "addr:state": "NY", "addr:street": "North Oak Street", "landuse": "brownfield", "nysgissam:nysaddresspointid": "ERIE107649", "source": "Bing"}}}, {"type": "Feature", "geometry": {"type": "Polygon", "coordinates": [[[-78.8698503, 42.8884591], [-78.8700293, 42.8884903], [-78.870051, 42.8884236], [-78.8698719, 42.8883924], [-78.8698503, 42.8884591]]]}, "properties": {"id": "osm-way-449795129", "name": "", "layer": "disused", "categories": ["DISUSED (RECORDED)"], "freshness": "RECENT", "source": {"name": "OpenStreetMap via Overpass", "url": "https://www.openstreetmap.org/way/449795129", "license": "ODbL 1.0", "license_url": "https://opendatacommons.org/licenses/odbl/1-0/", "attribution": "© OpenStreetMap contributors", "source_id": "way/449795129", "retrieved_at": "2026-08-19"}, "osm_tags": {"building": "ruins", "source": "Bing"}}}, {"type": "Feature", "geometry": {"type": "Polygon", "coordinates": [[[-79.2310589, 43.1887416], [-79.2316972, 43.1885236], [-79.2316651, 43.1881158], [-79.2310616, 43.1883505], [-79.2310589, 43.1887416]]]}, "properties": {"id": "osm-way-449892660", "name": "", "layer": "disused", "categories": ["BROWNFIELD"], "freshness": "RECENT", "source": {"name": "OpenStreetMap via Overpass", "url": "https://www.openstreetmap.org/way/449892660", "license": "ODbL 1.0", "license_url": "https://opendatacommons.org/licenses/odbl/1-0/", "attribution": "© OpenStreetMap contributors", "source_id": "way/449892660", "retrieved_at": "2026-08-19"}, "osm_tags": {"landuse": "brownfield"}}}, {"type": "Feature", "geometry": {"type": "Polygon", "coordinates": [[[-79.2592586, 43.1657461], [-79.2587067, 43.1649744], [-79.2590885, 43.1648291], [-79.2590128, 43.1647233], [-79.2591856, 43.1646575], [-79.2592295, 43.1647188], [-79.2594484, 43.1646355], [-79.2594084, 43.1645796], [-79.2598011, 43.1644302], [-79.2602245, 43.1650221], [-79.2600409, 43.165092], [-79.2602413, 43.1653722], [-79.2592586, 43.1657461]]]}, "properties": {"id": "osm-way-451986022", "name": "Former GM Parking lot", "layer": "disused", "categories": ["BROWNFIELD"], "freshness": "RECENT", "source": {"name": "OpenStreetMap via Overpass", "url": "https://www.openstreetmap.org/way/451986022", "license": "ODbL 1.0", "license_url": "https://opendatacommons.org/licenses/odbl/1-0/", "attribution": "© OpenStreetMap contributors", "source_id": "way/451986022", "retrieved_at": "2026-08-19"}, "osm_tags": {"access": "private", "landuse": "brownfield", "name": "Former GM Parking lot", "parking": "surface", "surface": "asphalt"}}}, {"type": "Feature", "geometry": {"type": "Polygon", "coordinates": [[[-80.2958698, 43.2468263], [-80.2936419, 43.2472475], [-80.2935215, 43.2469095], [-80.2930678, 43.2469953], [-80.2926017, 43.2457796], [-80.2953085, 43.2452511], [-80.2958698, 43.2468263]]]}, "properties": {"id": "osm-way-452587355", "name": "", "layer": "disused", "categories": ["BROWNFIELD"], "freshness": "RECENT", "source": {"name": "OpenStreetMap via Overpass", "url": "https://www.openstreetmap.org/way/452587355", "license": "ODbL 1.0", "license_url": "https://opendatacommons.org/licenses/odbl/1-0/", "attribution": "© OpenStreetMap contributors", "source_id": "way/452587355", "retrieved_at": "2026-08-19"}, "osm_tags": {"landuse": "brownfield"}}}, {"type": "Feature", "geometry": {"type": "Polygon", "coordinates": [[[-79.7426828, 43.4682651], [-79.7440186, 43.4671361], [-79.74345, 43.4666299], [-79.743348, 43.4666027], [-79.7432622, 43.4666611], [-79.7420338, 43.4678135], [-79.7426828, 43.4682651]]]}, "properties": {"id": "osm-way-454935576", "name": "", "layer": "disused", "categories": ["BROWNFIELD"], "freshness": "RECENT", "source": {"name": "OpenStreetMap via Overpass", "url": "https://www.openstreetmap.org/way/454935576", "license": "ODbL 1.0", "license_url": "https://opendatacommons.org/licenses/odbl/1-0/", "attribution": "© OpenStreetMap contributors", "source_id": "way/454935576", "retrieved_at": "2026-08-19"}, "osm_tags": {"landuse": "brownfield", "note": "sales centre is gone as of November 2016"}}}, {"type": "Feature", "geometry": {"type": "Polygon", "coordinates": [[[-79.6693164, 43.4522909], [-79.6687371, 43.4518625], [-79.6683079, 43.4521897], [-79.6679056, 43.4519677], [-79.667632, 43.4522364], [-79.6689248, 43.4531155], [-79.6692735, 43.4528098], [-79.6689516, 43.4526171], [-79.6693164, 43.4522909]]]}, "properties": {"id": "osm-way-458941536", "name": "former Brantwood Public School", "layer": "disused", "categories": ["BROWNFIELD", "DISUSED (RECORDED)"], "freshness": "RECENT", "source": {"name": "OpenStreetMap via Overpass", "url": "https://www.openstreetmap.org/way/458941536", "license": "ODbL 1.0", "license_url": "https://opendatacommons.org/licenses/odbl/1-0/", "attribution": "© OpenStreetMap contributors", "source_id": "way/458941536", "retrieved_at": "2026-08-19"}, "osm_tags": {"disused:amenity": "school", "landuse": "brownfield", "name": "former Brantwood Public School"}}}, {"type": "Feature", "geometry": {"type": "Polygon", "coordinates": [[[-79.5441136, 43.0993515], [-79.5429561, 43.0991094], [-79.5430997, 43.0986778], [-79.5427349, 43.0985799], [-79.5430165, 43.0982156], [-79.5445467, 43.0984785], [-79.5441136, 43.0993515]]]}, "properties": {"id": "osm-way-464841575", "name": "College Street Public School (Closed)", "layer": "disused", "categories": ["BROWNFIELD", "DISUSED (RECORDED)"], "freshness": "RECENT", "source": {"name": "OpenStreetMap via Overpass", "url": "https://www.openstreetmap.org/way/464841575", "license": "ODbL 1.0", "license_url": "https://opendatacommons.org/licenses/odbl/1-0/", "attribution": "© OpenStreetMap contributors", "source_id": "way/464841575", "retrieved_at": "2026-08-19"}, "osm_tags": {"disused:amenity": "school", "landuse": "brownfield", "name": "College Street Public School (Closed)"}}}, {"type": "Feature", "geometry": {"type": "Polygon", "coordinates": [[[-79.0676226, 43.1075163], [-79.0680813, 43.1075167], [-79.0680814, 43.1074674], [-79.0682584, 43.1074676], [-79.0682583, 43.1075134], [-79.0685091, 43.1075136], [-79.0685092, 43.1074626], [-79.068576, 43.1074627], [-79.0685764, 43.1071887], [-79.0680156, 43.1071882], [-79.0680157, 43.1071426], [-79.067608, 43.1071423], [-79.0676079, 43.1072071], [-79.0675879, 43.1072071], [-79.0675877, 43.1072665], [-79.0684221, 43.1072672], [-79.0684219, 43.1073788], [-79.0676228, 43.1073781], [-79.0676226, 43.1075163]]]}, "properties": {"id": "osm-way-475721088", "name": "", "layer": "disused", "categories": ["BROWNFIELD"], "freshness": "RECENT", "source": {"name": "OpenStreetMap via Overpass", "url": "https://www.openstreetmap.org/way/475721088", "license": "ODbL 1.0", "license_url": "https://opendatacommons.org/licenses/odbl/1-0/", "attribution": "© OpenStreetMap contributors", "source_id": "way/475721088", "retrieved_at": "2026-08-19"}, "osm_tags": {"landuse": "brownfield", "source": "Bing"}}}, {"type": "Feature", "geometry": {"type": "Polygon", "coordinates": [[[-78.7768699, 42.991534], [-78.7719184, 42.9916036], [-78.771922, 42.9934383], [-78.7769236, 42.9934053], [-78.7768699, 42.991534]]]}, "properties": {"id": "osm-way-488365204", "name": "", "layer": "disused", "categories": ["BROWNFIELD"], "freshness": "RECENT", "source": {"name": "OpenStreetMap via Overpass", "url": "https://www.openstreetmap.org/way/488365204", "license": "ODbL 1.0", "license_url": "https://opendatacommons.org/licenses/odbl/1-0/", "attribution": "© OpenStreetMap contributors", "source_id": "way/488365204", "retrieved_at": "2026-08-19"}, "osm_tags": {"description": "Currently a vacant lot awaiting construction", "landuse": "brownfield"}}}, {"type": "Feature", "geometry": {"type": "Polygon", "coordinates": [[[-79.5172309, 43.1861607], [-79.5174758, 43.1856436], [-79.5172391, 43.185584], [-79.516928, 43.1855057], [-79.5167215, 43.1859417], [-79.5166427, 43.1859219], [-79.5166043, 43.1860029], [-79.5172309, 43.1861607]]]}, "properties": {"id": "osm-way-496791040", "name": "Peavey Mart", "layer": "disused", "categories": ["DISUSED (RECORDED)"], "freshness": "RECENT", "source": {"name": "OpenStreetMap via Overpass", "url": "https://www.openstreetmap.org/way/496791040", "license": "ODbL 1.0", "license_url": "https://opendatacommons.org/licenses/odbl/1-0/", "attribution": "© OpenStreetMap contributors", "source_id": "way/496791040", "retrieved_at": "2026-08-19"}, "osm_tags": {"access": "no", "addr:city": "Grimsby", "addr:housenumber": "321", "addr:postcode": "L3M 1R1", "addr:province": "ON", "addr:street": "Main Street East", "air_conditioning": "yes", "building:levels": "1", "disused:building": "commercial", "name": "Peavey Mart", "not:name": "TSC;Tractor Supply Company", "was:brand": "Peavey Mart", "was:shop": "country_store"}}}, {"type": "Feature", "geometry": {"type": "Polygon", "coordinates": [[[-80.2515221, 43.1312995], [-80.2450526, 43.130446], [-80.2445591, 43.1302268], [-80.2465546, 43.1282301], [-80.2491725, 43.1295143], [-80.2493012, 43.1296082], [-80.2506101, 43.1303677], [-80.2515221, 43.1312995]]]}, "properties": {"id": "osm-way-507117839", "name": "", "layer": "disused", "categories": ["BROWNFIELD"], "freshness": "RECENT", "source": {"name": "OpenStreetMap via Overpass", "url": "https://www.openstreetmap.org/way/507117839", "license": "ODbL 1.0", "license_url": "https://opendatacommons.org/licenses/odbl/1-0/", "attribution": "© OpenStreetMap contributors", "source_id": "way/507117839", "retrieved_at": "2026-08-19"}, "osm_tags": {"landuse": "brownfield"}}}, {"type": "Feature", "geometry": {"type": "Polygon", "coordinates": [[[-79.0070146, 43.0928412], [-79.0023422, 43.0915406], [-79.0024817, 43.0910999], [-79.0033159, 43.0901911], [-79.0034896, 43.090029], [-79.0040106, 43.0895427], [-79.0052658, 43.085772], [-79.0068376, 43.0858346], [-79.0068966, 43.0848434], [-79.0072131, 43.0843262], [-79.0082914, 43.0843106], [-79.0083933, 43.0871157], [-79.0086293, 43.0871118], [-79.0086293, 43.088816], [-79.0057218, 43.0888434], [-79.0057272, 43.0900226], [-79.0060651, 43.0900344], [-79.0060866, 43.0906024], [-79.0066606, 43.0905946], [-79.006666, 43.0911548], [-79.0070039, 43.0911704], [-79.0070146, 43.0928412]]]}, "properties": {"id": "osm-way-518118493", "name": "", "layer": "disused", "categories": ["BROWNFIELD"], "freshness": "RECENT", "source": {"name": "OpenStreetMap via Overpass", "url": "https://www.openstreetmap.org/way/518118493", "license": "ODbL 1.0", "license_url": "https://opendatacommons.org/licenses/odbl/1-0/", "attribution": "© OpenStreetMap contributors", "source_id": "way/518118493", "retrieved_at": "2026-08-19"}, "osm_tags": {"landuse": "brownfield"}}}, {"type": "Feature", "geometry": {"type": "Polygon", "coordinates": [[[-78.4217094, 42.5356677], [-78.4215829, 42.5355344], [-78.421212, 42.5357255], [-78.4213385, 42.5358588], [-78.4217094, 42.5356677]]]}, "properties": {"id": "osm-way-551781689", "name": "", "layer": "disused", "categories": ["DISUSED (RECORDED)"], "freshness": "RECENT", "source": {"name": "OpenStreetMap via Overpass", "url": "https://www.openstreetmap.org/way/551781689", "license": "ODbL 1.0", "license_url": "https://opendatacommons.org/licenses/odbl/1-0/", "attribution": "© OpenStreetMap contributors", "source_id": "way/551781689", "retrieved_at": "2026-08-19"}, "osm_tags": {"abandoned:building": "factory", "addr:city": "Arcade", "addr:housenumber": "32", "addr:postcode": "14009", "addr:state": "NY", "addr:street": "Water Street", "description": "Abandoned toy factory", "historic": "ruins", "nysgissam:nysaddresspointid": "WYOM005916", "ruins": "factory"}}}, {"type": "Feature", "geometry": {"type": "Polygon", "coordinates": [[[-78.9430322, 42.4655655], [-78.9445422, 42.4655445], [-78.9447372, 42.4653981], [-78.9448719, 42.4652334], [-78.9448613, 42.465032], [-78.9449818, 42.4648072], [-78.9451413, 42.464645], [-78.945322, 42.4645091], [-78.9454178, 42.4643862], [-78.9454922, 42.4641587], [-78.9452901, 42.4637822], [-78.9451236, 42.4635024], [-78.9449144, 42.4632618], [-78.9429472, 42.4632435], [-78.9430322, 42.4655655]]]}, "properties": {"id": "osm-way-558520394", "name": "", "layer": "disused", "categories": ["BROWNFIELD"], "freshness": "RECENT", "source": {"name": "OpenStreetMap via Overpass", "url": "https://www.openstreetmap.org/way/558520394", "license": "ODbL 1.0", "license_url": "https://opendatacommons.org/licenses/odbl/1-0/", "attribution": "© OpenStreetMap contributors", "source_id": "way/558520394", "retrieved_at": "2026-08-19"}, "osm_tags": {"gnis:feature_id": "2491198", "landuse": "brownfield", "old_name": "Tri-County Memorial Hospital"}}}, {"type": "Feature", "geometry": {"type": "Polygon", "coordinates": [[[-78.8565737, 42.8210339], [-78.856636, 42.8212078], [-78.8568892, 42.8211507], [-78.8572686, 42.8210576], [-78.8573165, 42.8211757], [-78.8574845, 42.8211957], [-78.8576759, 42.8216177], [-78.8578468, 42.821578], [-78.8581363, 42.8222116], [-78.858418, 42.8228316], [-78.8588703, 42.8238253], [-78.85931, 42.8248], [-78.8596712, 42.8255679], [-78.8601014, 42.8265166], [-78.8603954, 42.827158], [-78.8604145, 42.8271691], [-78.8604173, 42.8272123], [-78.8613323, 42.8292022], [-78.8613759, 42.8292965], [-78.861634, 42.8298387], [-78.8616498, 42.8298528], [-78.8616999, 42.8299578], [-78.8617057, 42.8299881], [-78.862175, 42.8310264], [-78.8622749, 42.8310531], [-78.8623968, 42.8310769], [-78.8624248, 42.8310816], [-78.8625652, 42.8309998], [-78.8625691, 42.8309835], [-78.8626051, 42.8309764], [-78.862634, 42.8309634], [-78.862663, 42.8309383], [-78.8626698, 42.8309171], [-78.8627495, 42.8308728], [-78.8625942, 42.8307358], [-78.8625553, 42.8306471], [-78.8626543, 42.8306229], [-78.8626802, 42.8306715], [-78.8626692, 42.8306764], [-78.8626633, 42.8306843], [-78.8626782, 42.8307141], [-78.8628883, 42.8308011], [-78.8629168, 42.8307963], [-78.8629423, 42.8307821], [-78.8629419, 42.8307591], [-78.8629725, 42.8307551], [-78.8629948, 42.8307498], [-78.8630088, 42.8307432], [-78.8630319, 42.8307322], [-78.8630476, 42.8307147], [-78.8632589, 42.8305707], [-78.8635976, 42.8303654], [-78.8641138, 42.8299662], [-78.8661875, 42.8292722], [-78.866835, 42.8290728], [-78.8671506, 42.8289359], [-78.8673885, 42.8287893], [-78.8677086, 42.828522], [-78.8678192, 42.8286576], [-78.8679525, 42.8288496], [-78.8681444, 42.8289197], [-78.8688715, 42.8289479], [-78.8699443, 42.8288049], [-78.8712871, 42.8281601], [-78.8711825, 42.827962], [-78.8714709, 42.8280337], [-78.8720361, 42.8281742], [-78.8724055, 42.8283013], [-78.8728463, 42.828453], [-78.8728548, 42.8284561], [-78.8731619, 42.8285687], [-78.8730992, 42.8284442], [-78.8729502, 42.8280604], [-78.8726909, 42.8275233], [-78.8724551, 42.826988], [-78.8723541, 42.826733], [-78.8722804, 42.826441], [-78.8722021, 42.8260803], [-78.8721372, 42.8257503], [-78.8721491, 42.8255768], [-78.8721215, 42.8254297], [-78.8720845, 42.8252114], [-78.8720307, 42.8249303], [-78.8720592, 42.8248082], [-78.872016, 42.8245813], [-78.8719464, 42.8240368], [-78.8718541, 42.8237695], [-78.8717328, 42.82325], [-78.8718427, 42.8230262], [-78.8717733, 42.8229712], [-78.8717733, 42.8228897], [-78.8716169, 42.8227629], [-78.8715848, 42.8225683], [-78.871174, 42.8221934], [-78.8709273, 42.8217582], [-78.8708106, 42.8215257], [-78.8706169, 42.8212802], [-78.8703634, 42.820909], [-78.8701828, 42.8205806], [-78.8700393, 42.8203838], [-78.8697299, 42.8198284], [-78.8693055, 42.8188639], [-78.8691652, 42.8183333], [-78.8689899, 42.8177905], [-78.8688005, 42.8172733], [-78.8687643, 42.8171293], [-78.8684106, 42.8164682], [-78.8681811, 42.8162519], [-78.8678977, 42.8157121], [-78.8677705, 42.8156357], [-78.8674188, 42.8151108], [-78.8673851, 42.8150513], [-78.8672629, 42.8150281], [-78.8671919, 42.8149715], [-78.8667431, 42.8143527], [-78.8665094, 42.8140435], [-78.8662478, 42.8136002], [-78.8659801, 42.813059], [-78.8657532, 42.8125459], [-78.865496, 42.8119603], [-78.8652629, 42.8114673], [-78.8651301, 42.8112994], [-78.8650673, 42.811248], [-78.8649938, 42.8112381], [-78.864892, 42.8112346], [-78.8648645, 42.8111507], [-78.8648268, 42.8110782], [-78.8649674, 42.8109548], [-78.8650202, 42.8108049], [-78.8649125, 42.8106157], [-78.8647122, 42.8104288], [-78.864386, 42.8096558], [-78.864194, 42.8091519], [-78.8639085, 42.8086109], [-78.8636317, 42.8082832], [-78.8633322, 42.8077349], [-78.8629829, 42.8070139], [-78.8626477, 42.8064062], [-78.8624221, 42.8058587], [-78.8621503, 42.8051861], [-78.8616261, 42.8042179], [-78.8615442, 42.8041624], [-78.8611599, 42.803644], [-78.8611222, 42.803542], [-78.8608291, 42.8032567], [-78.8608173, 42.8031638], [-78.8606931, 42.8031243], [-78.8603423, 42.8025565], [-78.8601364, 42.8020984], [-78.8600456, 42.8018189], [-78.859737, 42.8012712], [-78.8595454, 42.8010318], [-78.8594086, 42.8007941], [-78.859384, 42.8006758], [-78.8577742, 42.8005998], [-78.8569521, 42.8005532], [-78.8557038, 42.8005157], [-78.8537851, 42.8004782], [-78.8531589, 42.8002112], [-78.8528328, 42.8001816], [-78.8524236, 42.8004399], [-78.8522154, 42.800387], [-78.852273, 42.8009642], [-78.8525027, 42.8018222], [-78.852849, 42.8025703], [-78.853101, 42.8030785], [-78.8534384, 42.8038679], [-78.8539504, 42.8049739], [-78.8543876, 42.8059247], [-78.8548912, 42.807025], [-78.8553678, 42.8080681], [-78.8556415, 42.8085874], [-78.8561339, 42.8093598], [-78.856236, 42.8096451], [-78.8562888, 42.8099722], [-78.8561962, 42.8102525], [-78.8559795, 42.8106272], [-78.8556664, 42.8111393], [-78.8554548, 42.8114806], [-78.8553757, 42.8116818], [-78.8553038, 42.8120577], [-78.8554792, 42.812786], [-78.8555684, 42.8129766], [-78.8556235, 42.8131122], [-78.8558266, 42.8134926], [-78.856042, 42.8137848], [-78.8564109, 42.8142294], [-78.8568462, 42.8148861], [-78.8566394, 42.8149608], [-78.8570868, 42.8159422], [-78.8575093, 42.8167394], [-78.8577833, 42.8172607], [-78.8577278, 42.8176382], [-78.8576368, 42.8181145], [-78.8575788, 42.8183949], [-78.8575292, 42.818838], [-78.8571748, 42.8189554], [-78.8567487, 42.8196144], [-78.8565884, 42.8198992], [-78.8564802, 42.8201816], [-78.8564487, 42.8203924], [-78.8565, 42.820698], [-78.8565737, 42.8210339]]]}, "properties": {"id": "osm-way-569815029", "name": "", "layer": "disused", "categories": ["BROWNFIELD"], "freshness": "RECENT", "source": {"name": "OpenStreetMap via Overpass", "url": "https://www.openstreetmap.org/way/569815029", "license": "ODbL 1.0", "license_url": "https://opendatacommons.org/licenses/odbl/1-0/", "attribution": "© OpenStreetMap contributors", "source_id": "way/569815029", "retrieved_at": "2026-08-19"}, "osm_tags": {"landuse": "brownfield"}}}, {"type": "Feature", "geometry": {"type": "Polygon", "coordinates": [[[-78.6868009, 43.1733618], [-78.6867794, 43.172922], [-78.6863854, 43.1729323], [-78.6864069, 43.173372], [-78.6868009, 43.1733618]]]}, "properties": {"id": "osm-way-591872347", "name": "Former Bells Grocery", "layer": "disused", "categories": ["DISUSED (RECORDED)"], "freshness": "RECENT", "source": {"name": "OpenStreetMap via Overpass", "url": "https://www.openstreetmap.org/way/591872347", "license": "ODbL 1.0", "license_url": "https://opendatacommons.org/licenses/odbl/1-0/", "attribution": "© OpenStreetMap contributors", "source_id": "way/591872347", "retrieved_at": "2026-08-19"}, "osm_tags": {"abandoned:building": "retail", "addr:city": "Lockport", "addr:housenumber": "64", "addr:postcode": "14094", "addr:state": "NY", "addr:street": "Chestnut Street", "name": "Former Bells Grocery", "nysgissam:nysaddresspointid": "NIAG076170"}}}, {"type": "Feature", "geometry": {"type": "Polygon", "coordinates": [[[-79.2521723, 42.9864673], [-79.2521027, 42.9864701], [-79.2521083, 42.9863507], [-79.2518925, 42.9863527], [-79.251906, 42.9857937], [-79.2519432, 42.9847779], [-79.2518789, 42.9836948], [-79.2526835, 42.9836869], [-79.2533407, 42.9836968], [-79.253448, 42.9840892], [-79.2532387, 42.9848721], [-79.2532226, 42.9855196], [-79.2527533, 42.9864653], [-79.2521723, 42.9864673]]]}, "properties": {"id": "osm-way-659222245", "name": "former Welmet site", "layer": "disused", "categories": ["BROWNFIELD"], "freshness": "RECENT", "source": {"name": "OpenStreetMap via Overpass", "url": "https://www.openstreetmap.org/way/659222245", "license": "ODbL 1.0", "license_url": "https://opendatacommons.org/licenses/odbl/1-0/", "attribution": "© OpenStreetMap contributors", "source_id": "way/659222245", "retrieved_at": "2026-08-19"}, "osm_tags": {"landuse": "brownfield", "name": "former Welmet site"}}}, {"type": "Feature", "geometry": {"type": "Polygon", "coordinates": [[[-80.1504828, 42.8225392], [-80.1503968, 42.8223092], [-80.1505138, 42.8222852], [-80.1506008, 42.8225152], [-80.1504828, 42.8225392]]]}, "properties": {"id": "osm-way-662615070", "name": "", "layer": "disused", "categories": ["DISUSED (RECORDED)"], "freshness": "RECENT", "source": {"name": "OpenStreetMap via Overpass", "url": "https://www.openstreetmap.org/way/662615070", "license": "ODbL 1.0", "license_url": "https://opendatacommons.org/licenses/odbl/1-0/", "attribution": "© OpenStreetMap contributors", "source_id": "way/662615070", "retrieved_at": "2026-08-19"}, "osm_tags": {"building": "ruins"}}}, {"type": "Feature", "geometry": {"type": "Polygon", "coordinates": [[[-79.0598778, 43.1198386], [-79.0598774, 43.1198685], [-79.0598995, 43.1198687], [-79.0598988, 43.1199258], [-79.0598748, 43.1199256], [-79.0598704, 43.120274], [-79.0598955, 43.1202742], [-79.0598944, 43.1203598], [-79.0596926, 43.1203585], [-79.0596931, 43.120318], [-79.0596566, 43.1203177], [-79.0596571, 43.1202765], [-79.0596936, 43.1202767], [-79.0596978, 43.1199404], [-79.0596541, 43.1199401], [-79.0596545, 43.1199106], [-79.059694, 43.1199108], [-79.059695, 43.1198373], [-79.0598778, 43.1198386]]]}, "properties": {"id": "osm-way-662750182", "name": "De Veaux School", "layer": "disused", "categories": ["DISUSED (RECORDED)"], "freshness": "RECENT", "source": {"name": "OpenStreetMap via Overpass", "url": "https://www.openstreetmap.org/way/662750182", "license": "ODbL 1.0", "license_url": "https://opendatacommons.org/licenses/odbl/1-0/", "attribution": "© OpenStreetMap contributors", "source_id": "way/662750182", "retrieved_at": "2026-08-19"}, "osm_tags": {"building": "yes", "disused:building": "school", "ele": "185", "gnis:feature_id": "948104", "historic": "building", "name": "De Veaux School", "wikipedia": "en:Deveaux School Historic District"}}}, {"type": "Feature", "geometry": {"type": "Polygon", "coordinates": [[[-79.2400913, 42.9948457], [-79.2400356, 42.994963], [-79.2399583, 42.9950929], [-79.2398217, 42.9952915], [-79.2396917, 42.99549], [-79.2395568, 42.9956693], [-79.2387216, 42.9955299], [-79.2387064, 42.9948522], [-79.240015, 42.9948402], [-79.2400913, 42.9948457]]]}, "properties": {"id": "osm-way-674511605", "name": "former Atlas Steels site", "layer": "disused", "categories": ["BROWNFIELD", "STEEL"], "freshness": "RECENT", "source": {"name": "OpenStreetMap via Overpass", "url": "https://www.openstreetmap.org/way/674511605", "license": "ODbL 1.0", "license_url": "https://opendatacommons.org/licenses/odbl/1-0/", "attribution": "© OpenStreetMap contributors", "source_id": "way/674511605", "retrieved_at": "2026-08-19"}, "osm_tags": {"landuse": "brownfield", "name": "former Atlas Steels site"}}}, {"type": "Feature", "geometry": {"type": "Polygon", "coordinates": [[[-79.8669803, 43.2497938], [-79.8670953, 43.2495526], [-79.867119, 43.2495585], [-79.8671616, 43.2494691], [-79.8668235, 43.2493837], [-79.8666659, 43.2497143], [-79.8669803, 43.2497938]]]}, "properties": {"id": "osm-way-675897680", "name": "", "layer": "disused", "categories": ["BROWNFIELD"], "freshness": "RECENT", "source": {"name": "OpenStreetMap via Overpass", "url": "https://www.openstreetmap.org/way/675897680", "license": "ODbL 1.0", "license_url": "https://opendatacommons.org/licenses/odbl/1-0/", "attribution": "© OpenStreetMap contributors", "source_id": "way/675897680", "retrieved_at": "2026-08-19"}, "osm_tags": {"landuse": "brownfield", "note": "Vacant lot with fence on street side"}}}, {"type": "Feature", "geometry": {"type": "Polygon", "coordinates": [[[-79.2373693, 43.1839026], [-79.2373552, 43.1833686], [-79.2373345, 43.1830961], [-79.2379755, 43.1829005], [-79.2380319, 43.1833073], [-79.2384637, 43.1831508], [-79.2384798, 43.1833053], [-79.2379943, 43.1834794], [-79.2380077, 43.1838909], [-79.2373693, 43.1839026]]]}, "properties": {"id": "osm-way-692679510", "name": "", "layer": "disused", "categories": ["BROWNFIELD"], "freshness": "RECENT", "source": {"name": "OpenStreetMap via Overpass", "url": "https://www.openstreetmap.org/way/692679510", "license": "ODbL 1.0", "license_url": "https://opendatacommons.org/licenses/odbl/1-0/", "attribution": "© OpenStreetMap contributors", "source_id": "way/692679510", "retrieved_at": "2026-08-19"}, "osm_tags": {"landuse": "brownfield"}}}, {"type": "Feature", "geometry": {"type": "Polygon", "coordinates": [[[-79.2285881, 43.1803979], [-79.2285892, 43.1799344], [-79.2288655, 43.1799364], [-79.2288655, 43.1797819], [-79.2292705, 43.1797662], [-79.2291874, 43.18022], [-79.2285881, 43.1803979]]]}, "properties": {"id": "osm-way-693638677", "name": "", "layer": "disused", "categories": ["BROWNFIELD"], "freshness": "RECENT", "source": {"name": "OpenStreetMap via Overpass", "url": "https://www.openstreetmap.org/way/693638677", "license": "ODbL 1.0", "license_url": "https://opendatacommons.org/licenses/odbl/1-0/", "attribution": "© OpenStreetMap contributors", "source_id": "way/693638677", "retrieved_at": "2026-08-19"}, "osm_tags": {"landuse": "brownfield"}}}, {"type": "Feature", "geometry": {"type": "Polygon", "coordinates": [[[-79.2112649, 43.1689257], [-79.2113936, 43.1718365], [-79.2134857, 43.1723451], [-79.2141295, 43.1725564], [-79.2151702, 43.1725564], [-79.2153364, 43.1725525], [-79.2152077, 43.1702129], [-79.2132014, 43.1702364], [-79.2130619, 43.1692895], [-79.2112649, 43.1689257]]]}, "properties": {"id": "osm-way-693639847", "name": "", "layer": "disused", "categories": ["BROWNFIELD"], "freshness": "RECENT", "source": {"name": "OpenStreetMap via Overpass", "url": "https://www.openstreetmap.org/way/693639847", "license": "ODbL 1.0", "license_url": "https://opendatacommons.org/licenses/odbl/1-0/", "attribution": "© OpenStreetMap contributors", "source_id": "way/693639847", "retrieved_at": "2026-08-19"}, "osm_tags": {"landuse": "brownfield"}}}, {"type": "Feature", "geometry": {"type": "Polygon", "coordinates": [[[-79.227961, 43.1623394], [-79.2283883, 43.1614197], [-79.2284636, 43.1611306], [-79.2289237, 43.1612726], [-79.2288777, 43.1614559], [-79.2298509, 43.1618612], [-79.2305269, 43.1621349], [-79.2320382, 43.1626821], [-79.232208, 43.1627751], [-79.2323036, 43.1630203], [-79.2319284, 43.1629739], [-79.2318605, 43.1633062], [-79.2318577, 43.1633198], [-79.227961, 43.1623394]]]}, "properties": {"id": "osm-way-693641250", "name": "Former St. Catharines General Hospital", "layer": "disused", "categories": ["BROWNFIELD"], "freshness": "RECENT", "source": {"name": "OpenStreetMap via Overpass", "url": "https://www.openstreetmap.org/way/693641250", "license": "ODbL 1.0", "license_url": "https://opendatacommons.org/licenses/odbl/1-0/", "attribution": "© OpenStreetMap contributors", "source_id": "way/693641250", "retrieved_at": "2026-08-19"}, "osm_tags": {"landuse": "brownfield", "name": "Former St. Catharines General Hospital", "wikidata": "Q7587414"}}}, {"type": "Feature", "geometry": {"type": "Polygon", "coordinates": [[[-79.2196879, 43.1460573], [-79.219113, 43.1453954], [-79.2179314, 43.1459401], [-79.2184156, 43.1467105], [-79.2190647, 43.1464443], [-79.2189762, 43.1463426], [-79.2196879, 43.1460573]]]}, "properties": {"id": "osm-way-694129278", "name": "", "layer": "disused", "categories": ["BROWNFIELD"], "freshness": "RECENT", "source": {"name": "OpenStreetMap via Overpass", "url": "https://www.openstreetmap.org/way/694129278", "license": "ODbL 1.0", "license_url": "https://opendatacommons.org/licenses/odbl/1-0/", "attribution": "© OpenStreetMap contributors", "source_id": "way/694129278", "retrieved_at": "2026-08-19"}, "osm_tags": {"landuse": "brownfield"}}}, {"type": "Feature", "geometry": {"type": "Polygon", "coordinates": [[[-79.2173374, 43.141677], [-79.2169538, 43.1417885], [-79.2169538, 43.1422328], [-79.2168438, 43.1423326], [-79.2168603, 43.1431841], [-79.2172515, 43.1432427], [-79.2173374, 43.141677]]]}, "properties": {"id": "osm-way-694129297", "name": "", "layer": "disused", "categories": ["BROWNFIELD"], "freshness": "RECENT", "source": {"name": "OpenStreetMap via Overpass", "url": "https://www.openstreetmap.org/way/694129297", "license": "ODbL 1.0", "license_url": "https://opendatacommons.org/licenses/odbl/1-0/", "attribution": "© OpenStreetMap contributors", "source_id": "way/694129297", "retrieved_at": "2026-08-19"}, "osm_tags": {"landuse": "brownfield"}}}, {"type": "Feature", "geometry": {"type": "Polygon", "coordinates": [[[-79.2166829, 43.1407787], [-79.2168814, 43.1413991], [-79.2185444, 43.1415537], [-79.2178845, 43.1403735], [-79.2177565, 43.1394336], [-79.2176968, 43.1389957], [-79.2163879, 43.1391562], [-79.215948, 43.1384751], [-79.2158103, 43.1382823], [-79.2152945, 43.1384531], [-79.2159936, 43.139483], [-79.2167473, 43.1406984], [-79.2166829, 43.1407787]]]}, "properties": {"id": "osm-way-694129303", "name": "", "layer": "disused", "categories": ["BROWNFIELD"], "freshness": "RECENT", "source": {"name": "OpenStreetMap via Overpass", "url": "https://www.openstreetmap.org/way/694129303", "license": "ODbL 1.0", "license_url": "https://opendatacommons.org/licenses/odbl/1-0/", "attribution": "© OpenStreetMap contributors", "source_id": "way/694129303", "retrieved_at": "2026-08-19"}, "osm_tags": {"landuse": "brownfield"}}}, {"type": "Feature", "geometry": {"type": "Polygon", "coordinates": [[[-79.2587507, 43.16891], [-79.2572165, 43.1667268], [-79.2611057, 43.1652009], [-79.2629188, 43.1668207], [-79.2629188, 43.1672081], [-79.2587507, 43.16891]]]}, "properties": {"id": "osm-way-701975958", "name": "Former GM Plant", "layer": "disused", "categories": ["BROWNFIELD"], "freshness": "RECENT", "source": {"name": "OpenStreetMap via Overpass", "url": "https://www.openstreetmap.org/way/701975958", "license": "ODbL 1.0", "license_url": "https://opendatacommons.org/licenses/odbl/1-0/", "attribution": "© OpenStreetMap contributors", "source_id": "way/701975958", "retrieved_at": "2026-08-19"}, "osm_tags": {"landuse": "brownfield", "name": "Former GM Plant"}}}, {"type": "Feature", "geometry": {"type": "Polygon", "coordinates": [[[-79.2639917, 43.1645044], [-79.2645657, 43.1656822], [-79.2642278, 43.1658504], [-79.2651075, 43.1670203], [-79.2653804, 43.1676398], [-79.2641982, 43.1680848], [-79.2635626, 43.1672648], [-79.263407, 43.1670985], [-79.2619962, 43.16578], [-79.2604002, 43.1643381], [-79.2608026, 43.1640994], [-79.2634285, 43.1647274], [-79.2639917, 43.1645044]]]}, "properties": {"id": "osm-way-701975959", "name": "Former GM Plant", "layer": "disused", "categories": ["BROWNFIELD"], "freshness": "RECENT", "source": {"name": "OpenStreetMap via Overpass", "url": "https://www.openstreetmap.org/way/701975959", "license": "ODbL 1.0", "license_url": "https://opendatacommons.org/licenses/odbl/1-0/", "attribution": "© OpenStreetMap contributors", "source_id": "way/701975959", "retrieved_at": "2026-08-19"}, "osm_tags": {"landuse": "brownfield", "name": "Former GM Plant"}}}, {"type": "Feature", "geometry": {"type": "Polygon", "coordinates": [[[-79.0745661, 43.2532343], [-79.073174, 43.2525779], [-79.0741155, 43.251603], [-79.0755075, 43.2522887], [-79.0745661, 43.2532343]]]}, "properties": {"id": "osm-way-706152038", "name": "Former Parliament Oak Public School", "layer": "disused", "categories": ["BROWNFIELD"], "freshness": "RECENT", "source": {"name": "OpenStreetMap via Overpass", "url": "https://www.openstreetmap.org/way/706152038", "license": "ODbL 1.0", "license_url": "https://opendatacommons.org/licenses/odbl/1-0/", "attribution": "© OpenStreetMap contributors", "source_id": "way/706152038", "retrieved_at": "2026-08-19"}, "osm_tags": {"landuse": "brownfield", "name": "Former Parliament Oak Public School"}}}, {"type": "Feature", "geometry": {"type": "Polygon", "coordinates": [[[-79.234871, 42.9803041], [-79.2330578, 42.9803119], [-79.2329881, 42.97864], [-79.2348629, 42.9786342], [-79.234871, 42.9803041]]]}, "properties": {"id": "osm-way-706162018", "name": "Former École élémentaire Champlain", "layer": "disused", "categories": ["BROWNFIELD"], "freshness": "RECENT", "source": {"name": "OpenStreetMap via Overpass", "url": "https://www.openstreetmap.org/way/706162018", "license": "ODbL 1.0", "license_url": "https://opendatacommons.org/licenses/odbl/1-0/", "attribution": "© OpenStreetMap contributors", "source_id": "way/706162018", "retrieved_at": "2026-08-19"}, "osm_tags": {"addr:city": "Welland", "addr:housenumber": "101", "addr:postcode": "L3B 1W1", "addr:street": "Afton Avenue", "landuse": "brownfield", "name": "Former École élémentaire Champlain", "operator": "Conseil scolaire Viamonde"}}}, {"type": "Feature", "geometry": {"type": "Polygon", "coordinates": [[[-79.7800206, 43.2410928], [-79.7820711, 43.2402868], [-79.7821771, 43.2400161], [-79.7824761, 43.2399155], [-79.7812568, 43.2395296], [-79.7806241, 43.2393293], [-79.7804765, 43.2396693], [-79.7800219, 43.2408573], [-79.7800206, 43.2410928]]]}, "properties": {"id": "osm-way-707462417", "name": "Former St. Helen Elementary School", "layer": "disused", "categories": ["BROWNFIELD"], "freshness": "RECENT", "source": {"name": "OpenStreetMap via Overpass", "url": "https://www.openstreetmap.org/way/707462417", "license": "ODbL 1.0", "license_url": "https://opendatacommons.org/licenses/odbl/1-0/", "attribution": "© OpenStreetMap contributors", "source_id": "way/707462417", "retrieved_at": "2026-08-19"}, "osm_tags": {"landuse": "brownfield", "name": "Former St. Helen Elementary School"}}}, {"type": "Feature", "geometry": {"type": "Polygon", "coordinates": [[[-80.2870721, 43.1613589], [-80.2850765, 43.1624952], [-80.2855513, 43.1628904], [-80.2858436, 43.1627241], [-80.2863532, 43.1626497], [-80.2876139, 43.1619347], [-80.2876273, 43.1618789], [-80.2870721, 43.1613589]]]}, "properties": {"id": "osm-way-709847084", "name": "Former St. Bernard School", "layer": "disused", "categories": ["BROWNFIELD"], "freshness": "RECENT", "source": {"name": "OpenStreetMap via Overpass", "url": "https://www.openstreetmap.org/way/709847084", "license": "ODbL 1.0", "license_url": "https://opendatacommons.org/licenses/odbl/1-0/", "attribution": "© OpenStreetMap contributors", "source_id": "way/709847084", "retrieved_at": "2026-08-19"}, "osm_tags": {"landuse": "brownfield", "name": "Former St. Bernard School"}}}, {"type": "Feature", "geometry": {"type": "Polygon", "coordinates": [[[-79.6989602, 43.4346132], [-79.6986118, 43.4347569], [-79.6980948, 43.435238], [-79.6993357, 43.4359688], [-79.7000974, 43.4352637], [-79.6989602, 43.4346132]]]}, "properties": {"id": "osm-way-771166157", "name": "", "layer": "disused", "categories": ["BROWNFIELD"], "freshness": "RECENT", "source": {"name": "OpenStreetMap via Overpass", "url": "https://www.openstreetmap.org/way/771166157", "license": "ODbL 1.0", "license_url": "https://opendatacommons.org/licenses/odbl/1-0/", "attribution": "© OpenStreetMap contributors", "source_id": "way/771166157", "retrieved_at": "2026-08-19"}, "osm_tags": {"landuse": "brownfield"}}}, {"type": "Feature", "geometry": {"type": "Polygon", "coordinates": [[[-79.6975231, 43.4169741], [-79.6984077, 43.4175625], [-79.6977152, 43.4182195], [-79.6968693, 43.4175709], [-79.6975231, 43.4169741]]]}, "properties": {"id": "osm-way-771167502", "name": "", "layer": "disused", "categories": ["BROWNFIELD"], "freshness": "RECENT", "source": {"name": "OpenStreetMap via Overpass", "url": "https://www.openstreetmap.org/way/771167502", "license": "ODbL 1.0", "license_url": "https://opendatacommons.org/licenses/odbl/1-0/", "attribution": "© OpenStreetMap contributors", "source_id": "way/771167502", "retrieved_at": "2026-08-19"}, "osm_tags": {"landuse": "brownfield"}}}, {"type": "Feature", "geometry": {"type": "Polygon", "coordinates": [[[-79.7202749, 43.413194], [-79.7208402, 43.4136163], [-79.7196186, 43.4147822], [-79.7189475, 43.4143672], [-79.719056, 43.4141946], [-79.7202749, 43.413194]]]}, "properties": {"id": "osm-way-771169312", "name": "", "layer": "disused", "categories": ["BROWNFIELD"], "freshness": "RECENT", "source": {"name": "OpenStreetMap via Overpass", "url": "https://www.openstreetmap.org/way/771169312", "license": "ODbL 1.0", "license_url": "https://opendatacommons.org/licenses/odbl/1-0/", "attribution": "© OpenStreetMap contributors", "source_id": "way/771169312", "retrieved_at": "2026-08-19"}, "osm_tags": {"landuse": "brownfield"}}}, {"type": "Feature", "geometry": {"type": "Polygon", "coordinates": [[[-79.823927, 43.3556619], [-79.8243025, 43.3559271], [-79.8251715, 43.3553382], [-79.8248416, 43.3550768], [-79.8255122, 43.354599], [-79.82509, 43.3542778], [-79.8232544, 43.3555776], [-79.8236132, 43.3558433], [-79.823927, 43.3556619]]]}, "properties": {"id": "osm-way-772710669", "name": "", "layer": "disused", "categories": ["BROWNFIELD"], "freshness": "RECENT", "source": {"name": "OpenStreetMap via Overpass", "url": "https://www.openstreetmap.org/way/772710669", "license": "ODbL 1.0", "license_url": "https://opendatacommons.org/licenses/odbl/1-0/", "attribution": "© OpenStreetMap contributors", "source_id": "way/772710669", "retrieved_at": "2026-08-19"}, "osm_tags": {"landuse": "brownfield"}}}, {"type": "Feature", "geometry": {"type": "Polygon", "coordinates": [[[-80.235469, 43.5450371], [-80.2352196, 43.5442944], [-80.23449, 43.5444383], [-80.2346402, 43.5448174], [-80.2344847, 43.5448485], [-80.2346107, 43.5452062], [-80.235469, 43.5450371]]]}, "properties": {"id": "osm-way-772824202", "name": "Tytler Public School (Closed)", "layer": "disused", "categories": ["BROWNFIELD", "DISUSED (RECORDED)"], "freshness": "RECENT", "source": {"name": "OpenStreetMap via Overpass", "url": "https://www.openstreetmap.org/way/772824202", "license": "ODbL 1.0", "license_url": "https://opendatacommons.org/licenses/odbl/1-0/", "attribution": "© OpenStreetMap contributors", "source_id": "way/772824202", "retrieved_at": "2026-08-19"}, "osm_tags": {"disused:amenity": "school", "landuse": "brownfield", "name": "Tytler Public School (Closed)"}}}, {"type": "Feature", "geometry": {"type": "Polygon", "coordinates": [[[-80.2301816, 43.5498746], [-80.2321396, 43.5513011], [-80.2313041, 43.5516377], [-80.230552, 43.5518852], [-80.2293004, 43.5522146], [-80.2286174, 43.5523363], [-80.228054, 43.5524296], [-80.2274147, 43.5519591], [-80.2301816, 43.5498746]]]}, "properties": {"id": "osm-way-772824209", "name": "IMICO Guelph Site", "layer": "disused", "categories": ["BROWNFIELD"], "freshness": "RECENT", "source": {"name": "OpenStreetMap via Overpass", "url": "https://www.openstreetmap.org/way/772824209", "license": "ODbL 1.0", "license_url": "https://opendatacommons.org/licenses/odbl/1-0/", "attribution": "© OpenStreetMap contributors", "source_id": "way/772824209", "retrieved_at": "2026-08-19"}, "osm_tags": {"addr:city": "Guelph", "addr:housenumber": "200", "addr:province": "ON", "addr:street": "Beverley St", "landuse": "brownfield", "name": "IMICO Guelph Site"}}}, {"type": "Feature", "geometry": {"type": "Polygon", "coordinates": [[[-80.2679747, 43.5446988], [-80.269625, 43.54591], [-80.2687432, 43.5465705], [-80.2682242, 43.5462036], [-80.2682289, 43.5458964], [-80.2672841, 43.5452218], [-80.2679747, 43.5446988]]]}, "properties": {"id": "osm-way-772950210", "name": "", "layer": "disused", "categories": ["BROWNFIELD"], "freshness": "RECENT", "source": {"name": "OpenStreetMap via Overpass", "url": "https://www.openstreetmap.org/way/772950210", "license": "ODbL 1.0", "license_url": "https://opendatacommons.org/licenses/odbl/1-0/", "attribution": "© OpenStreetMap contributors", "source_id": "way/772950210", "retrieved_at": "2026-08-19"}, "osm_tags": {"landuse": "brownfield", "old_name": "White Rose"}}}, {"type": "Feature", "geometry": {"type": "Polygon", "coordinates": [[[-79.9819091, 43.203424], [-79.9811581, 43.2035707], [-79.9812225, 43.2040243], [-79.9810427, 43.2041905], [-79.9807155, 43.2042217], [-79.980855, 43.2047535], [-79.981783, 43.2046401], [-79.9821156, 43.2045306], [-79.9821532, 43.2044133], [-79.9819091, 43.203424]]]}, "properties": {"id": "osm-way-775603240", "name": "Former School", "layer": "disused", "categories": ["BROWNFIELD", "DISUSED (RECORDED)"], "freshness": "RECENT", "source": {"name": "OpenStreetMap via Overpass", "url": "https://www.openstreetmap.org/way/775603240", "license": "ODbL 1.0", "license_url": "https://opendatacommons.org/licenses/odbl/1-0/", "attribution": "© OpenStreetMap contributors", "source_id": "way/775603240", "retrieved_at": "2026-08-19"}, "osm_tags": {"disused:amenity": "school", "landuse": "brownfield", "name": "Former School"}}}, {"type": "Feature", "geometry": {"type": "Polygon", "coordinates": [[[-79.9318269, 43.2566509], [-79.9303195, 43.2566333], [-79.9302578, 43.2563188], [-79.9317223, 43.256352], [-79.9318269, 43.2566509]]]}, "properties": {"id": "osm-way-775643857", "name": "", "layer": "disused", "categories": ["BROWNFIELD"], "freshness": "RECENT", "source": {"name": "OpenStreetMap via Overpass", "url": "https://www.openstreetmap.org/way/775643857", "license": "ODbL 1.0", "license_url": "https://opendatacommons.org/licenses/odbl/1-0/", "attribution": "© OpenStreetMap contributors", "source_id": "way/775643857", "retrieved_at": "2026-08-19"}, "osm_tags": {"landuse": "brownfield"}}}, {"type": "Feature", "geometry": {"type": "Polygon", "coordinates": [[[-79.8941338, 43.2553304], [-79.8989511, 43.2533691], [-79.8990476, 43.2536113], [-79.8980498, 43.2559014], [-79.8971379, 43.2558383], [-79.8958933, 43.2557992], [-79.894917, 43.2555726], [-79.8941338, 43.2553304]]]}, "properties": {"id": "osm-way-775733651", "name": "Future Hamilton LRT OMSF", "layer": "disused", "categories": ["BROWNFIELD"], "freshness": "RECENT", "source": {"name": "OpenStreetMap via Overpass", "url": "https://www.openstreetmap.org/way/775733651", "license": "ODbL 1.0", "license_url": "https://opendatacommons.org/licenses/odbl/1-0/", "attribution": "© OpenStreetMap contributors", "source_id": "way/775733651", "retrieved_at": "2026-08-19"}, "osm_tags": {"landuse": "brownfield", "name": "Future Hamilton LRT OMSF"}}}, {"type": "Feature", "geometry": {"type": "Polygon", "coordinates": [[[-79.8733467, 43.2678586], [-79.8707235, 43.267218], [-79.8713619, 43.265597], [-79.8755193, 43.2665266], [-79.8751223, 43.2674251], [-79.8741996, 43.2677298], [-79.8733467, 43.2678586]]]}, "properties": {"id": "osm-way-775814856", "name": "", "layer": "disused", "categories": ["BROWNFIELD"], "freshness": "RECENT", "source": {"name": "OpenStreetMap via Overpass", "url": "https://www.openstreetmap.org/way/775814856", "license": "ODbL 1.0", "license_url": "https://opendatacommons.org/licenses/odbl/1-0/", "attribution": "© OpenStreetMap contributors", "source_id": "way/775814856", "retrieved_at": "2026-08-19"}, "osm_tags": {"landuse": "brownfield"}}}, {"type": "Feature", "geometry": {"type": "Polygon", "coordinates": [[[-79.8744472, 43.2387844], [-79.8731828, 43.2384643], [-79.8736943, 43.237372], [-79.8744289, 43.2375593], [-79.8742555, 43.2379204], [-79.874788, 43.2380561], [-79.8744472, 43.2387844]]]}, "properties": {"id": "osm-way-775821745", "name": "Former School", "layer": "disused", "categories": ["BROWNFIELD", "DISUSED (RECORDED)"], "freshness": "RECENT", "source": {"name": "OpenStreetMap via Overpass", "url": "https://www.openstreetmap.org/way/775821745", "license": "ODbL 1.0", "license_url": "https://opendatacommons.org/licenses/odbl/1-0/", "attribution": "© OpenStreetMap contributors", "source_id": "way/775821745", "retrieved_at": "2026-08-19"}, "osm_tags": {"disused:amenity": "school", "landuse": "brownfield", "name": "Former School"}}}, {"type": "Feature", "geometry": {"type": "Polygon", "coordinates": [[[-79.8444311, 43.2655001], [-79.8481929, 43.2664251], [-79.8476437, 43.2676795], [-79.8447935, 43.2671349], [-79.8448346, 43.2670254], [-79.8446691, 43.2669204], [-79.844616, 43.2669497], [-79.8442066, 43.2668694], [-79.8440814, 43.2667242], [-79.8439647, 43.2666763], [-79.8438735, 43.2664863], [-79.8438607, 43.2662561], [-79.8438862, 43.2662623], [-79.8438998, 43.2660582], [-79.8441618, 43.266117], [-79.8444311, 43.2655001]]]}, "properties": {"id": "osm-way-775822491", "name": "Hamilton Central Business Park", "layer": "disused", "categories": ["BROWNFIELD"], "freshness": "RECENT", "source": {"name": "OpenStreetMap via Overpass", "url": "https://www.openstreetmap.org/way/775822491", "license": "ODbL 1.0", "license_url": "https://opendatacommons.org/licenses/odbl/1-0/", "attribution": "© OpenStreetMap contributors", "source_id": "way/775822491", "retrieved_at": "2026-08-19"}, "osm_tags": {"landuse": "brownfield", "name": "Hamilton Central Business Park"}}}, {"type": "Feature", "geometry": {"type": "Polygon", "coordinates": [[[-79.8503011, 43.2681125], [-79.8512024, 43.2660032], [-79.8536754, 43.2665813], [-79.8534608, 43.2669251], [-79.8526481, 43.2673958], [-79.8520634, 43.2676672], [-79.8514652, 43.2678665], [-79.8509342, 43.2679915], [-79.8503011, 43.2681125]]]}, "properties": {"id": "osm-way-775822493", "name": "", "layer": "disused", "categories": ["BROWNFIELD"], "freshness": "RECENT", "source": {"name": "OpenStreetMap via Overpass", "url": "https://www.openstreetmap.org/way/775822493", "license": "ODbL 1.0", "license_url": "https://opendatacommons.org/licenses/odbl/1-0/", "attribution": "© OpenStreetMap contributors", "source_id": "way/775822493", "retrieved_at": "2026-08-19"}, "osm_tags": {"landuse": "brownfield"}}}, {"type": "Feature", "geometry": {"type": "Polygon", "coordinates": [[[-79.8587192, 43.2748665], [-79.8582921, 43.2747955], [-79.8574117, 43.2745856], [-79.85711, 43.2744333], [-79.8569731, 43.2745593], [-79.8568524, 43.2746862], [-79.8568028, 43.2747692], [-79.8566741, 43.2750533], [-79.8566459, 43.2753795], [-79.8559916, 43.2765712], [-79.8585227, 43.2770872], [-79.8597728, 43.2773824], [-79.8598069, 43.2772991], [-79.8590291, 43.2765287], [-79.8592048, 43.2761508], [-79.8600859, 43.276204], [-79.8598739, 43.2757798], [-79.8597962, 43.2752925], [-79.8594647, 43.2752527], [-79.8589272, 43.2751881], [-79.8587192, 43.2748665]]]}, "properties": {"id": "osm-way-775822501", "name": "", "layer": "disused", "categories": ["BROWNFIELD"], "freshness": "RECENT", "source": {"name": "OpenStreetMap via Overpass", "url": "https://www.openstreetmap.org/way/775822501", "license": "ODbL 1.0", "license_url": "https://opendatacommons.org/licenses/odbl/1-0/", "attribution": "© OpenStreetMap contributors", "source_id": "way/775822501", "retrieved_at": "2026-08-19"}, "osm_tags": {"landuse": "brownfield"}}}, {"type": "Feature", "geometry": {"type": "Polygon", "coordinates": [[[-79.8392987, 43.2582468], [-79.8386094, 43.2580788], [-79.8388129, 43.257653], [-79.8389474, 43.2573316], [-79.8396608, 43.2575026], [-79.8392987, 43.2582468]]]}, "properties": {"id": "osm-way-777564354", "name": "Former Gibson Elementary School", "layer": "disused", "categories": ["BROWNFIELD", "DISUSED (RECORDED)"], "freshness": "RECENT", "source": {"name": "OpenStreetMap via Overpass", "url": "https://www.openstreetmap.org/way/777564354", "license": "ODbL 1.0", "license_url": "https://opendatacommons.org/licenses/odbl/1-0/", "attribution": "© OpenStreetMap contributors", "source_id": "way/777564354", "retrieved_at": "2026-08-19"}, "osm_tags": {"disused:amenity": "school", "landuse": "brownfield", "name": "Former Gibson Elementary School"}}}, {"type": "Feature", "geometry": {"type": "Polygon", "coordinates": [[[-79.8075132, 43.247767], [-79.8074408, 43.2479282], [-79.8068574, 43.2477963], [-79.8069285, 43.24764], [-79.8070854, 43.2472425], [-79.8075011, 43.2473245], [-79.8073804, 43.2476039], [-79.8075709, 43.2476586], [-79.8075132, 43.247767]]]}, "properties": {"id": "osm-way-777594776", "name": "", "layer": "disused", "categories": ["BROWNFIELD"], "freshness": "RECENT", "source": {"name": "OpenStreetMap via Overpass", "url": "https://www.openstreetmap.org/way/777594776", "license": "ODbL 1.0", "license_url": "https://opendatacommons.org/licenses/odbl/1-0/", "attribution": "© OpenStreetMap contributors", "source_id": "way/777594776", "retrieved_at": "2026-08-19"}, "osm_tags": {"landuse": "brownfield"}}}, {"type": "Feature", "geometry": {"type": "Polygon", "coordinates": [[[-79.7990683, 43.2373206], [-79.7995538, 43.2361804], [-79.7996664, 43.2361609], [-79.7998971, 43.2363308], [-79.8002283, 43.2367598], [-79.8005247, 43.2371721], [-79.8002297, 43.2378638], [-79.7995645, 43.2377114], [-79.7996503, 43.2374515], [-79.7990683, 43.2373206]]]}, "properties": {"id": "osm-way-778163765", "name": "", "layer": "disused", "categories": ["BROWNFIELD"], "freshness": "RECENT", "source": {"name": "OpenStreetMap via Overpass", "url": "https://www.openstreetmap.org/way/778163765", "license": "ODbL 1.0", "license_url": "https://opendatacommons.org/licenses/odbl/1-0/", "attribution": "© OpenStreetMap contributors", "source_id": "way/778163765", "retrieved_at": "2026-08-19"}, "osm_tags": {"landuse": "brownfield"}}}, {"type": "Feature", "geometry": {"type": "Polygon", "coordinates": [[[-79.2042358, 43.0911385], [-79.2071664, 43.0911508], [-79.2069197, 43.0934621], [-79.2065764, 43.0942221], [-79.2040014, 43.0942221], [-79.2040873, 43.0923809], [-79.2042358, 43.0911385]]]}, "properties": {"id": "osm-way-783631742", "name": "", "layer": "disused", "categories": ["BROWNFIELD"], "freshness": "RECENT", "source": {"name": "OpenStreetMap via Overpass", "url": "https://www.openstreetmap.org/way/783631742", "license": "ODbL 1.0", "license_url": "https://opendatacommons.org/licenses/odbl/1-0/", "attribution": "© OpenStreetMap contributors", "source_id": "way/783631742", "retrieved_at": "2026-08-19"}, "osm_tags": {"landuse": "brownfield"}}}, {"type": "Feature", "geometry": {"type": "Polygon", "coordinates": [[[-79.1998172, 43.1022284], [-79.1996992, 43.099941], [-79.2009437, 43.098764], [-79.2009598, 43.0990656], [-79.2010081, 43.0998627], [-79.2014909, 43.0994945], [-79.2016196, 43.0987659], [-79.2024136, 43.0990166], [-79.2019844, 43.1002465], [-79.2024887, 43.1007087], [-79.2018342, 43.1017584], [-79.200933, 43.1022519], [-79.1998172, 43.1022284]]]}, "properties": {"id": "osm-way-783631747", "name": "", "layer": "disused", "categories": ["BROWNFIELD"], "freshness": "RECENT", "source": {"name": "OpenStreetMap via Overpass", "url": "https://www.openstreetmap.org/way/783631747", "license": "ODbL 1.0", "license_url": "https://opendatacommons.org/licenses/odbl/1-0/", "attribution": "© OpenStreetMap contributors", "source_id": "way/783631747", "retrieved_at": "2026-08-19"}, "osm_tags": {"landuse": "brownfield"}}}, {"type": "Feature", "geometry": {"type": "Polygon", "coordinates": [[[-79.0857924, 43.113048], [-79.0858555, 43.1145336], [-79.0856516, 43.1151054], [-79.082787, 43.1149409], [-79.0827765, 43.112809], [-79.0840412, 43.1128086], [-79.0840515, 43.1130741], [-79.0857924, 43.113048]]]}, "properties": {"id": "osm-way-783767700", "name": "", "layer": "disused", "categories": ["BROWNFIELD"], "freshness": "RECENT", "source": {"name": "OpenStreetMap via Overpass", "url": "https://www.openstreetmap.org/way/783767700", "license": "ODbL 1.0", "license_url": "https://opendatacommons.org/licenses/odbl/1-0/", "attribution": "© OpenStreetMap contributors", "source_id": "way/783767700", "retrieved_at": "2026-08-19"}, "osm_tags": {"landuse": "brownfield"}}}, {"type": "Feature", "geometry": {"type": "Polygon", "coordinates": [[[-79.0752125, 43.1109543], [-79.0765858, 43.113022], [-79.0779054, 43.1155674], [-79.0788496, 43.1163898], [-79.0821648, 43.1161548], [-79.082036, 43.115309], [-79.0797937, 43.1154186], [-79.07975, 43.115029], [-79.0790749, 43.1150349], [-79.0790569, 43.114009], [-79.0787208, 43.1139932], [-79.0787691, 43.1118002], [-79.0781254, 43.1118002], [-79.0771866, 43.1118315], [-79.0768701, 43.1115927], [-79.0761191, 43.1113655], [-79.0757865, 43.1110679], [-79.0749979, 43.1102964], [-79.0746117, 43.1095053], [-79.0742254, 43.109662], [-79.074719, 43.1106567], [-79.0736139, 43.1106802], [-79.075191, 43.1119177], [-79.0754485, 43.1117767], [-79.0749443, 43.1110248], [-79.0752125, 43.1109543]]]}, "properties": {"id": "osm-way-783767701", "name": "", "layer": "disused", "categories": ["BROWNFIELD"], "freshness": "RECENT", "source": {"name": "OpenStreetMap via Overpass", "url": "https://www.openstreetmap.org/way/783767701", "license": "ODbL 1.0", "license_url": "https://opendatacommons.org/licenses/odbl/1-0/", "attribution": "© OpenStreetMap contributors", "source_id": "way/783767701", "retrieved_at": "2026-08-19"}, "osm_tags": {"landuse": "brownfield"}}}, {"type": "Feature", "geometry": {"type": "Polygon", "coordinates": [[[-79.0645909, 43.1117141], [-79.0644515, 43.1096541], [-79.0672517, 43.1096933], [-79.0721226, 43.1105549], [-79.0732813, 43.1111501], [-79.0732491, 43.1118237], [-79.0652561, 43.1120117], [-79.0645909, 43.1117141]]]}, "properties": {"id": "osm-way-783767704", "name": "", "layer": "disused", "categories": ["BROWNFIELD"], "freshness": "RECENT", "source": {"name": "OpenStreetMap via Overpass", "url": "https://www.openstreetmap.org/way/783767704", "license": "ODbL 1.0", "license_url": "https://opendatacommons.org/licenses/odbl/1-0/", "attribution": "© OpenStreetMap contributors", "source_id": "way/783767704", "retrieved_at": "2026-08-19"}, "osm_tags": {"landuse": "brownfield"}}}, {"type": "Feature", "geometry": {"type": "Polygon", "coordinates": [[[-79.0628448, 43.1075785], [-79.0620965, 43.1075628], [-79.062075, 43.1067639], [-79.0628153, 43.1067678], [-79.0628448, 43.1075785]]]}, "properties": {"id": "osm-way-784094579", "name": "", "layer": "disused", "categories": ["BROWNFIELD"], "freshness": "RECENT", "source": {"name": "OpenStreetMap via Overpass", "url": "https://www.openstreetmap.org/way/784094579", "license": "ODbL 1.0", "license_url": "https://opendatacommons.org/licenses/odbl/1-0/", "attribution": "© OpenStreetMap contributors", "source_id": "way/784094579", "retrieved_at": "2026-08-19"}, "osm_tags": {"landuse": "brownfield"}}}, {"type": "Feature", "geometry": {"type": "Polygon", "coordinates": [[[-79.0717605, 43.1090745], [-79.0717444, 43.1086848], [-79.0724418, 43.108677], [-79.0724552, 43.1090706], [-79.0717605, 43.1090745]]]}, "properties": {"id": "osm-way-784094584", "name": "", "layer": "disused", "categories": ["BROWNFIELD"], "freshness": "RECENT", "source": {"name": "OpenStreetMap via Overpass", "url": "https://www.openstreetmap.org/way/784094584", "license": "ODbL 1.0", "license_url": "https://opendatacommons.org/licenses/odbl/1-0/", "attribution": "© OpenStreetMap contributors", "source_id": "way/784094584", "retrieved_at": "2026-08-19"}, "osm_tags": {"landuse": "brownfield"}}}, {"type": "Feature", "geometry": {"type": "Polygon", "coordinates": [[[-79.1128278, 43.0996198], [-79.1113258, 43.0996668], [-79.1112936, 43.0980452], [-79.1148341, 43.0979355], [-79.1148891, 43.0995776], [-79.1128278, 43.0996198]]]}, "properties": {"id": "osm-way-784098092", "name": "", "layer": "disused", "categories": ["BROWNFIELD"], "freshness": "RECENT", "source": {"name": "OpenStreetMap via Overpass", "url": "https://www.openstreetmap.org/way/784098092", "license": "ODbL 1.0", "license_url": "https://opendatacommons.org/licenses/odbl/1-0/", "attribution": "© OpenStreetMap contributors", "source_id": "way/784098092", "retrieved_at": "2026-08-19"}, "osm_tags": {"landuse": "brownfield"}}}, {"type": "Feature", "geometry": {"type": "Polygon", "coordinates": [[[-79.093473, 43.0932329], [-79.0925074, 43.0932564], [-79.0924698, 43.0937089], [-79.0926495, 43.0937089], [-79.0925932, 43.0941535], [-79.0940684, 43.0941574], [-79.0940201, 43.0936854], [-79.0935078, 43.0936815], [-79.093473, 43.0932329]]]}, "properties": {"id": "osm-way-784099310", "name": "Former School", "layer": "disused", "categories": ["BROWNFIELD", "DISUSED (RECORDED)"], "freshness": "RECENT", "source": {"name": "OpenStreetMap via Overpass", "url": "https://www.openstreetmap.org/way/784099310", "license": "ODbL 1.0", "license_url": "https://opendatacommons.org/licenses/odbl/1-0/", "attribution": "© OpenStreetMap contributors", "source_id": "way/784099310", "retrieved_at": "2026-08-19"}, "osm_tags": {"disused:amenity": "school", "landuse": "brownfield", "name": "Former School"}}}, {"type": "Feature", "geometry": {"type": "Polygon", "coordinates": [[[-79.0893075, 43.0883615], [-79.089764, 43.0883651], [-79.0900062, 43.0894467], [-79.089396, 43.0894369], [-79.0893075, 43.0883615]]]}, "properties": {"id": "osm-way-784100199", "name": "", "layer": "disused", "categories": ["BROWNFIELD"], "freshness": "RECENT", "source": {"name": "OpenStreetMap via Overpass", "url": "https://www.openstreetmap.org/way/784100199", "license": "ODbL 1.0", "license_url": "https://opendatacommons.org/licenses/odbl/1-0/", "attribution": "© OpenStreetMap contributors", "source_id": "way/784100199", "retrieved_at": "2026-08-19"}, "osm_tags": {"landuse": "brownfield"}}}, {"type": "Feature", "geometry": {"type": "Polygon", "coordinates": [[[-79.0885189, 43.0902714], [-79.0885162, 43.0905632], [-79.0888087, 43.0905714], [-79.0887925, 43.0902341], [-79.0890071, 43.0902361], [-79.0889919, 43.0896044], [-79.0884841, 43.0896171], [-79.0885189, 43.0902714]]]}, "properties": {"id": "osm-way-784100208", "name": "", "layer": "disused", "categories": ["BROWNFIELD"], "freshness": "RECENT", "source": {"name": "OpenStreetMap via Overpass", "url": "https://www.openstreetmap.org/way/784100208", "license": "ODbL 1.0", "license_url": "https://opendatacommons.org/licenses/odbl/1-0/", "attribution": "© OpenStreetMap contributors", "source_id": "way/784100208", "retrieved_at": "2026-08-19"}, "osm_tags": {"landuse": "brownfield"}}}, {"type": "Feature", "geometry": {"type": "Polygon", "coordinates": [[[-79.2543185, 42.9703328], [-79.2529218, 42.965467], [-79.2525402, 42.9644503], [-79.2521107, 42.9627366], [-79.252025, 42.9625282], [-79.2519438, 42.9624043], [-79.2517842, 42.9623824], [-79.2465627, 42.9623584], [-79.2464628, 42.9624409], [-79.2465096, 42.9654016], [-79.245286, 42.9654047], [-79.2437726, 42.9653895], [-79.2417687, 42.9653797], [-79.2418528, 42.9675873], [-79.2463374, 42.9676344], [-79.2465804, 42.9678496], [-79.2470201, 42.9678771], [-79.2479841, 42.9679678], [-79.2501863, 42.9679665], [-79.2511398, 42.9680395], [-79.2519675, 42.9681834], [-79.2521717, 42.9684356], [-79.2515545, 42.968932], [-79.25141, 42.9690557], [-79.2513101, 42.9703318], [-79.2543185, 42.9703328]]]}, "properties": {"id": "osm-way-786078780", "name": "", "layer": "disused", "categories": ["BROWNFIELD"], "freshness": "RECENT", "source": {"name": "OpenStreetMap via Overpass", "url": "https://www.openstreetmap.org/way/786078780", "license": "ODbL 1.0", "license_url": "https://opendatacommons.org/licenses/odbl/1-0/", "attribution": "© OpenStreetMap contributors", "source_id": "way/786078780", "retrieved_at": "2026-08-19"}, "osm_tags": {"landuse": "brownfield"}}}, {"type": "Feature", "geometry": {"type": "Polygon", "coordinates": [[[-79.2598059, 42.9848555], [-79.2593459, 42.9848523], [-79.2592281, 42.9848603], [-79.2592171, 42.9867291], [-79.2598016, 42.9867316], [-79.2598059, 42.9848555]]]}, "properties": {"id": "osm-way-786078791", "name": "", "layer": "disused", "categories": ["BROWNFIELD"], "freshness": "RECENT", "source": {"name": "OpenStreetMap via Overpass", "url": "https://www.openstreetmap.org/way/786078791", "license": "ODbL 1.0", "license_url": "https://opendatacommons.org/licenses/odbl/1-0/", "attribution": "© OpenStreetMap contributors", "source_id": "way/786078791", "retrieved_at": "2026-08-19"}, "osm_tags": {"landuse": "brownfield"}}}, {"type": "Feature", "geometry": {"type": "Polygon", "coordinates": [[[-79.2494836, 43.0263178], [-79.24954, 43.0250002], [-79.2495279, 43.0250002], [-79.248456, 43.0249977], [-79.2477751, 43.0249962], [-79.2477201, 43.0263384], [-79.2494836, 43.0263178]]]}, "properties": {"id": "osm-way-786079556", "name": "", "layer": "disused", "categories": ["BROWNFIELD"], "freshness": "RECENT", "source": {"name": "OpenStreetMap via Overpass", "url": "https://www.openstreetmap.org/way/786079556", "license": "ODbL 1.0", "license_url": "https://opendatacommons.org/licenses/odbl/1-0/", "attribution": "© OpenStreetMap contributors", "source_id": "way/786079556", "retrieved_at": "2026-08-19"}, "osm_tags": {"landuse": "brownfield"}}}, {"type": "Feature", "geometry": {"type": "Polygon", "coordinates": [[[-79.2322, 42.9934101], [-79.2314006, 42.9934113], [-79.2313998, 42.9931324], [-79.2317838, 42.9931318], [-79.2317836, 42.9930559], [-79.232199, 42.9930552], [-79.2322, 42.9934101]]]}, "properties": {"id": "osm-way-786082999", "name": "", "layer": "disused", "categories": ["BROWNFIELD"], "freshness": "RECENT", "source": {"name": "OpenStreetMap via Overpass", "url": "https://www.openstreetmap.org/way/786082999", "license": "ODbL 1.0", "license_url": "https://opendatacommons.org/licenses/odbl/1-0/", "attribution": "© OpenStreetMap contributors", "source_id": "way/786082999", "retrieved_at": "2026-08-19"}, "osm_tags": {"landuse": "brownfield"}}}, {"type": "Feature", "geometry": {"type": "Polygon", "coordinates": [[[-80.2850497, 43.1404244], [-80.2860367, 43.1401583], [-80.2871525, 43.1396416], [-80.2874637, 43.1409176], [-80.2852696, 43.1412073], [-80.2850497, 43.1404244]]]}, "properties": {"id": "osm-way-804723205", "name": "", "layer": "disused", "categories": ["BROWNFIELD"], "freshness": "RECENT", "source": {"name": "OpenStreetMap via Overpass", "url": "https://www.openstreetmap.org/way/804723205", "license": "ODbL 1.0", "license_url": "https://opendatacommons.org/licenses/odbl/1-0/", "attribution": "© OpenStreetMap contributors", "source_id": "way/804723205", "retrieved_at": "2026-08-19"}, "osm_tags": {"landuse": "brownfield"}}}, {"type": "Feature", "geometry": {"type": "Polygon", "coordinates": [[[-80.2911175, 43.1416268], [-80.2905723, 43.1414382], [-80.291082, 43.140763], [-80.2911678, 43.1406319], [-80.2916264, 43.1405876], [-80.2916072, 43.1409013], [-80.291436, 43.1411642], [-80.2911175, 43.1416268]]]}, "properties": {"id": "osm-way-804723213", "name": "Former School", "layer": "disused", "categories": ["BROWNFIELD", "DISUSED (RECORDED)"], "freshness": "RECENT", "source": {"name": "OpenStreetMap via Overpass", "url": "https://www.openstreetmap.org/way/804723213", "license": "ODbL 1.0", "license_url": "https://opendatacommons.org/licenses/odbl/1-0/", "attribution": "© OpenStreetMap contributors", "source_id": "way/804723213", "retrieved_at": "2026-08-19"}, "osm_tags": {"disused:amenity": "school", "landuse": "brownfield", "name": "Former School"}}}, {"type": "Feature", "geometry": {"type": "Polygon", "coordinates": [[[-80.2371723, 43.1424794], [-80.2369148, 43.1415596], [-80.2382451, 43.141221], [-80.2383361, 43.1419175], [-80.2383869, 43.1422693], [-80.2376068, 43.1423894], [-80.2371723, 43.1424794]]]}, "properties": {"id": "osm-way-804770002", "name": "", "layer": "disused", "categories": ["BROWNFIELD"], "freshness": "RECENT", "source": {"name": "OpenStreetMap via Overpass", "url": "https://www.openstreetmap.org/way/804770002", "license": "ODbL 1.0", "license_url": "https://opendatacommons.org/licenses/odbl/1-0/", "attribution": "© OpenStreetMap contributors", "source_id": "way/804770002", "retrieved_at": "2026-08-19"}, "osm_tags": {"landuse": "brownfield"}}}, {"type": "Feature", "geometry": {"type": "Polygon", "coordinates": [[[-79.2171925, 43.1451997], [-79.2171657, 43.1454854], [-79.2155027, 43.1460921], [-79.2145211, 43.1445226], [-79.2154464, 43.144501], [-79.2162001, 43.1445187], [-79.2162484, 43.1452154], [-79.2171925, 43.1451997]]]}, "properties": {"id": "osm-way-810863751", "name": "", "layer": "disused", "categories": ["BROWNFIELD"], "freshness": "RECENT", "source": {"name": "OpenStreetMap via Overpass", "url": "https://www.openstreetmap.org/way/810863751", "license": "ODbL 1.0", "license_url": "https://opendatacommons.org/licenses/odbl/1-0/", "attribution": "© OpenStreetMap contributors", "source_id": "way/810863751", "retrieved_at": "2026-08-19"}, "osm_tags": {"landuse": "brownfield"}}}, {"type": "Feature", "geometry": {"type": "Polygon", "coordinates": [[[-78.4264062, 42.5363093], [-78.4270301, 42.5363294], [-78.4270245, 42.5364248], [-78.4264006, 42.5364047], [-78.4264062, 42.5363093]]]}, "properties": {"id": "osm-way-825302240", "name": "", "layer": "disused", "categories": ["DISUSED (RECORDED)"], "freshness": "RECENT", "source": {"name": "OpenStreetMap via Overpass", "url": "https://www.openstreetmap.org/way/825302240", "license": "ODbL 1.0", "license_url": "https://opendatacommons.org/licenses/odbl/1-0/", "attribution": "© OpenStreetMap contributors", "source_id": "way/825302240", "retrieved_at": "2026-08-19"}, "osm_tags": {"building": "ruins"}}}, {"type": "Feature", "geometry": {"type": "Polygon", "coordinates": [[[-78.428142, 42.535788], [-78.428295, 42.535845], [-78.42822, 42.535954], [-78.428067, 42.535897], [-78.428142, 42.535788]]]}, "properties": {"id": "osm-way-825306037", "name": "", "layer": "disused", "categories": ["DISUSED (RECORDED)"], "freshness": "RECENT", "source": {"name": "OpenStreetMap via Overpass", "url": "https://www.openstreetmap.org/way/825306037", "license": "ODbL 1.0", "license_url": "https://opendatacommons.org/licenses/odbl/1-0/", "attribution": "© OpenStreetMap contributors", "source_id": "way/825306037", "retrieved_at": "2026-08-19"}, "osm_tags": {"building": "ruins"}}}, {"type": "Feature", "geometry": {"type": "Polygon", "coordinates": [[[-80.2979464, 43.3536765], [-80.2982005, 43.3543075], [-80.2981982, 43.3543316], [-80.2981852, 43.3543498], [-80.2981616, 43.3543628], [-80.2966154, 43.3545854], [-80.2965108, 43.3542967], [-80.2963445, 43.3543338], [-80.2961272, 43.3538111], [-80.2968085, 43.353657], [-80.2968891, 43.3538368], [-80.2974663, 43.3537167], [-80.2974817, 43.3537467], [-80.2979464, 43.3536765]]]}, "properties": {"id": "osm-way-827472719", "name": "Former School", "layer": "disused", "categories": ["BROWNFIELD", "DISUSED (RECORDED)"], "freshness": "RECENT", "source": {"name": "OpenStreetMap via Overpass", "url": "https://www.openstreetmap.org/way/827472719", "license": "ODbL 1.0", "license_url": "https://opendatacommons.org/licenses/odbl/1-0/", "attribution": "© OpenStreetMap contributors", "source_id": "way/827472719", "retrieved_at": "2026-08-19"}, "osm_tags": {"disused:amenity": "school", "landuse": "brownfield", "name": "Former School"}}}, {"type": "Feature", "geometry": {"type": "Polygon", "coordinates": [[[-80.2742191, 43.345684], [-80.272851, 43.3458884], [-80.2729878, 43.3462648], [-80.2741666, 43.3460884], [-80.2742191, 43.345684]]]}, "properties": {"id": "osm-way-827472730", "name": "", "layer": "disused", "categories": ["BROWNFIELD"], "freshness": "RECENT", "source": {"name": "OpenStreetMap via Overpass", "url": "https://www.openstreetmap.org/way/827472730", "license": "ODbL 1.0", "license_url": "https://opendatacommons.org/licenses/odbl/1-0/", "attribution": "© OpenStreetMap contributors", "source_id": "way/827472730", "retrieved_at": "2026-08-19"}, "osm_tags": {"landuse": "brownfield", "source": "Bing"}}}, {"type": "Feature", "geometry": {"type": "Polygon", "coordinates": [[[-78.6705386, 43.1773761], [-78.6704636, 43.1772704], [-78.6708428, 43.1771275], [-78.6708354, 43.177117], [-78.6710226, 43.1770465], [-78.6710056, 43.1770224], [-78.6710697, 43.1769983], [-78.6710938, 43.1770323], [-78.6711076, 43.177027], [-78.6711782, 43.1771266], [-78.6712029, 43.1771173], [-78.6712731, 43.1772165], [-78.6712639, 43.1772199], [-78.6713943, 43.177404], [-78.6716313, 43.1773147], [-78.6717833, 43.1775293], [-78.6718422, 43.1775071], [-78.6719691, 43.1776861], [-78.6711455, 43.1779965], [-78.6710117, 43.1778076], [-78.6709534, 43.1778296], [-78.670904, 43.1777599], [-78.6709493, 43.1777429], [-78.6708296, 43.177574], [-78.6710524, 43.17749], [-78.6709168, 43.1772986], [-78.6710591, 43.1772449], [-78.6710228, 43.1771936], [-78.6705386, 43.1773761]]]}, "properties": {"id": "osm-way-830877625", "name": "", "layer": "disused", "categories": ["DISUSED (RECORDED)"], "freshness": "RECENT", "source": {"name": "OpenStreetMap via Overpass", "url": "https://www.openstreetmap.org/way/830877625", "license": "ODbL 1.0", "license_url": "https://opendatacommons.org/licenses/odbl/1-0/", "attribution": "© OpenStreetMap contributors", "source_id": "way/830877625", "retrieved_at": "2026-08-19"}, "osm_tags": {"disused:building": "hospital", "source:data": "https://gis.ny.gov/gisdata", "source:imagery": "ESRI Sat & NYS Sat Imagery", "source:shape": "Modified MS Footprints https://cugir.library.cornell.edu"}}}, {"type": "Feature", "geometry": {"type": "Polygon", "coordinates": [[[-79.8528197, 43.3073623], [-79.8524563, 43.3070959], [-79.8525582, 43.3070129], [-79.852687, 43.3071105], [-79.8528157, 43.3070197], [-79.8530343, 43.3071964], [-79.8528197, 43.3073623]]]}, "properties": {"id": "osm-way-832066225", "name": "", "layer": "disused", "categories": ["BROWNFIELD"], "freshness": "RECENT", "source": {"name": "OpenStreetMap via Overpass", "url": "https://www.openstreetmap.org/way/832066225", "license": "ODbL 1.0", "license_url": "https://opendatacommons.org/licenses/odbl/1-0/", "attribution": "© OpenStreetMap contributors", "source_id": "way/832066225", "retrieved_at": "2026-08-19"}, "osm_tags": {"landuse": "brownfield"}}}, {"type": "Feature", "geometry": {"type": "Polygon", "coordinates": [[[-79.8383274, 43.3177839], [-79.8391428, 43.3183576], [-79.839465, 43.3180592], [-79.8392075, 43.3179226], [-79.838765, 43.3175108], [-79.8383274, 43.3177839]]]}, "properties": {"id": "osm-way-832068214", "name": "", "layer": "disused", "categories": ["BROWNFIELD"], "freshness": "RECENT", "source": {"name": "OpenStreetMap via Overpass", "url": "https://www.openstreetmap.org/way/832068214", "license": "ODbL 1.0", "license_url": "https://opendatacommons.org/licenses/odbl/1-0/", "attribution": "© OpenStreetMap contributors", "source_id": "way/832068214", "retrieved_at": "2026-08-19"}, "osm_tags": {"landuse": "brownfield"}}}, {"type": "Feature", "geometry": {"type": "Polygon", "coordinates": [[[-79.8102933, 43.3328738], [-79.809816, 43.3324828], [-79.8089779, 43.333074], [-79.8089734, 43.3331515], [-79.8096111, 43.3335911], [-79.8100869, 43.3332363], [-79.8099391, 43.3331178], [-79.8102933, 43.3328738]]]}, "properties": {"id": "osm-way-832610976", "name": "", "layer": "disused", "categories": ["BROWNFIELD"], "freshness": "RECENT", "source": {"name": "OpenStreetMap via Overpass", "url": "https://www.openstreetmap.org/way/832610976", "license": "ODbL 1.0", "license_url": "https://opendatacommons.org/licenses/odbl/1-0/", "attribution": "© OpenStreetMap contributors", "source_id": "way/832610976", "retrieved_at": "2026-08-19"}, "osm_tags": {"landuse": "brownfield"}}}, {"type": "Feature", "geometry": {"type": "Polygon", "coordinates": [[[-79.7990106, 43.325124], [-79.7986488, 43.3248723], [-79.7991358, 43.3244782], [-79.7995028, 43.3247328], [-79.7990106, 43.325124]]]}, "properties": {"id": "osm-way-832632195", "name": "", "layer": "disused", "categories": ["BROWNFIELD"], "freshness": "RECENT", "source": {"name": "OpenStreetMap via Overpass", "url": "https://www.openstreetmap.org/way/832632195", "license": "ODbL 1.0", "license_url": "https://opendatacommons.org/licenses/odbl/1-0/", "attribution": "© OpenStreetMap contributors", "source_id": "way/832632195", "retrieved_at": "2026-08-19"}, "osm_tags": {"landuse": "brownfield"}}}, {"type": "Feature", "geometry": {"type": "Polygon", "coordinates": [[[-79.8027214, 43.3375336], [-79.8019516, 43.3369737], [-79.8022708, 43.3367006], [-79.803105, 43.3372546], [-79.8027214, 43.3375336]]]}, "properties": {"id": "osm-way-832644379", "name": "", "layer": "disused", "categories": ["BROWNFIELD"], "freshness": "RECENT", "source": {"name": "OpenStreetMap via Overpass", "url": "https://www.openstreetmap.org/way/832644379", "license": "ODbL 1.0", "license_url": "https://opendatacommons.org/licenses/odbl/1-0/", "attribution": "© OpenStreetMap contributors", "source_id": "way/832644379", "retrieved_at": "2026-08-19"}, "osm_tags": {"landuse": "brownfield"}}}, {"type": "Feature", "geometry": {"type": "Polygon", "coordinates": [[[-79.8053849, 43.3481881], [-79.805629, 43.3480145], [-79.8067635, 43.348822], [-79.8065227, 43.3490191], [-79.8053849, 43.3481881]]]}, "properties": {"id": "osm-way-832993274", "name": "", "layer": "disused", "categories": ["BROWNFIELD"], "freshness": "RECENT", "source": {"name": "OpenStreetMap via Overpass", "url": "https://www.openstreetmap.org/way/832993274", "license": "ODbL 1.0", "license_url": "https://opendatacommons.org/licenses/odbl/1-0/", "attribution": "© OpenStreetMap contributors", "source_id": "way/832993274", "retrieved_at": "2026-08-19"}, "osm_tags": {"landuse": "brownfield"}}}, {"type": "Feature", "geometry": {"type": "Polygon", "coordinates": [[[-79.8656247, 43.2576428], [-79.8645316, 43.2572887], [-79.864366, 43.257631], [-79.8649085, 43.2577477], [-79.8649507, 43.2576745], [-79.8655522, 43.2578112], [-79.8656247, 43.2576428]]]}, "properties": {"id": "osm-way-833555671", "name": "", "layer": "disused", "categories": ["BROWNFIELD"], "freshness": "RECENT", "source": {"name": "OpenStreetMap via Overpass", "url": "https://www.openstreetmap.org/way/833555671", "license": "ODbL 1.0", "license_url": "https://opendatacommons.org/licenses/odbl/1-0/", "attribution": "© OpenStreetMap contributors", "source_id": "way/833555671", "retrieved_at": "2026-08-19"}, "osm_tags": {"landuse": "brownfield"}}}, {"type": "Feature", "geometry": {"type": "Polygon", "coordinates": [[[-79.8574073, 43.2533185], [-79.8570308, 43.2532694], [-79.8569343, 43.2536386], [-79.8572883, 43.2537207], [-79.8574073, 43.2533185]]]}, "properties": {"id": "osm-way-833555686", "name": "", "layer": "disused", "categories": ["BROWNFIELD"], "freshness": "RECENT", "source": {"name": "OpenStreetMap via Overpass", "url": "https://www.openstreetmap.org/way/833555686", "license": "ODbL 1.0", "license_url": "https://opendatacommons.org/licenses/odbl/1-0/", "attribution": "© OpenStreetMap contributors", "source_id": "way/833555686", "retrieved_at": "2026-08-19"}, "osm_tags": {"landuse": "brownfield"}}}, {"type": "Feature", "geometry": {"type": "Polygon", "coordinates": [[[-79.8744303, 43.3474879], [-79.8738697, 43.3471153], [-79.873572, 43.347047], [-79.8732796, 43.3471563], [-79.8729524, 43.3474937], [-79.8737195, 43.3480398], [-79.8744303, 43.3474879]]]}, "properties": {"id": "osm-way-834736923", "name": "", "layer": "disused", "categories": ["BROWNFIELD"], "freshness": "RECENT", "source": {"name": "OpenStreetMap via Overpass", "url": "https://www.openstreetmap.org/way/834736923", "license": "ODbL 1.0", "license_url": "https://opendatacommons.org/licenses/odbl/1-0/", "attribution": "© OpenStreetMap contributors", "source_id": "way/834736923", "retrieved_at": "2026-08-19"}, "osm_tags": {"landuse": "brownfield"}}}, {"type": "Feature", "geometry": {"type": "Polygon", "coordinates": [[[-78.7114687, 43.04157], [-78.7114429, 43.0415798], [-78.7114667, 43.0416131], [-78.7114898, 43.041646], [-78.7113937, 43.0416823], [-78.7113511, 43.0416222], [-78.7113349, 43.0416283], [-78.7113077, 43.0415899], [-78.7112719, 43.0416034], [-78.7112301, 43.0415443], [-78.711404, 43.0414786], [-78.7114687, 43.04157]]]}, "properties": {"id": "osm-way-835345507", "name": "", "layer": "disused", "categories": ["DISUSED (RECORDED)"], "freshness": "RECENT", "source": {"name": "OpenStreetMap via Overpass", "url": "https://www.openstreetmap.org/way/835345507", "license": "ODbL 1.0", "license_url": "https://opendatacommons.org/licenses/odbl/1-0/", "attribution": "© OpenStreetMap contributors", "source_id": "way/835345507", "retrieved_at": "2026-08-19"}, "osm_tags": {"addr:city": "East Amherst", "addr:housenumber": "36", "addr:postcode": "14051", "addr:state": "NY", "addr:street": "White Pine Court", "building": "ruins", "nysgissam:nysaddresspointid": "ERIE192802"}}}, {"type": "Feature", "geometry": {"type": "Polygon", "coordinates": [[[-79.9311261, 43.2580421], [-79.9311328, 43.2580598], [-79.931147, 43.2580569], [-79.9311621, 43.2580969], [-79.9311793, 43.2580934], [-79.931205, 43.2581614], [-79.931189, 43.2581647], [-79.9312047, 43.2582064], [-79.9311632, 43.2582148], [-79.9312138, 43.2583435], [-79.9312333, 43.2583389], [-79.9312368, 43.2584567], [-79.9311377, 43.2584583], [-79.9311188, 43.2584138], [-79.9310521, 43.2584276], [-79.9310607, 43.2584493], [-79.9309424, 43.2584512], [-79.9309124, 43.2583736], [-79.9309535, 43.2583651], [-79.9309502, 43.2583566], [-79.9309056, 43.2583221], [-79.9309202, 43.2582751], [-79.9308709, 43.2582396], [-79.9308857, 43.2581921], [-79.9308398, 43.258159], [-79.9308126, 43.2579951], [-79.9308092, 43.2579194], [-79.930872, 43.2579123], [-79.9309232, 43.2579091], [-79.9309882, 43.2579034], [-79.9310827, 43.2578963], [-79.9311347, 43.2580073], [-79.9311275, 43.258037], [-79.9311261, 43.2580421]]]}, "properties": {"id": "osm-way-835946096", "name": "", "layer": "disused", "categories": ["BROWNFIELD"], "freshness": "RECENT", "source": {"name": "OpenStreetMap via Overpass", "url": "https://www.openstreetmap.org/way/835946096", "license": "ODbL 1.0", "license_url": "https://opendatacommons.org/licenses/odbl/1-0/", "attribution": "© OpenStreetMap contributors", "source_id": "way/835946096", "retrieved_at": "2026-08-19"}, "osm_tags": {"landuse": "brownfield"}}}, {"type": "Feature", "geometry": {"type": "Polygon", "coordinates": [[[-80.1459637, 43.2358941], [-80.1445556, 43.2360192], [-80.1441157, 43.2360426], [-80.1438958, 43.235175], [-80.1448962, 43.2350636], [-80.1456928, 43.2350011], [-80.1459637, 43.2358941]]]}, "properties": {"id": "osm-way-837166320", "name": "Former School", "layer": "disused", "categories": ["BROWNFIELD", "DISUSED (RECORDED)"], "freshness": "RECENT", "source": {"name": "OpenStreetMap via Overpass", "url": "https://www.openstreetmap.org/way/837166320", "license": "ODbL 1.0", "license_url": "https://opendatacommons.org/licenses/odbl/1-0/", "attribution": "© OpenStreetMap contributors", "source_id": "way/837166320", "retrieved_at": "2026-08-19"}, "osm_tags": {"disused:amenity": "school", "landuse": "brownfield", "name": "Former School"}}}, {"type": "Feature", "geometry": {"type": "Polygon", "coordinates": [[[-79.862656, 43.2726621], [-79.8622625, 43.2727177], [-79.8622142, 43.2726884], [-79.8623376, 43.2723896], [-79.8625997, 43.2724531], [-79.862656, 43.2726621]]]}, "properties": {"id": "osm-way-837643395", "name": "", "layer": "disused", "categories": ["BROWNFIELD"], "freshness": "RECENT", "source": {"name": "OpenStreetMap via Overpass", "url": "https://www.openstreetmap.org/way/837643395", "license": "ODbL 1.0", "license_url": "https://opendatacommons.org/licenses/odbl/1-0/", "attribution": "© OpenStreetMap contributors", "source_id": "way/837643395", "retrieved_at": "2026-08-19"}, "osm_tags": {"landuse": "brownfield"}}}, {"type": "Feature", "geometry": {"type": "Polygon", "coordinates": [[[-79.8282934, 43.257763], [-79.8250186, 43.256983], [-79.8256613, 43.2553729], [-79.8269042, 43.2559145], [-79.8288569, 43.256438], [-79.8282934, 43.257763]]]}, "properties": {"id": "osm-way-839510337", "name": "", "layer": "disused", "categories": ["BROWNFIELD"], "freshness": "RECENT", "source": {"name": "OpenStreetMap via Overpass", "url": "https://www.openstreetmap.org/way/839510337", "license": "ODbL 1.0", "license_url": "https://opendatacommons.org/licenses/odbl/1-0/", "attribution": "© OpenStreetMap contributors", "source_id": "way/839510337", "retrieved_at": "2026-08-19"}, "osm_tags": {"landuse": "brownfield"}}}, {"type": "Feature", "geometry": {"type": "Polygon", "coordinates": [[[-79.7746722, 43.2303159], [-79.7740513, 43.2301605], [-79.7739695, 43.2301859], [-79.7739346, 43.2302289], [-79.7737415, 43.2306853], [-79.7744443, 43.2308484], [-79.7746722, 43.2303159]]]}, "properties": {"id": "osm-way-843222759", "name": "", "layer": "disused", "categories": ["BROWNFIELD"], "freshness": "RECENT", "source": {"name": "OpenStreetMap via Overpass", "url": "https://www.openstreetmap.org/way/843222759", "license": "ODbL 1.0", "license_url": "https://opendatacommons.org/licenses/odbl/1-0/", "attribution": "© OpenStreetMap contributors", "source_id": "way/843222759", "retrieved_at": "2026-08-19"}, "osm_tags": {"landuse": "brownfield"}}}, {"type": "Feature", "geometry": {"type": "Polygon", "coordinates": [[[-78.7170303, 42.9051856], [-78.7144446, 42.9049774], [-78.713361, 42.9049813], [-78.7118536, 42.9068084], [-78.7124384, 42.9069067], [-78.7138224, 42.9069067], [-78.7152171, 42.9067299], [-78.7162417, 42.9065334], [-78.7167084, 42.9059911], [-78.7170303, 42.9051856]]]}, "properties": {"id": "osm-way-844344736", "name": "", "layer": "disused", "categories": ["BROWNFIELD"], "freshness": "RECENT", "source": {"name": "OpenStreetMap via Overpass", "url": "https://www.openstreetmap.org/way/844344736", "license": "ODbL 1.0", "license_url": "https://opendatacommons.org/licenses/odbl/1-0/", "attribution": "© OpenStreetMap contributors", "source_id": "way/844344736", "retrieved_at": "2026-08-19"}, "osm_tags": {"landuse": "brownfield"}}}, {"type": "Feature", "geometry": {"type": "Polygon", "coordinates": [[[-78.7056981, 42.9425676], [-78.7057039, 42.9411897], [-78.7041836, 42.9411706], [-78.7038955, 42.9412704], [-78.7012395, 42.9408364], [-78.7009711, 42.9408603], [-78.6973924, 42.9424423], [-78.6973123, 42.9436828], [-78.6987209, 42.9436487], [-78.6987845, 42.9438692], [-78.7056981, 42.9425676]]]}, "properties": {"id": "osm-way-914518288", "name": "", "layer": "disused", "categories": ["BROWNFIELD"], "freshness": "RECENT", "source": {"name": "OpenStreetMap via Overpass", "url": "https://www.openstreetmap.org/way/914518288", "license": "ODbL 1.0", "license_url": "https://opendatacommons.org/licenses/odbl/1-0/", "attribution": "© OpenStreetMap contributors", "source_id": "way/914518288", "retrieved_at": "2026-08-19"}, "osm_tags": {"landuse": "brownfield"}}}, {"type": "Feature", "geometry": {"type": "Polygon", "coordinates": [[[-79.0647025, 43.1078783], [-79.0643036, 43.1077144], [-79.0638475, 43.1077187], [-79.0638608, 43.1085531], [-79.0657634, 43.1085517], [-79.0657537, 43.1082185], [-79.0650933, 43.1082416], [-79.0650156, 43.1079811], [-79.0647025, 43.1078783]]]}, "properties": {"id": "osm-way-915968599", "name": "", "layer": "disused", "categories": ["BROWNFIELD"], "freshness": "RECENT", "source": {"name": "OpenStreetMap via Overpass", "url": "https://www.openstreetmap.org/way/915968599", "license": "ODbL 1.0", "license_url": "https://opendatacommons.org/licenses/odbl/1-0/", "attribution": "© OpenStreetMap contributors", "source_id": "way/915968599", "retrieved_at": "2026-08-19"}, "osm_tags": {"landuse": "brownfield"}}}, {"type": "Feature", "geometry": {"type": "Polygon", "coordinates": [[[-78.5860343, 43.1818835], [-78.5860343, 43.181821], [-78.5859911, 43.181821], [-78.5859911, 43.1817876], [-78.5859517, 43.1817876], [-78.5859517, 43.1818835], [-78.5860343, 43.1818835]]]}, "properties": {"id": "osm-way-923973674", "name": "Belva Lockwood Homestead", "layer": "disused", "categories": ["DISUSED (RECORDED)"], "freshness": "RECENT", "source": {"name": "OpenStreetMap via Overpass", "url": "https://www.openstreetmap.org/way/923973674", "license": "ODbL 1.0", "license_url": "https://opendatacommons.org/licenses/odbl/1-0/", "attribution": "© OpenStreetMap contributors", "source_id": "way/923973674", "retrieved_at": "2026-08-19"}, "osm_tags": {"building": "ruins", "historic": "ruins", "historic:civilization": "modern", "name": "Belva Lockwood Homestead", "ruins": "house"}}}, {"type": "Feature", "geometry": {"type": "Polygon", "coordinates": [[[-79.2489588, 43.1744782], [-79.248619, 43.1744885], [-79.248607, 43.1743739], [-79.2485098, 43.1743783], [-79.2483386, 43.1743676], [-79.2482085, 43.1744378], [-79.2482781, 43.1745565], [-79.2483135, 43.1747854], [-79.2490048, 43.1747656], [-79.2489588, 43.1744782]]]}, "properties": {"id": "osm-way-942342472", "name": "", "layer": "disused", "categories": ["BROWNFIELD"], "freshness": "RECENT", "source": {"name": "OpenStreetMap via Overpass", "url": "https://www.openstreetmap.org/way/942342472", "license": "ODbL 1.0", "license_url": "https://opendatacommons.org/licenses/odbl/1-0/", "attribution": "© OpenStreetMap contributors", "source_id": "way/942342472", "retrieved_at": "2026-08-19"}, "osm_tags": {"landuse": "brownfield"}}}, {"type": "Feature", "geometry": {"type": "Polygon", "coordinates": [[[-79.8702514, 43.2560414], [-79.8695582, 43.2558648], [-79.8694911, 43.2560218], [-79.8701624, 43.2562043], [-79.8702514, 43.2560414]]]}, "properties": {"id": "osm-way-967296691", "name": "", "layer": "disused", "categories": ["BROWNFIELD"], "freshness": "RECENT", "source": {"name": "OpenStreetMap via Overpass", "url": "https://www.openstreetmap.org/way/967296691", "license": "ODbL 1.0", "license_url": "https://opendatacommons.org/licenses/odbl/1-0/", "attribution": "© OpenStreetMap contributors", "source_id": "way/967296691", "retrieved_at": "2026-08-19"}, "osm_tags": {"landuse": "brownfield"}}}, {"type": "Feature", "geometry": {"type": "Polygon", "coordinates": [[[-79.9025281, 43.2589581], [-79.9040489, 43.2587198], [-79.9039693, 43.2583843], [-79.9023511, 43.2586573], [-79.9025281, 43.2589581]]]}, "properties": {"id": "osm-way-974872636", "name": "", "layer": "disused", "categories": ["BROWNFIELD"], "freshness": "RECENT", "source": {"name": "OpenStreetMap via Overpass", "url": "https://www.openstreetmap.org/way/974872636", "license": "ODbL 1.0", "license_url": "https://opendatacommons.org/licenses/odbl/1-0/", "attribution": "© OpenStreetMap contributors", "source_id": "way/974872636", "retrieved_at": "2026-08-19"}, "osm_tags": {"landuse": "brownfield"}}}, {"type": "Feature", "geometry": {"type": "Polygon", "coordinates": [[[-78.7591156, 42.9060407], [-78.7595945, 42.9060472], [-78.7608476, 42.9060537], [-78.7608456, 42.9053583], [-78.7595688, 42.9053497], [-78.7595655, 42.9053897], [-78.7591154, 42.9053887], [-78.7591156, 42.9059717], [-78.7591156, 42.9060407]]]}, "properties": {"id": "osm-way-992238604", "name": "", "layer": "disused", "categories": ["BROWNFIELD"], "freshness": "RECENT", "source": {"name": "OpenStreetMap via Overpass", "url": "https://www.openstreetmap.org/way/992238604", "license": "ODbL 1.0", "license_url": "https://opendatacommons.org/licenses/odbl/1-0/", "attribution": "© OpenStreetMap contributors", "source_id": "way/992238604", "retrieved_at": "2026-08-19"}, "osm_tags": {"landuse": "brownfield"}}}, {"type": "Feature", "geometry": {"type": "Polygon", "coordinates": [[[-78.7875631, 42.8346284], [-78.7870517, 42.8344642], [-78.7871779, 42.8341769], [-78.787641, 42.8342984], [-78.7875696, 42.8344457], [-78.7876454, 42.8344658], [-78.7875631, 42.8346284]]]}, "properties": {"id": "osm-way-993047040", "name": "", "layer": "disused", "categories": ["DISUSED (RECORDED)"], "freshness": "RECENT", "source": {"name": "OpenStreetMap via Overpass", "url": "https://www.openstreetmap.org/way/993047040", "license": "ODbL 1.0", "license_url": "https://opendatacommons.org/licenses/odbl/1-0/", "attribution": "© OpenStreetMap contributors", "source_id": "way/993047040", "retrieved_at": "2026-08-19"}, "osm_tags": {"building": "ruins", "was:building": "yes"}}}, {"type": "Feature", "geometry": {"type": "Polygon", "coordinates": [[[-79.8640113, 43.2553978], [-79.8633608, 43.255218], [-79.863216, 43.2555083], [-79.8638222, 43.25566], [-79.8638859, 43.2556747], [-79.8640113, 43.2553978]]]}, "properties": {"id": "osm-way-1021472161", "name": "", "layer": "disused", "categories": ["BROWNFIELD"], "freshness": "RECENT", "source": {"name": "OpenStreetMap via Overpass", "url": "https://www.openstreetmap.org/way/1021472161", "license": "ODbL 1.0", "license_url": "https://opendatacommons.org/licenses/odbl/1-0/", "attribution": "© OpenStreetMap contributors", "source_id": "way/1021472161", "retrieved_at": "2026-08-19"}, "osm_tags": {"landuse": "brownfield"}}}, {"type": "Feature", "geometry": {"type": "Polygon", "coordinates": [[[-79.8113584, 43.1997246], [-79.8113825, 43.1996581], [-79.8112565, 43.1996327], [-79.811235, 43.1996991], [-79.8113584, 43.1997246]]]}, "properties": {"id": "osm-way-1028666592", "name": "Grassie Blacksmith Shop", "layer": "disused", "categories": ["DISUSED (RECORDED)"], "freshness": "RECENT", "source": {"name": "OpenStreetMap via Overpass", "url": "https://www.openstreetmap.org/way/1028666592", "license": "ODbL 1.0", "license_url": "https://opendatacommons.org/licenses/odbl/1-0/", "attribution": "© OpenStreetMap contributors", "source_id": "way/1028666592", "retrieved_at": "2026-08-19"}, "osm_tags": {"building": "ruins", "material": "stone", "name": "Grassie Blacksmith Shop"}}}, {"type": "Feature", "geometry": {"type": "Polygon", "coordinates": [[[-79.8695473, 43.2658401], [-79.869837, 43.2659846], [-79.8699644, 43.2658294], [-79.8702018, 43.2659534], [-79.8703104, 43.2658714], [-79.8709542, 43.2660423], [-79.870466, 43.2672024], [-79.8694789, 43.2669641], [-79.8696292, 43.2666204], [-79.8697299, 43.266505], [-79.8691893, 43.2662552], [-79.8695473, 43.2658401]]]}, "properties": {"id": "osm-way-1051379909", "name": "", "layer": "disused", "categories": ["BROWNFIELD"], "freshness": "RECENT", "source": {"name": "OpenStreetMap via Overpass", "url": "https://www.openstreetmap.org/way/1051379909", "license": "ODbL 1.0", "license_url": "https://opendatacommons.org/licenses/odbl/1-0/", "attribution": "© OpenStreetMap contributors", "source_id": "way/1051379909", "retrieved_at": "2026-08-19"}, "osm_tags": {"landuse": "brownfield"}}}, {"type": "Feature", "geometry": {"type": "Polygon", "coordinates": [[[-79.8369867, 43.2620343], [-79.8340335, 43.2616807], [-79.8349294, 43.2596708], [-79.8382419, 43.2604346], [-79.8380139, 43.2610167], [-79.8377538, 43.2614483], [-79.8374587, 43.2613819], [-79.8369867, 43.2620343]]]}, "properties": {"id": "osm-way-1055254739", "name": "", "layer": "disused", "categories": ["BROWNFIELD"], "freshness": "RECENT", "source": {"name": "OpenStreetMap via Overpass", "url": "https://www.openstreetmap.org/way/1055254739", "license": "ODbL 1.0", "license_url": "https://opendatacommons.org/licenses/odbl/1-0/", "attribution": "© OpenStreetMap contributors", "source_id": "way/1055254739", "retrieved_at": "2026-08-19"}, "osm_tags": {"landuse": "brownfield"}}}, {"type": "Feature", "geometry": {"type": "Polygon", "coordinates": [[[-79.854368, 43.2525398], [-79.8543224, 43.2526355], [-79.8543064, 43.2526477], [-79.8542815, 43.2526526], [-79.8538222, 43.2525935], [-79.8538309, 43.2524983], [-79.8538578, 43.2524333], [-79.854368, 43.2525398]]]}, "properties": {"id": "osm-way-1055968940", "name": "", "layer": "disused", "categories": ["BROWNFIELD"], "freshness": "RECENT", "source": {"name": "OpenStreetMap via Overpass", "url": "https://www.openstreetmap.org/way/1055968940", "license": "ODbL 1.0", "license_url": "https://opendatacommons.org/licenses/odbl/1-0/", "attribution": "© OpenStreetMap contributors", "source_id": "way/1055968940", "retrieved_at": "2026-08-19"}, "osm_tags": {"landuse": "brownfield"}}}, {"type": "Feature", "geometry": {"type": "Polygon", "coordinates": [[[-79.0751539, 43.1151289], [-79.075128, 43.1148214], [-79.0736924, 43.1148852], [-79.0736996, 43.1152013], [-79.0751539, 43.1151289]]]}, "properties": {"id": "osm-way-1057478402", "name": "", "layer": "disused", "categories": ["BROWNFIELD"], "freshness": "RECENT", "source": {"name": "OpenStreetMap via Overpass", "url": "https://www.openstreetmap.org/way/1057478402", "license": "ODbL 1.0", "license_url": "https://opendatacommons.org/licenses/odbl/1-0/", "attribution": "© OpenStreetMap contributors", "source_id": "way/1057478402", "retrieved_at": "2026-08-19"}, "osm_tags": {"landuse": "brownfield"}}}, {"type": "Feature", "geometry": {"type": "Polygon", "coordinates": [[[-79.090036, 43.1166806], [-79.0887314, 43.1166462], [-79.0884053, 43.1171474], [-79.0874997, 43.1180183], [-79.0868946, 43.1186855], [-79.0865985, 43.1191804], [-79.0866243, 43.1196159], [-79.0892636, 43.1194686], [-79.0895211, 43.1195062], [-79.0904137, 43.1188703], [-79.0907055, 43.1184662], [-79.0896069, 43.1180715], [-79.0895211, 43.1180245], [-79.0896326, 43.1177113], [-79.090036, 43.1166806]]]}, "properties": {"id": "osm-way-1057478403", "name": "", "layer": "disused", "categories": ["BROWNFIELD"], "freshness": "RECENT", "source": {"name": "OpenStreetMap via Overpass", "url": "https://www.openstreetmap.org/way/1057478403", "license": "ODbL 1.0", "license_url": "https://opendatacommons.org/licenses/odbl/1-0/", "attribution": "© OpenStreetMap contributors", "source_id": "way/1057478403", "retrieved_at": "2026-08-19"}, "osm_tags": {"landuse": "brownfield"}}}, {"type": "Feature", "geometry": {"type": "Polygon", "coordinates": [[[-78.9218184, 42.9030966], [-78.9203121, 42.9031091], [-78.9203249, 42.9027225], [-78.919604, 42.9032349], [-78.9195885, 42.9046718], [-78.9207799, 42.9046086], [-78.921106, 42.9048758], [-78.9211575, 42.9054762], [-78.9218828, 42.9054448], [-78.9218184, 42.9030966]]]}, "properties": {"id": "osm-way-1057482496", "name": "", "layer": "disused", "categories": ["BROWNFIELD"], "freshness": "RECENT", "source": {"name": "OpenStreetMap via Overpass", "url": "https://www.openstreetmap.org/way/1057482496", "license": "ODbL 1.0", "license_url": "https://opendatacommons.org/licenses/odbl/1-0/", "attribution": "© OpenStreetMap contributors", "source_id": "way/1057482496", "retrieved_at": "2026-08-19"}, "osm_tags": {"landuse": "brownfield"}}}, {"type": "Feature", "geometry": {"type": "Polygon", "coordinates": [[[-78.9267356, 42.906592], [-78.9267142, 42.9056852], [-78.926152, 42.9056751], [-78.92624, 42.9065842], [-78.9267356, 42.906592]]]}, "properties": {"id": "osm-way-1057482498", "name": "", "layer": "disused", "categories": ["BROWNFIELD"], "freshness": "RECENT", "source": {"name": "OpenStreetMap via Overpass", "url": "https://www.openstreetmap.org/way/1057482498", "license": "ODbL 1.0", "license_url": "https://opendatacommons.org/licenses/odbl/1-0/", "attribution": "© OpenStreetMap contributors", "source_id": "way/1057482498", "retrieved_at": "2026-08-19"}, "osm_tags": {"landuse": "brownfield"}}}, {"type": "Feature", "geometry": {"type": "Polygon", "coordinates": [[[-79.6751865, 43.4394734], [-79.6748577, 43.4398216], [-79.6750822, 43.4399242], [-79.6754036, 43.4396089], [-79.6751865, 43.4394734]]]}, "properties": {"id": "osm-way-1059984366", "name": "", "layer": "disused", "categories": ["BROWNFIELD"], "freshness": "RECENT", "source": {"name": "OpenStreetMap via Overpass", "url": "https://www.openstreetmap.org/way/1059984366", "license": "ODbL 1.0", "license_url": "https://opendatacommons.org/licenses/odbl/1-0/", "attribution": "© OpenStreetMap contributors", "source_id": "way/1059984366", "retrieved_at": "2026-08-19"}, "osm_tags": {"landuse": "brownfield"}}}, {"type": "Feature", "geometry": {"type": "Polygon", "coordinates": [[[-78.8695696, 42.8908104], [-78.8692679, 42.8907565], [-78.8692864, 42.8907011], [-78.869588, 42.890755], [-78.8695696, 42.8908104]]]}, "properties": {"id": "osm-way-1072039685", "name": "", "layer": "disused", "categories": ["BROWNFIELD"], "freshness": "RECENT", "source": {"name": "OpenStreetMap via Overpass", "url": "https://www.openstreetmap.org/way/1072039685", "license": "ODbL 1.0", "license_url": "https://opendatacommons.org/licenses/odbl/1-0/", "attribution": "© OpenStreetMap contributors", "source_id": "way/1072039685", "retrieved_at": "2026-08-19"}, "osm_tags": {"landuse": "brownfield"}}}, {"type": "Feature", "geometry": {"type": "Polygon", "coordinates": [[[-78.8691566, 42.8906213], [-78.8692047, 42.8904786], [-78.8696124, 42.8905523], [-78.8697481, 42.8905769], [-78.8697303, 42.8906334], [-78.869703, 42.8907214], [-78.8696045, 42.8907042], [-78.869588, 42.890755], [-78.8692864, 42.8907011], [-78.8692702, 42.8906976], [-78.8692879, 42.890645], [-78.8691566, 42.8906213]]]}, "properties": {"id": "osm-way-1072039686", "name": "", "layer": "disused", "categories": ["BROWNFIELD"], "freshness": "RECENT", "source": {"name": "OpenStreetMap via Overpass", "url": "https://www.openstreetmap.org/way/1072039686", "license": "ODbL 1.0", "license_url": "https://opendatacommons.org/licenses/odbl/1-0/", "attribution": "© OpenStreetMap contributors", "source_id": "way/1072039686", "retrieved_at": "2026-08-19"}, "osm_tags": {"landuse": "brownfield", "note": "Building previously on this site suffered catastrophic failure and was subsequently bulldozed."}}}, {"type": "Feature", "geometry": {"type": "Polygon", "coordinates": [[[-78.8953321, 42.9357326], [-78.895595, 42.9356816], [-78.8958149, 42.935603], [-78.89611, 42.9352181], [-78.8961851, 42.9349275], [-78.896523, 42.9349354], [-78.8967376, 42.9332387], [-78.8956111, 42.9331484], [-78.8955199, 42.9336747], [-78.8939374, 42.9335725], [-78.8933258, 42.9341499], [-78.8934175, 42.9341591], [-78.8954394, 42.934362], [-78.8954179, 42.9345898], [-78.895316, 42.934574], [-78.895257, 42.9349314], [-78.8955574, 42.934955], [-78.8955306, 42.9353949], [-78.8954448, 42.9356541], [-78.8953321, 42.9357326]]]}, "properties": {"id": "osm-way-1075167682", "name": "US Hames Company Site", "layer": "disused", "categories": ["BROWNFIELD"], "freshness": "RECENT", "source": {"name": "OpenStreetMap via Overpass", "url": "https://www.openstreetmap.org/way/1075167682", "license": "ODbL 1.0", "license_url": "https://opendatacommons.org/licenses/odbl/1-0/", "attribution": "© OpenStreetMap contributors", "source_id": "way/1075167682", "retrieved_at": "2026-08-19"}, "osm_tags": {"landuse": "brownfield", "name": "US Hames Company Site"}}}, {"type": "Feature", "geometry": {"type": "Polygon", "coordinates": [[[-78.8914085, 42.9437916], [-78.8914684, 42.943445], [-78.8914594, 42.9433858], [-78.8914235, 42.9433529], [-78.8875996, 42.9433617], [-78.887584, 42.9434299], [-78.8875841, 42.9437938], [-78.8877824, 42.9437895], [-78.8877824, 42.9439123], [-78.8914085, 42.9437916]]]}, "properties": {"id": "osm-way-1076356810", "name": "", "layer": "disused", "categories": ["BROWNFIELD"], "freshness": "RECENT", "source": {"name": "OpenStreetMap via Overpass", "url": "https://www.openstreetmap.org/way/1076356810", "license": "ODbL 1.0", "license_url": "https://opendatacommons.org/licenses/odbl/1-0/", "attribution": "© OpenStreetMap contributors", "source_id": "way/1076356810", "retrieved_at": "2026-08-19"}, "osm_tags": {"landuse": "brownfield"}}}, {"type": "Feature", "geometry": {"type": "Polygon", "coordinates": [[[-78.8377175, 42.9217279], [-78.8359723, 42.9217037], [-78.8359773, 42.9209559], [-78.8361991, 42.9209568], [-78.8362011, 42.9206858], [-78.8364059, 42.9206866], [-78.8364072, 42.9204989], [-78.8365032, 42.9204992], [-78.8365091, 42.9196622], [-78.8367405, 42.9196631], [-78.8367396, 42.9197964], [-78.8377318, 42.9198003], [-78.8377175, 42.9217279]]]}, "properties": {"id": "osm-way-1077348685", "name": "", "layer": "disused", "categories": ["BROWNFIELD"], "freshness": "RECENT", "source": {"name": "OpenStreetMap via Overpass", "url": "https://www.openstreetmap.org/way/1077348685", "license": "ODbL 1.0", "license_url": "https://opendatacommons.org/licenses/odbl/1-0/", "attribution": "© OpenStreetMap contributors", "source_id": "way/1077348685", "retrieved_at": "2026-08-19"}, "osm_tags": {"landuse": "brownfield"}}}, {"type": "Feature", "geometry": {"type": "Polygon", "coordinates": [[[-79.5646846, 43.1957031], [-79.5647791, 43.1953378], [-79.5643642, 43.19525], [-79.5643553, 43.1952552], [-79.564348, 43.1952607], [-79.5643409, 43.1952686], [-79.5643359, 43.1952783], [-79.5643301, 43.1952955], [-79.5642492, 43.1956007], [-79.5642596, 43.1956229], [-79.5642873, 43.1956281], [-79.5646846, 43.1957031]]]}, "properties": {"id": "osm-way-1089701189", "name": "", "layer": "disused", "categories": ["BROWNFIELD"], "freshness": "RECENT", "source": {"name": "OpenStreetMap via Overpass", "url": "https://www.openstreetmap.org/way/1089701189", "license": "ODbL 1.0", "license_url": "https://opendatacommons.org/licenses/odbl/1-0/", "attribution": "© OpenStreetMap contributors", "source_id": "way/1089701189", "retrieved_at": "2026-08-19"}, "osm_tags": {"fence": "yes", "landuse": "brownfield"}}}, {"type": "Feature", "geometry": {"type": "Polygon", "coordinates": [[[-79.572647, 43.1907723], [-79.5730038, 43.1898228], [-79.5726017, 43.189765], [-79.5721034, 43.1895627], [-79.5717524, 43.1899342], [-79.5711748, 43.1899631], [-79.5707218, 43.1905824], [-79.5707671, 43.1907971], [-79.5715205, 43.1907275], [-79.572647, 43.1907723]]]}, "properties": {"id": "osm-way-1092247242", "name": "", "layer": "disused", "categories": ["DISUSED (RECORDED)", "CONSTRUCTION"], "freshness": "RECENT", "source": {"name": "OpenStreetMap via Overpass", "url": "https://www.openstreetmap.org/way/1092247242", "license": "ODbL 1.0", "license_url": "https://opendatacommons.org/licenses/odbl/1-0/", "attribution": "© OpenStreetMap contributors", "source_id": "way/1092247242", "retrieved_at": "2026-08-19"}, "osm_tags": {"abandoned": "yes", "abandoned:landuse": "quarry", "landuse": "quarry"}}}, {"type": "Feature", "geometry": {"type": "Polygon", "coordinates": [[[-79.8627479, 43.2620783], [-79.8626688, 43.2622492], [-79.8623617, 43.262171], [-79.8621885, 43.26251], [-79.8627922, 43.2626398], [-79.8630698, 43.2620568], [-79.8628968, 43.2620128], [-79.8628525, 43.2621056], [-79.8627479, 43.2620783]]]}, "properties": {"id": "osm-way-1092499390", "name": "", "layer": "disused", "categories": ["BROWNFIELD"], "freshness": "RECENT", "source": {"name": "OpenStreetMap via Overpass", "url": "https://www.openstreetmap.org/way/1092499390", "license": "ODbL 1.0", "license_url": "https://opendatacommons.org/licenses/odbl/1-0/", "attribution": "© OpenStreetMap contributors", "source_id": "way/1092499390", "retrieved_at": "2026-08-19"}, "osm_tags": {"landuse": "brownfield"}}}, {"type": "Feature", "geometry": {"type": "Polygon", "coordinates": [[[-79.5259652, 43.1874694], [-79.5253556, 43.187323], [-79.5251311, 43.1877555], [-79.5252351, 43.1878074], [-79.5258028, 43.1879205], [-79.5259652, 43.1874694]]]}, "properties": {"id": "osm-way-1094746183", "name": "", "layer": "disused", "categories": ["BROWNFIELD"], "freshness": "RECENT", "source": {"name": "OpenStreetMap via Overpass", "url": "https://www.openstreetmap.org/way/1094746183", "license": "ODbL 1.0", "license_url": "https://opendatacommons.org/licenses/odbl/1-0/", "attribution": "© OpenStreetMap contributors", "source_id": "way/1094746183", "retrieved_at": "2026-08-19"}, "osm_tags": {"barrier": "fence", "check_date": "2024-04-15", "construction": "demolition", "landuse": "brownfield"}}}, {"type": "Feature", "geometry": {"type": "Polygon", "coordinates": [[[-79.9168254, 43.2399535], [-79.9169608, 43.2399572], [-79.9168748, 43.240648], [-79.9163903, 43.2406191], [-79.9150641, 43.2408221], [-79.9148791, 43.2404212], [-79.9158837, 43.2398995], [-79.9153527, 43.2393957], [-79.9154991, 43.2391451], [-79.9155569, 43.2388225], [-79.9163597, 43.2389746], [-79.9161964, 43.2393518], [-79.9168254, 43.2399535]]]}, "properties": {"id": "osm-way-1123501503", "name": "Former Chedoke Hospital", "layer": "disused", "categories": ["BROWNFIELD"], "freshness": "RECENT", "source": {"name": "OpenStreetMap via Overpass", "url": "https://www.openstreetmap.org/way/1123501503", "license": "ODbL 1.0", "license_url": "https://opendatacommons.org/licenses/odbl/1-0/", "attribution": "© OpenStreetMap contributors", "source_id": "way/1123501503", "retrieved_at": "2026-08-19"}, "osm_tags": {"landuse": "brownfield", "name": "Former Chedoke Hospital", "wikidata": "Q5089220"}}}, {"type": "Feature", "geometry": {"type": "Polygon", "coordinates": [[[-79.8670831, 43.2543707], [-79.8669617, 43.2546222], [-79.8664722, 43.2545036], [-79.8665855, 43.2542525], [-79.8670831, 43.2543707]]]}, "properties": {"id": "osm-way-1126700827", "name": "", "layer": "disused", "categories": ["BROWNFIELD"], "freshness": "RECENT", "source": {"name": "OpenStreetMap via Overpass", "url": "https://www.openstreetmap.org/way/1126700827", "license": "ODbL 1.0", "license_url": "https://opendatacommons.org/licenses/odbl/1-0/", "attribution": "© OpenStreetMap contributors", "source_id": "way/1126700827", "retrieved_at": "2026-08-19"}, "osm_tags": {"landuse": "brownfield"}}}, {"type": "Feature", "geometry": {"type": "Polygon", "coordinates": [[[-79.8356554, 43.488023], [-79.8357703, 43.4879393], [-79.8356811, 43.4878749], [-79.8355662, 43.4879586], [-79.8356554, 43.488023]]]}, "properties": {"id": "osm-way-1127332339", "name": "", "layer": "disused", "categories": ["DISUSED (RECORDED)"], "freshness": "RECENT", "source": {"name": "OpenStreetMap via Overpass", "url": "https://www.openstreetmap.org/way/1127332339", "license": "ODbL 1.0", "license_url": "https://opendatacommons.org/licenses/odbl/1-0/", "attribution": "© OpenStreetMap contributors", "source_id": "way/1127332339", "retrieved_at": "2026-08-19"}, "osm_tags": {"building": "abandoned"}}}, {"type": "Feature", "geometry": {"type": "Polygon", "coordinates": [[[-79.0686835, 43.0946728], [-79.0683196, 43.0949898], [-79.0681529, 43.0948958], [-79.0678901, 43.094743], [-79.0678793, 43.0943396], [-79.0679598, 43.0942886], [-79.0681238, 43.0943511], [-79.0685713, 43.0946059], [-79.0686835, 43.0946728]]]}, "properties": {"id": "osm-way-1134107440", "name": "", "layer": "disused", "categories": ["BROWNFIELD"], "freshness": "RECENT", "source": {"name": "OpenStreetMap via Overpass", "url": "https://www.openstreetmap.org/way/1134107440", "license": "ODbL 1.0", "license_url": "https://opendatacommons.org/licenses/odbl/1-0/", "attribution": "© OpenStreetMap contributors", "source_id": "way/1134107440", "retrieved_at": "2026-08-19"}, "osm_tags": {"landuse": "brownfield"}}}, {"type": "Feature", "geometry": {"type": "Polygon", "coordinates": [[[-79.0506198, 43.0866634], [-79.0501077, 43.0866854], [-79.0500803, 43.0867063], [-79.0501859, 43.0882774], [-79.0507262, 43.0882581], [-79.0506198, 43.0866634]]]}, "properties": {"id": "osm-way-1141821679", "name": "", "layer": "disused", "categories": ["BROWNFIELD"], "freshness": "RECENT", "source": {"name": "OpenStreetMap via Overpass", "url": "https://www.openstreetmap.org/way/1141821679", "license": "ODbL 1.0", "license_url": "https://opendatacommons.org/licenses/odbl/1-0/", "attribution": "© OpenStreetMap contributors", "source_id": "way/1141821679", "retrieved_at": "2026-08-19"}, "osm_tags": {"landuse": "brownfield"}}}, {"type": "Feature", "geometry": {"type": "Polygon", "coordinates": [[[-79.0520139, 43.0881898], [-79.052044, 43.0886434], [-79.0515096, 43.0886623], [-79.0514794, 43.0882088], [-79.0520139, 43.0881898]]]}, "properties": {"id": "osm-way-1141821680", "name": "", "layer": "disused", "categories": ["BROWNFIELD"], "freshness": "RECENT", "source": {"name": "OpenStreetMap via Overpass", "url": "https://www.openstreetmap.org/way/1141821680", "license": "ODbL 1.0", "license_url": "https://opendatacommons.org/licenses/odbl/1-0/", "attribution": "© OpenStreetMap contributors", "source_id": "way/1141821680", "retrieved_at": "2026-08-19"}, "osm_tags": {"landuse": "brownfield"}}}, {"type": "Feature", "geometry": {"type": "Polygon", "coordinates": [[[-78.9260327, 43.1847097], [-78.9260326, 43.1847317], [-78.926076, 43.1847319], [-78.9260755, 43.1847101], [-78.9260327, 43.1847097]]]}, "properties": {"id": "osm-way-1163007718", "name": "", "layer": "disused", "categories": ["DISUSED (RECORDED)"], "freshness": "RECENT", "source": {"name": "OpenStreetMap via Overpass", "url": "https://www.openstreetmap.org/way/1163007718", "license": "ODbL 1.0", "license_url": "https://opendatacommons.org/licenses/odbl/1-0/", "attribution": "© OpenStreetMap contributors", "source_id": "way/1163007718", "retrieved_at": "2026-08-19"}, "osm_tags": {"building": "ruins", "description": "old foundation pit"}}}, {"type": "Feature", "geometry": {"type": "Polygon", "coordinates": [[[-78.8582669, 43.019014], [-78.8582059, 43.0163028], [-78.8567261, 43.016312], [-78.8567094, 43.0157875], [-78.852206, 43.0158681], [-78.8522761, 43.0181062], [-78.8582669, 43.019014]]]}, "properties": {"id": "osm-way-1218611356", "name": "", "layer": "disused", "categories": ["DISUSED (RECORDED)"], "freshness": "RECENT", "source": {"name": "OpenStreetMap via Overpass", "url": "https://www.openstreetmap.org/way/1218611356", "license": "ODbL 1.0", "license_url": "https://opendatacommons.org/licenses/odbl/1-0/", "attribution": "© OpenStreetMap contributors", "source_id": "way/1218611356", "retrieved_at": "2026-08-19"}, "osm_tags": {"abandoned:landuse": "landfill", "landuse": "landfill"}}}, {"type": "Feature", "geometry": {"type": "Polygon", "coordinates": [[[-78.5950645, 42.7195943], [-78.5950335, 42.7196014], [-78.5950057, 42.7195913], [-78.5949935, 42.7195646], [-78.595008, 42.7195431], [-78.5950422, 42.719535], [-78.5950706, 42.7195472], [-78.5950817, 42.719573], [-78.5950645, 42.7195943]]]}, "properties": {"id": "osm-way-1221452769", "name": "", "layer": "disused", "categories": ["DISUSED (RECORDED)"], "freshness": "RECENT", "source": {"name": "OpenStreetMap via Overpass", "url": "https://www.openstreetmap.org/way/1221452769", "license": "ODbL 1.0", "license_url": "https://opendatacommons.org/licenses/odbl/1-0/", "attribution": "© OpenStreetMap contributors", "source_id": "way/1221452769", "retrieved_at": "2026-08-19"}, "osm_tags": {"building": "ruins", "building:levels": "1", "material": "stone"}}}, {"type": "Feature", "geometry": {"type": "Polygon", "coordinates": [[[-78.5994295, 42.7128835], [-78.5994612, 42.7128658], [-78.5994991, 42.7129024], [-78.5994673, 42.7129201], [-78.5994295, 42.7128835]]]}, "properties": {"id": "osm-way-1222252369", "name": "Incinerator Ruins", "layer": "disused", "categories": ["DISUSED (RECORDED)"], "freshness": "RECENT", "source": {"name": "OpenStreetMap via Overpass", "url": "https://www.openstreetmap.org/way/1222252369", "license": "ODbL 1.0", "license_url": "https://opendatacommons.org/licenses/odbl/1-0/", "attribution": "© OpenStreetMap contributors", "source_id": "way/1222252369", "retrieved_at": "2026-08-19"}, "osm_tags": {"access": "yes", "building": "ruins", "height": "6", "historic": "ruins", "historic:civilization": "modern", "inscription": "WPA", "name": "Incinerator Ruins", "ruins": "building", "start_date": "1935"}}}, {"type": "Feature", "geometry": {"type": "Polygon", "coordinates": [[[-79.6135616, 42.9013866], [-79.6126573, 42.9013455], [-79.6126806, 42.9008551], [-79.6127055, 42.9004056], [-79.6136009, 42.9004645], [-79.613661, 42.9004759], [-79.6136957, 42.900489], [-79.6137283, 42.9005133], [-79.6137364, 42.900543], [-79.6136673, 42.9013161], [-79.6136596, 42.9013456], [-79.6136385, 42.9013673], [-79.6136063, 42.9013806], [-79.6135616, 42.9013866]]]}, "properties": {"id": "osm-way-1227237258", "name": "", "layer": "disused", "categories": ["BROWNFIELD"], "freshness": "RECENT", "source": {"name": "OpenStreetMap via Overpass", "url": "https://www.openstreetmap.org/way/1227237258", "license": "ODbL 1.0", "license_url": "https://opendatacommons.org/licenses/odbl/1-0/", "attribution": "© OpenStreetMap contributors", "source_id": "way/1227237258", "retrieved_at": "2026-08-19"}, "osm_tags": {"landuse": "brownfield"}}}, {"type": "Feature", "geometry": {"type": "Polygon", "coordinates": [[[-78.8489812, 42.8896084], [-78.848981, 42.8898044], [-78.8498667, 42.8898049], [-78.8498669, 42.8896089], [-78.8489812, 42.8896084]]]}, "properties": {"id": "osm-way-1255922352", "name": "St Ann's School", "layer": "disused", "categories": ["DISUSED (RECORDED)"], "freshness": "RECENT", "source": {"name": "OpenStreetMap via Overpass", "url": "https://www.openstreetmap.org/way/1255922352", "license": "ODbL 1.0", "license_url": "https://opendatacommons.org/licenses/odbl/1-0/", "attribution": "© OpenStreetMap contributors", "source_id": "way/1255922352", "retrieved_at": "2026-08-19"}, "osm_tags": {"addr:city": "Buffalo", "addr:housenumber": "492", "addr:postcode": "14212", "addr:state": "NY", "addr:street": "Emslie Street", "building": "ruins", "name": "St Ann's School", "source": "microsoft/BuildingFootprints"}}}, {"type": "Feature", "geometry": {"type": "Polygon", "coordinates": [[[-79.7147799, 43.4818618], [-79.7113645, 43.4793101], [-79.7099107, 43.4803805], [-79.7132828, 43.4828813], [-79.7147799, 43.4818618]]]}, "properties": {"id": "osm-way-1256531517", "name": "", "layer": "disused", "categories": ["BROWNFIELD"], "freshness": "RECENT", "source": {"name": "OpenStreetMap via Overpass", "url": "https://www.openstreetmap.org/way/1256531517", "license": "ODbL 1.0", "license_url": "https://opendatacommons.org/licenses/odbl/1-0/", "attribution": "© OpenStreetMap contributors", "source_id": "way/1256531517", "retrieved_at": "2026-08-19"}, "osm_tags": {"landuse": "brownfield"}}}, {"type": "Feature", "geometry": {"type": "Polygon", "coordinates": [[[-79.5569715, 43.1911935], [-79.5570271, 43.1910699], [-79.5568745, 43.1910209], [-79.5568072, 43.1911482], [-79.5569715, 43.1911935]]]}, "properties": {"id": "osm-way-1271027494", "name": "", "layer": "disused", "categories": ["BROWNFIELD"], "freshness": "RECENT", "source": {"name": "OpenStreetMap via Overpass", "url": "https://www.openstreetmap.org/way/1271027494", "license": "ODbL 1.0", "license_url": "https://opendatacommons.org/licenses/odbl/1-0/", "attribution": "© OpenStreetMap contributors", "source_id": "way/1271027494", "retrieved_at": "2026-08-19"}, "osm_tags": {"landuse": "brownfield", "surface": "paved"}}}, {"type": "Feature", "geometry": {"type": "Polygon", "coordinates": [[[-79.5572121, 43.1908766], [-79.557241, 43.1908004], [-79.5572807, 43.1906955], [-79.5569935, 43.1906276], [-79.5569159, 43.1907926], [-79.5570763, 43.1908162], [-79.5571164, 43.190786], [-79.5572057, 43.1908049], [-79.5571785, 43.1908756], [-79.5572121, 43.1908766]]]}, "properties": {"id": "osm-way-1271027495", "name": "", "layer": "disused", "categories": ["BROWNFIELD"], "freshness": "RECENT", "source": {"name": "OpenStreetMap via Overpass", "url": "https://www.openstreetmap.org/way/1271027495", "license": "ODbL 1.0", "license_url": "https://opendatacommons.org/licenses/odbl/1-0/", "attribution": "© OpenStreetMap contributors", "source_id": "way/1271027495", "retrieved_at": "2026-08-19"}, "osm_tags": {"landuse": "brownfield"}}}, {"type": "Feature", "geometry": {"type": "Polygon", "coordinates": [[[-79.5282474, 43.1852478], [-79.5283539, 43.1852374], [-79.5286568, 43.1852461], [-79.5284976, 43.1856039], [-79.5281301, 43.185521], [-79.5282474, 43.1852478]]]}, "properties": {"id": "osm-way-1281986119", "name": "", "layer": "disused", "categories": ["BROWNFIELD"], "freshness": "RECENT", "source": {"name": "OpenStreetMap via Overpass", "url": "https://www.openstreetmap.org/way/1281986119", "license": "ODbL 1.0", "license_url": "https://opendatacommons.org/licenses/odbl/1-0/", "attribution": "© OpenStreetMap contributors", "source_id": "way/1281986119", "retrieved_at": "2026-08-19"}, "osm_tags": {"landuse": "brownfield", "surface": "grass"}}}, {"type": "Feature", "geometry": {"type": "Polygon", "coordinates": [[[-79.5606715, 43.1930115], [-79.5604109, 43.192853], [-79.5606305, 43.1926818], [-79.5608754, 43.1928325], [-79.5606715, 43.1930115]]]}, "properties": {"id": "osm-way-1282074500", "name": "", "layer": "disused", "categories": ["BROWNFIELD"], "freshness": "RECENT", "source": {"name": "OpenStreetMap via Overpass", "url": "https://www.openstreetmap.org/way/1282074500", "license": "ODbL 1.0", "license_url": "https://opendatacommons.org/licenses/odbl/1-0/", "attribution": "© OpenStreetMap contributors", "source_id": "way/1282074500", "retrieved_at": "2026-08-19"}, "osm_tags": {"landuse": "brownfield", "surface": "fine_gravel"}}}, {"type": "Feature", "geometry": {"type": "Polygon", "coordinates": [[[-79.3917956, 43.1510307], [-79.3918974, 43.1508022], [-79.3913421, 43.1506278], [-79.3911385, 43.1506559], [-79.3910305, 43.150953], [-79.3910953, 43.1509913], [-79.39141, 43.1510442], [-79.3917956, 43.1510307]]]}, "properties": {"id": "osm-way-1282307589", "name": "", "layer": "disused", "categories": ["BROWNFIELD"], "freshness": "RECENT", "source": {"name": "OpenStreetMap via Overpass", "url": "https://www.openstreetmap.org/way/1282307589", "license": "ODbL 1.0", "license_url": "https://opendatacommons.org/licenses/odbl/1-0/", "attribution": "© OpenStreetMap contributors", "source_id": "way/1282307589", "retrieved_at": "2026-08-19"}, "osm_tags": {"landuse": "brownfield"}}}, {"type": "Feature", "geometry": {"type": "Polygon", "coordinates": [[[-79.4347645, 43.1881334], [-79.4347053, 43.1893294], [-79.4340993, 43.1890044], [-79.4333018, 43.1889105], [-79.4332217, 43.1880827], [-79.4347645, 43.1881334]]]}, "properties": {"id": "osm-way-1284858391", "name": "", "layer": "disused", "categories": ["BROWNFIELD"], "freshness": "RECENT", "source": {"name": "OpenStreetMap via Overpass", "url": "https://www.openstreetmap.org/way/1284858391", "license": "ODbL 1.0", "license_url": "https://opendatacommons.org/licenses/odbl/1-0/", "attribution": "© OpenStreetMap contributors", "source_id": "way/1284858391", "retrieved_at": "2026-08-19"}, "osm_tags": {"landuse": "brownfield"}}}, {"type": "Feature", "geometry": {"type": "Polygon", "coordinates": [[[-79.2445193, 42.9690421], [-79.2444794, 42.967875], [-79.2453136, 42.9678808], [-79.2454644, 42.9678754], [-79.2454951, 42.9690466], [-79.2445193, 42.9690421]]]}, "properties": {"id": "osm-way-1285227169", "name": "", "layer": "disused", "categories": ["BROWNFIELD"], "freshness": "RECENT", "source": {"name": "OpenStreetMap via Overpass", "url": "https://www.openstreetmap.org/way/1285227169", "license": "ODbL 1.0", "license_url": "https://opendatacommons.org/licenses/odbl/1-0/", "attribution": "© OpenStreetMap contributors", "source_id": "way/1285227169", "retrieved_at": "2026-08-19"}, "osm_tags": {"landuse": "brownfield"}}}, {"type": "Feature", "geometry": {"type": "Polygon", "coordinates": [[[-79.2420622, 42.9374482], [-79.2412939, 42.9382582], [-79.2391119, 42.9383257], [-79.2386816, 42.9378757], [-79.2397675, 42.9347932], [-79.2406075, 42.9320781], [-79.2408188, 42.9304977], [-79.2420181, 42.9305129], [-79.2417482, 42.9319241], [-79.2417475, 42.9320799], [-79.2420622, 42.9374482]]]}, "properties": {"id": "osm-way-1285227172", "name": "", "layer": "disused", "categories": ["BROWNFIELD"], "freshness": "RECENT", "source": {"name": "OpenStreetMap via Overpass", "url": "https://www.openstreetmap.org/way/1285227172", "license": "ODbL 1.0", "license_url": "https://opendatacommons.org/licenses/odbl/1-0/", "attribution": "© OpenStreetMap contributors", "source_id": "way/1285227172", "retrieved_at": "2026-08-19"}, "osm_tags": {"description": "Construction of a subdivision starting here", "landuse": "brownfield"}}}, {"type": "Feature", "geometry": {"type": "Polygon", "coordinates": [[[-79.249744, 42.9535966], [-79.2503468, 42.9536645], [-79.251023, 42.9562917], [-79.2509543, 42.9564362], [-79.2511164, 42.9570338], [-79.2505823, 42.9573838], [-79.2503421, 42.9571585], [-79.2499755, 42.9569005], [-79.2496486, 42.9566448], [-79.2493988, 42.9563789], [-79.2492689, 42.9561206], [-79.2491709, 42.9558298], [-79.2491775, 42.9553967], [-79.2493185, 42.9549438], [-79.2495112, 42.9544536], [-79.249744, 42.9535966]]]}, "properties": {"id": "osm-way-1286929466", "name": "", "layer": "disused", "categories": ["BROWNFIELD"], "freshness": "RECENT", "source": {"name": "OpenStreetMap via Overpass", "url": "https://www.openstreetmap.org/way/1286929466", "license": "ODbL 1.0", "license_url": "https://opendatacommons.org/licenses/odbl/1-0/", "attribution": "© OpenStreetMap contributors", "source_id": "way/1286929466", "retrieved_at": "2026-08-19"}, "osm_tags": {"description": "Future park", "landuse": "brownfield"}}}, {"type": "Feature", "geometry": {"type": "Polygon", "coordinates": [[[-79.2347235, 42.9747898], [-79.2353276, 42.974779], [-79.2353441, 42.9752349], [-79.2347342, 42.9753982], [-79.2347235, 42.9747898]]]}, "properties": {"id": "osm-way-1287753420", "name": "", "layer": "disused", "categories": ["BROWNFIELD"], "freshness": "RECENT", "source": {"name": "OpenStreetMap via Overpass", "url": "https://www.openstreetmap.org/way/1287753420", "license": "ODbL 1.0", "license_url": "https://opendatacommons.org/licenses/odbl/1-0/", "attribution": "© OpenStreetMap contributors", "source_id": "way/1287753420", "retrieved_at": "2026-08-19"}, "osm_tags": {"landuse": "brownfield"}}}, {"type": "Feature", "geometry": {"type": "Polygon", "coordinates": [[[-79.2802057, 42.8760776], [-79.2799697, 42.8760453], [-79.2796009, 42.8759628], [-79.2786277, 42.8757976], [-79.2770193, 42.8758201], [-79.2769988, 42.8773141], [-79.2753703, 42.8773666], [-79.2754376, 42.880667], [-79.2790658, 42.8806163], [-79.279119, 42.8807635], [-79.2780799, 42.8826663], [-79.2793243, 42.8823512], [-79.2802658, 42.8823511], [-79.2802057, 42.8760776]]]}, "properties": {"id": "osm-way-1289144179", "name": "", "layer": "disused", "categories": ["BROWNFIELD"], "freshness": "RECENT", "source": {"name": "OpenStreetMap via Overpass", "url": "https://www.openstreetmap.org/way/1289144179", "license": "ODbL 1.0", "license_url": "https://opendatacommons.org/licenses/odbl/1-0/", "attribution": "© OpenStreetMap contributors", "source_id": "way/1289144179", "retrieved_at": "2026-08-19"}, "osm_tags": {"landuse": "brownfield"}}}, {"type": "Feature", "geometry": {"type": "Polygon", "coordinates": [[[-79.6073608, 43.2107669], [-79.6075378, 43.2103857], [-79.6054242, 43.2098559], [-79.6052499, 43.2102547], [-79.6073608, 43.2107669]]]}, "properties": {"id": "osm-way-1289765658", "name": "", "layer": "disused", "categories": ["BROWNFIELD"], "freshness": "RECENT", "source": {"name": "OpenStreetMap via Overpass", "url": "https://www.openstreetmap.org/way/1289765658", "license": "ODbL 1.0", "license_url": "https://opendatacommons.org/licenses/odbl/1-0/", "attribution": "© OpenStreetMap contributors", "source_id": "way/1289765658", "retrieved_at": "2026-08-19"}, "osm_tags": {"landuse": "brownfield"}}}, {"type": "Feature", "geometry": {"type": "Polygon", "coordinates": [[[-79.3433616, 42.4230911], [-79.3438173, 42.4230529], [-79.3443439, 42.422334], [-79.3442199, 42.4222832], [-79.3430827, 42.4223466], [-79.3418381, 42.4223941], [-79.341881, 42.4228218], [-79.3433616, 42.4230911]]]}, "properties": {"id": "osm-way-1291285484", "name": "", "layer": "disused", "categories": ["BROWNFIELD"], "freshness": "RECENT", "source": {"name": "OpenStreetMap via Overpass", "url": "https://www.openstreetmap.org/way/1291285484", "license": "ODbL 1.0", "license_url": "https://opendatacommons.org/licenses/odbl/1-0/", "attribution": "© OpenStreetMap contributors", "source_id": "way/1291285484", "retrieved_at": "2026-08-19"}, "osm_tags": {"landuse": "brownfield"}}}, {"type": "Feature", "geometry": {"type": "Polygon", "coordinates": [[[-79.2771547, 43.0436971], [-79.2791372, 43.0436016], [-79.2794651, 43.0435827], [-79.2794958, 43.0441444], [-79.2776933, 43.0441757], [-79.2771725, 43.0441848], [-79.2771547, 43.0436971]]]}, "properties": {"id": "osm-way-1291362525", "name": "", "layer": "disused", "categories": ["BROWNFIELD"], "freshness": "RECENT", "source": {"name": "OpenStreetMap via Overpass", "url": "https://www.openstreetmap.org/way/1291362525", "license": "ODbL 1.0", "license_url": "https://opendatacommons.org/licenses/odbl/1-0/", "attribution": "© OpenStreetMap contributors", "source_id": "way/1291362525", "retrieved_at": "2026-08-19"}, "osm_tags": {"landuse": "brownfield"}}}, {"type": "Feature", "geometry": {"type": "Polygon", "coordinates": [[[-78.8476566, 42.9215888], [-78.8474754, 42.9215847], [-78.8474796, 42.9214864], [-78.8476607, 42.9214905], [-78.8476566, 42.9215888]]]}, "properties": {"id": "osm-way-1308724423", "name": "", "layer": "disused", "categories": ["DISUSED (RECORDED)"], "freshness": "RECENT", "source": {"name": "OpenStreetMap via Overpass", "url": "https://www.openstreetmap.org/way/1308724423", "license": "ODbL 1.0", "license_url": "https://opendatacommons.org/licenses/odbl/1-0/", "attribution": "© OpenStreetMap contributors", "source_id": "way/1308724423", "retrieved_at": "2026-08-19"}, "osm_tags": {"building": "ruins"}}}, {"type": "Feature", "geometry": {"type": "Polygon", "coordinates": [[[-78.8462156, 42.9204717], [-78.8462139, 42.9205248], [-78.8461579, 42.9205238], [-78.8461596, 42.9204708], [-78.8462156, 42.9204717]]]}, "properties": {"id": "osm-way-1309505783", "name": "", "layer": "disused", "categories": ["DISUSED (RECORDED)"], "freshness": "RECENT", "source": {"name": "OpenStreetMap via Overpass", "url": "https://www.openstreetmap.org/way/1309505783", "license": "ODbL 1.0", "license_url": "https://opendatacommons.org/licenses/odbl/1-0/", "attribution": "© OpenStreetMap contributors", "source_id": "way/1309505783", "retrieved_at": "2026-08-19"}, "osm_tags": {"building": "ruins"}}}, {"type": "Feature", "geometry": {"type": "Polygon", "coordinates": [[[-80.2625949, 43.5290958], [-80.2625647, 43.5291104], [-80.2625091, 43.5291182], [-80.2624393, 43.5290978], [-80.2622093, 43.5289826], [-80.2620558, 43.5288357], [-80.2618151, 43.5284964], [-80.2618251, 43.5284361], [-80.2619867, 43.528335], [-80.2633057, 43.52786], [-80.2638555, 43.5276791], [-80.2642015, 43.5275916], [-80.2646575, 43.5275508], [-80.2640192, 43.5280856], [-80.2643243, 43.5283005], [-80.2646374, 43.5285051], [-80.2646411, 43.5285282], [-80.2645771, 43.5285678], [-80.2644406, 43.528511], [-80.2642549, 43.5284619], [-80.2640108, 43.5284264], [-80.2638656, 43.5284247], [-80.2636473, 43.5284429], [-80.2633798, 43.5285037], [-80.2631153, 43.5286264], [-80.2629034, 43.5287925], [-80.2627237, 43.5289616], [-80.2625949, 43.5290958]]]}, "properties": {"id": "osm-way-1311923540", "name": "", "layer": "disused", "categories": ["BROWNFIELD"], "freshness": "RECENT", "source": {"name": "OpenStreetMap via Overpass", "url": "https://www.openstreetmap.org/way/1311923540", "license": "ODbL 1.0", "license_url": "https://opendatacommons.org/licenses/odbl/1-0/", "attribution": "© OpenStreetMap contributors", "source_id": "way/1311923540", "retrieved_at": "2026-08-19"}, "osm_tags": {"landuse": "brownfield"}}}, {"type": "Feature", "geometry": {"type": "Polygon", "coordinates": [[[-78.8458829, 42.9166085], [-78.8458088, 42.9166085], [-78.8458088, 42.9165562], [-78.8458829, 42.9165562], [-78.8458829, 42.9166085]]]}, "properties": {"id": "osm-way-1317736733", "name": "", "layer": "disused", "categories": ["DISUSED (RECORDED)"], "freshness": "RECENT", "source": {"name": "OpenStreetMap via Overpass", "url": "https://www.openstreetmap.org/way/1317736733", "license": "ODbL 1.0", "license_url": "https://opendatacommons.org/licenses/odbl/1-0/", "attribution": "© OpenStreetMap contributors", "source_id": "way/1317736733", "retrieved_at": "2026-08-19"}, "osm_tags": {"building": "ruins"}}}, {"type": "Feature", "geometry": {"type": "Polygon", "coordinates": [[[-78.8471391, 42.9150838], [-78.8470588, 42.9150841], [-78.8470583, 42.9150283], [-78.8471386, 42.9150279], [-78.8471391, 42.9150838]]]}, "properties": {"id": "osm-way-1319316419", "name": "", "layer": "disused", "categories": ["DISUSED (RECORDED)"], "freshness": "RECENT", "source": {"name": "OpenStreetMap via Overpass", "url": "https://www.openstreetmap.org/way/1319316419", "license": "ODbL 1.0", "license_url": "https://opendatacommons.org/licenses/odbl/1-0/", "attribution": "© OpenStreetMap contributors", "source_id": "way/1319316419", "retrieved_at": "2026-08-19"}, "osm_tags": {"building": "ruins"}}}, {"type": "Feature", "geometry": {"type": "Polygon", "coordinates": [[[-78.8473867, 42.9158272], [-78.8473064, 42.915826], [-78.847308, 42.9157654], [-78.8473883, 42.9157665], [-78.8473867, 42.9158272]]]}, "properties": {"id": "osm-way-1319316440", "name": "", "layer": "disused", "categories": ["DISUSED (RECORDED)"], "freshness": "RECENT", "source": {"name": "OpenStreetMap via Overpass", "url": "https://www.openstreetmap.org/way/1319316440", "license": "ODbL 1.0", "license_url": "https://opendatacommons.org/licenses/odbl/1-0/", "attribution": "© OpenStreetMap contributors", "source_id": "way/1319316440", "retrieved_at": "2026-08-19"}, "osm_tags": {"building": "ruins"}}}, {"type": "Feature", "geometry": {"type": "Polygon", "coordinates": [[[-78.8763881, 42.9391483], [-78.8763051, 42.9391484], [-78.876305, 42.9390916], [-78.876388, 42.9390914], [-78.8763881, 42.9391483]]]}, "properties": {"id": "osm-way-1321671127", "name": "", "layer": "disused", "categories": ["DISUSED (RECORDED)"], "freshness": "RECENT", "source": {"name": "OpenStreetMap via Overpass", "url": "https://www.openstreetmap.org/way/1321671127", "license": "ODbL 1.0", "license_url": "https://opendatacommons.org/licenses/odbl/1-0/", "attribution": "© OpenStreetMap contributors", "source_id": "way/1321671127", "retrieved_at": "2026-08-19"}, "osm_tags": {"building": "ruins"}}}, {"type": "Feature", "geometry": {"type": "Polygon", "coordinates": [[[-79.8686128, 43.2560432], [-79.8683685, 43.2559926], [-79.8685502, 43.2556214], [-79.8687038, 43.255656], [-79.8686779, 43.2557149], [-79.8687976, 43.2557428], [-79.8687353, 43.2558844], [-79.8686875, 43.2558733], [-79.8686128, 43.2560432]]]}, "properties": {"id": "osm-way-1334636706", "name": "", "layer": "disused", "categories": ["BROWNFIELD"], "freshness": "RECENT", "source": {"name": "OpenStreetMap via Overpass", "url": "https://www.openstreetmap.org/way/1334636706", "license": "ODbL 1.0", "license_url": "https://opendatacommons.org/licenses/odbl/1-0/", "attribution": "© OpenStreetMap contributors", "source_id": "way/1334636706", "retrieved_at": "2026-08-19"}, "osm_tags": {"landuse": "brownfield", "note": "Buildings collapsed then demolished - Nov 11, 2024"}}}, {"type": "Feature", "geometry": {"type": "Polygon", "coordinates": [[[-78.879659, 42.9527662], [-78.8851362, 42.9527092], [-78.8851172, 42.9517336], [-78.8854372, 42.9517303], [-78.8854309, 42.9514087], [-78.8796338, 42.9514691], [-78.879659, 42.9527662]]]}, "properties": {"id": "osm-way-1341562585", "name": "", "layer": "disused", "categories": ["BROWNFIELD"], "freshness": "RECENT", "source": {"name": "OpenStreetMap via Overpass", "url": "https://www.openstreetmap.org/way/1341562585", "license": "ODbL 1.0", "license_url": "https://opendatacommons.org/licenses/odbl/1-0/", "attribution": "© OpenStreetMap contributors", "source_id": "way/1341562585", "retrieved_at": "2026-08-19"}, "osm_tags": {"landuse": "brownfield"}}}, {"type": "Feature", "geometry": {"type": "Polygon", "coordinates": [[[-80.2571675, 43.549811], [-80.2569414, 43.5499749], [-80.2568999, 43.5499936], [-80.2568727, 43.5499936], [-80.2568268, 43.5499813], [-80.2566019, 43.5497703], [-80.2564822, 43.549646], [-80.2564772, 43.5496324], [-80.2564827, 43.5496214], [-80.2568005, 43.5494571], [-80.2570482, 43.5497141], [-80.2571675, 43.549811]]]}, "properties": {"id": "osm-way-1347378058", "name": "", "layer": "disused", "categories": ["BROWNFIELD"], "freshness": "RECENT", "source": {"name": "OpenStreetMap via Overpass", "url": "https://www.openstreetmap.org/way/1347378058", "license": "ODbL 1.0", "license_url": "https://opendatacommons.org/licenses/odbl/1-0/", "attribution": "© OpenStreetMap contributors", "source_id": "way/1347378058", "retrieved_at": "2026-08-19"}, "osm_tags": {"landuse": "brownfield"}}}, {"type": "Feature", "geometry": {"type": "Polygon", "coordinates": [[[-79.8867636, 43.3234073], [-79.8866697, 43.3234249], [-79.8866027, 43.3233937], [-79.8865973, 43.3233468], [-79.886659, 43.3233156], [-79.8867368, 43.3233137], [-79.8867797, 43.3233624], [-79.8867636, 43.3234073]]]}, "properties": {"id": "osm-way-1347826456", "name": "Ruins", "layer": "disused", "categories": ["DISUSED (RECORDED)"], "freshness": "RECENT", "source": {"name": "OpenStreetMap via Overpass", "url": "https://www.openstreetmap.org/way/1347826456", "license": "ODbL 1.0", "license_url": "https://opendatacommons.org/licenses/odbl/1-0/", "attribution": "© OpenStreetMap contributors", "source_id": "way/1347826456", "retrieved_at": "2026-08-19"}, "osm_tags": {"building": "ruins", "name": "Ruins"}}}, {"type": "Feature", "geometry": {"type": "Polygon", "coordinates": [[[-80.2621903, 43.5400787], [-80.262183, 43.540319], [-80.2623223, 43.5403903], [-80.2624045, 43.5401217], [-80.262504, 43.5397529], [-80.262648, 43.5395277], [-80.2629087, 43.5389566], [-80.263174, 43.5382643], [-80.2628042, 43.5381988], [-80.2624695, 43.5390639], [-80.2622515, 43.539563], [-80.2621808, 43.5400052], [-80.2621903, 43.5400787]]]}, "properties": {"id": "osm-way-1355299078", "name": "", "layer": "disused", "categories": ["BROWNFIELD"], "freshness": "RECENT", "source": {"name": "OpenStreetMap via Overpass", "url": "https://www.openstreetmap.org/way/1355299078", "license": "ODbL 1.0", "license_url": "https://opendatacommons.org/licenses/odbl/1-0/", "attribution": "© OpenStreetMap contributors", "source_id": "way/1355299078", "retrieved_at": "2026-08-19"}, "osm_tags": {"landuse": "brownfield", "old_name": "Knight Lumber"}}}, {"type": "Feature", "geometry": {"type": "Polygon", "coordinates": [[[-78.8694505, 42.8751253], [-78.8691634, 42.8753867], [-78.8697996, 42.8755104], [-78.8699949, 42.8748645], [-78.8697708, 42.8748316], [-78.8696675, 42.8751603], [-78.8694505, 42.8751253]]]}, "properties": {"id": "osm-way-1361875354", "name": "", "layer": "disused", "categories": ["BROWNFIELD"], "freshness": "RECENT", "source": {"name": "OpenStreetMap via Overpass", "url": "https://www.openstreetmap.org/way/1361875354", "license": "ODbL 1.0", "license_url": "https://opendatacommons.org/licenses/odbl/1-0/", "attribution": "© OpenStreetMap contributors", "source_id": "way/1361875354", "retrieved_at": "2026-08-19"}, "osm_tags": {"landuse": "brownfield"}}}, {"type": "Feature", "geometry": {"type": "Polygon", "coordinates": [[[-78.8730333, 42.9111827], [-78.8732898, 42.9111843], [-78.8732929, 42.9109253], [-78.8730364, 42.9109236], [-78.8730333, 42.9111827]]]}, "properties": {"id": "osm-way-1361875356", "name": "", "layer": "disused", "categories": ["BROWNFIELD"], "freshness": "RECENT", "source": {"name": "OpenStreetMap via Overpass", "url": "https://www.openstreetmap.org/way/1361875356", "license": "ODbL 1.0", "license_url": "https://opendatacommons.org/licenses/odbl/1-0/", "attribution": "© OpenStreetMap contributors", "source_id": "way/1361875356", "retrieved_at": "2026-08-19"}, "osm_tags": {"landuse": "brownfield"}}}, {"type": "Feature", "geometry": {"type": "Polygon", "coordinates": [[[-78.8661971, 42.9189986], [-78.8670844, 42.9190166], [-78.8670536, 42.9191204], [-78.8668811, 42.91924], [-78.8668472, 42.9193754], [-78.8658274, 42.9193754], [-78.8658551, 42.9192265], [-78.8661848, 42.9192287], [-78.8661971, 42.9189986]]]}, "properties": {"id": "osm-way-1361875357", "name": "", "layer": "disused", "categories": ["BROWNFIELD"], "freshness": "RECENT", "source": {"name": "OpenStreetMap via Overpass", "url": "https://www.openstreetmap.org/way/1361875357", "license": "ODbL 1.0", "license_url": "https://opendatacommons.org/licenses/odbl/1-0/", "attribution": "© OpenStreetMap contributors", "source_id": "way/1361875357", "retrieved_at": "2026-08-19"}, "osm_tags": {"landuse": "brownfield"}}}, {"type": "Feature", "geometry": {"type": "Polygon", "coordinates": [[[-78.8964159, 42.9305595], [-78.8963358, 42.9312453], [-78.8969889, 42.9313175], [-78.8968226, 42.9324499], [-78.8956025, 42.9323687], [-78.8955059, 42.9329378], [-78.894444, 42.932883], [-78.8940928, 42.9326033], [-78.8938832, 42.9320213], [-78.8939017, 42.9316107], [-78.8940928, 42.9313897], [-78.894709, 42.931137], [-78.8958181, 42.9304332], [-78.8964159, 42.9305595]]]}, "properties": {"id": "osm-way-1361875358", "name": "", "layer": "disused", "categories": ["BROWNFIELD"], "freshness": "RECENT", "source": {"name": "OpenStreetMap via Overpass", "url": "https://www.openstreetmap.org/way/1361875358", "license": "ODbL 1.0", "license_url": "https://opendatacommons.org/licenses/odbl/1-0/", "attribution": "© OpenStreetMap contributors", "source_id": "way/1361875358", "retrieved_at": "2026-08-19"}, "osm_tags": {"landuse": "brownfield"}}}, {"type": "Feature", "geometry": {"type": "Polygon", "coordinates": [[[-78.8998957, 42.9061742], [-78.8998102, 42.9062692], [-78.8997954, 42.9064267], [-78.8998161, 42.9065649], [-78.8992856, 42.9068304], [-78.8982835, 42.9056625], [-78.8991529, 42.9053819], [-78.8998957, 42.9061742]]]}, "properties": {"id": "osm-way-1368001572", "name": "", "layer": "disused", "categories": ["BROWNFIELD"], "freshness": "RECENT", "source": {"name": "OpenStreetMap via Overpass", "url": "https://www.openstreetmap.org/way/1368001572", "license": "ODbL 1.0", "license_url": "https://opendatacommons.org/licenses/odbl/1-0/", "attribution": "© OpenStreetMap contributors", "source_id": "way/1368001572", "retrieved_at": "2026-08-19"}, "osm_tags": {"landuse": "brownfield"}}}, {"type": "Feature", "geometry": {"type": "Polygon", "coordinates": [[[-78.8704172, 42.8902682], [-78.8704422, 42.8901949], [-78.8702211, 42.8901559], [-78.8700739, 42.890137], [-78.8700492, 42.8901927], [-78.8700912, 42.8902045], [-78.8701554, 42.8902159], [-78.8701623, 42.8902232], [-78.8704172, 42.8902682]]]}, "properties": {"id": "osm-way-1368596314", "name": "", "layer": "disused", "categories": ["BROWNFIELD"], "freshness": "RECENT", "source": {"name": "OpenStreetMap via Overpass", "url": "https://www.openstreetmap.org/way/1368596314", "license": "ODbL 1.0", "license_url": "https://opendatacommons.org/licenses/odbl/1-0/", "attribution": "© OpenStreetMap contributors", "source_id": "way/1368596314", "retrieved_at": "2026-08-19"}, "osm_tags": {"landuse": "brownfield"}}}, {"type": "Feature", "geometry": {"type": "Polygon", "coordinates": [[[-78.8800424, 42.947641], [-78.8784315, 42.9476377], [-78.8784233, 42.9466705], [-78.8795129, 42.9466675], [-78.879521, 42.9470782], [-78.8800767, 42.9470782], [-78.8800764, 42.9471561], [-78.8800443, 42.947156], [-78.8800424, 42.947641]]]}, "properties": {"id": "osm-way-1368596318", "name": "", "layer": "disused", "categories": ["BROWNFIELD"], "freshness": "RECENT", "source": {"name": "OpenStreetMap via Overpass", "url": "https://www.openstreetmap.org/way/1368596318", "license": "ODbL 1.0", "license_url": "https://opendatacommons.org/licenses/odbl/1-0/", "attribution": "© OpenStreetMap contributors", "source_id": "way/1368596318", "retrieved_at": "2026-08-19"}, "osm_tags": {"landuse": "brownfield"}}}, {"type": "Feature", "geometry": {"type": "Polygon", "coordinates": [[[-78.8789356, 42.9482507], [-78.8783851, 42.9482533], [-78.8783878, 42.9478676], [-78.8783913, 42.947854], [-78.8784061, 42.9478454], [-78.8784421, 42.9478397], [-78.8789263, 42.9478352], [-78.8789356, 42.9482507]]]}, "properties": {"id": "osm-way-1368596319", "name": "", "layer": "disused", "categories": ["BROWNFIELD"], "freshness": "RECENT", "source": {"name": "OpenStreetMap via Overpass", "url": "https://www.openstreetmap.org/way/1368596319", "license": "ODbL 1.0", "license_url": "https://opendatacommons.org/licenses/odbl/1-0/", "attribution": "© OpenStreetMap contributors", "source_id": "way/1368596319", "retrieved_at": "2026-08-19"}, "osm_tags": {"landuse": "brownfield"}}}, {"type": "Feature", "geometry": {"type": "Polygon", "coordinates": [[[-78.8766611, 42.9487373], [-78.8773085, 42.9487351], [-78.8773103, 42.9490039], [-78.8772822, 42.9490518], [-78.8766631, 42.9490538], [-78.8766611, 42.9487373]]]}, "properties": {"id": "osm-way-1368596321", "name": "", "layer": "disused", "categories": ["BROWNFIELD"], "freshness": "RECENT", "source": {"name": "OpenStreetMap via Overpass", "url": "https://www.openstreetmap.org/way/1368596321", "license": "ODbL 1.0", "license_url": "https://opendatacommons.org/licenses/odbl/1-0/", "attribution": "© OpenStreetMap contributors", "source_id": "way/1368596321", "retrieved_at": "2026-08-19"}, "osm_tags": {"landuse": "brownfield"}}}, {"type": "Feature", "geometry": {"type": "Polygon", "coordinates": [[[-78.9000233, 42.9460042], [-78.900938, 42.945787], [-78.9013527, 42.9459745], [-78.9017755, 42.946028], [-78.9022481, 42.9469332], [-78.9022475, 42.9469527], [-78.9022389, 42.9469689], [-78.9006331, 42.9474207], [-78.9004136, 42.9469654], [-78.9000233, 42.947141], [-78.9002754, 42.9475517], [-78.8998241, 42.9476618], [-78.8996371, 42.9472779], [-78.8996576, 42.9472318], [-78.8997496, 42.9472379], [-78.8999252, 42.9460483], [-78.9000233, 42.9460042]]]}, "properties": {"id": "osm-way-1368596322", "name": "", "layer": "disused", "categories": ["BROWNFIELD"], "freshness": "RECENT", "source": {"name": "OpenStreetMap via Overpass", "url": "https://www.openstreetmap.org/way/1368596322", "license": "ODbL 1.0", "license_url": "https://opendatacommons.org/licenses/odbl/1-0/", "attribution": "© OpenStreetMap contributors", "source_id": "way/1368596322", "retrieved_at": "2026-08-19"}, "osm_tags": {"landuse": "brownfield"}}}, {"type": "Feature", "geometry": {"type": "Polygon", "coordinates": [[[-79.0040159, 43.0783011], [-79.0063172, 43.0788261], [-79.0056037, 43.0796842], [-79.0053784, 43.0801348], [-79.0051907, 43.0801113], [-79.0049117, 43.0810203], [-79.0037852, 43.0809655], [-79.0035277, 43.0809537], [-79.0036618, 43.0783677], [-79.0040159, 43.0783011]]]}, "properties": {"id": "osm-way-1368596324", "name": "", "layer": "disused", "categories": ["BROWNFIELD"], "freshness": "RECENT", "source": {"name": "OpenStreetMap via Overpass", "url": "https://www.openstreetmap.org/way/1368596324", "license": "ODbL 1.0", "license_url": "https://opendatacommons.org/licenses/odbl/1-0/", "attribution": "© OpenStreetMap contributors", "source_id": "way/1368596324", "retrieved_at": "2026-08-19"}, "osm_tags": {"landuse": "brownfield"}}}, {"type": "Feature", "geometry": {"type": "Polygon", "coordinates": [[[-79.0068854, 43.0786826], [-79.0081117, 43.0782505], [-79.0081671, 43.078165], [-79.0095351, 43.078228], [-79.0096152, 43.0781335], [-79.0074523, 43.0774403], [-79.0057208, 43.0768867], [-79.0054804, 43.0768597], [-79.0051908, 43.0772108], [-79.0047841, 43.078129], [-79.0068854, 43.0786826]]]}, "properties": {"id": "osm-way-1368596325", "name": "", "layer": "disused", "categories": ["BROWNFIELD"], "freshness": "RECENT", "source": {"name": "OpenStreetMap via Overpass", "url": "https://www.openstreetmap.org/way/1368596325", "license": "ODbL 1.0", "license_url": "https://opendatacommons.org/licenses/odbl/1-0/", "attribution": "© OpenStreetMap contributors", "source_id": "way/1368596325", "retrieved_at": "2026-08-19"}, "osm_tags": {"landuse": "brownfield"}}}, {"type": "Feature", "geometry": {"type": "Polygon", "coordinates": [[[-79.03576, 43.0828975], [-79.0397404, 43.0827133], [-79.0396975, 43.0819924], [-79.0401749, 43.0819807], [-79.0400784, 43.0798923], [-79.0380077, 43.0799942], [-79.0381633, 43.0814125], [-79.0356795, 43.0815223], [-79.03576, 43.0828975]]]}, "properties": {"id": "osm-way-1368596327", "name": "", "layer": "disused", "categories": ["BROWNFIELD"], "freshness": "RECENT", "source": {"name": "OpenStreetMap via Overpass", "url": "https://www.openstreetmap.org/way/1368596327", "license": "ODbL 1.0", "license_url": "https://opendatacommons.org/licenses/odbl/1-0/", "attribution": "© OpenStreetMap contributors", "source_id": "way/1368596327", "retrieved_at": "2026-08-19"}, "osm_tags": {"landuse": "brownfield"}}}, {"type": "Feature", "geometry": {"type": "Polygon", "coordinates": [[[-79.0330538, 43.0815561], [-79.0337262, 43.0815923], [-79.0354463, 43.0815561], [-79.0355312, 43.0828951], [-79.0348234, 43.0829106], [-79.0344411, 43.0828331], [-79.0341934, 43.0826935], [-79.0330538, 43.0815561]]]}, "properties": {"id": "osm-way-1368596328", "name": "", "layer": "disused", "categories": ["BROWNFIELD"], "freshness": "RECENT", "source": {"name": "OpenStreetMap via Overpass", "url": "https://www.openstreetmap.org/way/1368596328", "license": "ODbL 1.0", "license_url": "https://opendatacommons.org/licenses/odbl/1-0/", "attribution": "© OpenStreetMap contributors", "source_id": "way/1368596328", "retrieved_at": "2026-08-19"}, "osm_tags": {"landuse": "brownfield"}}}, {"type": "Feature", "geometry": {"type": "Polygon", "coordinates": [[[-79.0556971, 43.1117796], [-79.0559931, 43.1125061], [-79.055833, 43.1125409], [-79.0557557, 43.1123511], [-79.0556078, 43.111988], [-79.0555054, 43.1120102], [-79.0556534, 43.1123735], [-79.0557302, 43.112562], [-79.0555555, 43.1126], [-79.0552598, 43.1118746], [-79.0556971, 43.1117796]]]}, "properties": {"id": "osm-way-1368596336", "name": "", "layer": "disused", "categories": ["DISUSED (RECORDED)"], "freshness": "RECENT", "source": {"name": "OpenStreetMap via Overpass", "url": "https://www.openstreetmap.org/way/1368596336", "license": "ODbL 1.0", "license_url": "https://opendatacommons.org/licenses/odbl/1-0/", "attribution": "© OpenStreetMap contributors", "source_id": "way/1368596336", "retrieved_at": "2026-08-19"}, "osm_tags": {"building": "ruins"}}}, {"type": "Feature", "geometry": {"type": "Polygon", "coordinates": [[[-78.9867681, 43.0895412], [-78.9871552, 43.0895427], [-78.9871511, 43.090063], [-78.9867642, 43.0900614], [-78.9867681, 43.0895412]]]}, "properties": {"id": "osm-way-1368596339", "name": "", "layer": "disused", "categories": ["BROWNFIELD"], "freshness": "RECENT", "source": {"name": "OpenStreetMap via Overpass", "url": "https://www.openstreetmap.org/way/1368596339", "license": "ODbL 1.0", "license_url": "https://opendatacommons.org/licenses/odbl/1-0/", "attribution": "© OpenStreetMap contributors", "source_id": "way/1368596339", "retrieved_at": "2026-08-19"}, "osm_tags": {"landuse": "brownfield"}}}, {"type": "Feature", "geometry": {"type": "Polygon", "coordinates": [[[-78.9358404, 43.0994734], [-78.9336465, 43.0994399], [-78.9336037, 43.0994103], [-78.9336079, 43.0970301], [-78.9352343, 43.0970155], [-78.9354726, 43.0970734], [-78.9358297, 43.0977108], [-78.9358404, 43.0994734]]]}, "properties": {"id": "osm-way-1368596343", "name": "", "layer": "disused", "categories": ["BROWNFIELD"], "freshness": "RECENT", "source": {"name": "OpenStreetMap via Overpass", "url": "https://www.openstreetmap.org/way/1368596343", "license": "ODbL 1.0", "license_url": "https://opendatacommons.org/licenses/odbl/1-0/", "attribution": "© OpenStreetMap contributors", "source_id": "way/1368596343", "retrieved_at": "2026-08-19"}, "osm_tags": {"landuse": "brownfield"}}}, {"type": "Feature", "geometry": {"type": "Polygon", "coordinates": [[[-78.5032156, 42.9973533], [-78.5038343, 42.9973189], [-78.5038902, 42.9973131], [-78.5038435, 42.9970074], [-78.5037571, 42.9969647], [-78.5035609, 42.9969852], [-78.5033671, 42.9968776], [-78.503136, 42.9968845], [-78.5031948, 42.997324], [-78.5032156, 42.9973533]]]}, "properties": {"id": "osm-way-1368596350", "name": "", "layer": "disused", "categories": ["BROWNFIELD"], "freshness": "RECENT", "source": {"name": "OpenStreetMap via Overpass", "url": "https://www.openstreetmap.org/way/1368596350", "license": "ODbL 1.0", "license_url": "https://opendatacommons.org/licenses/odbl/1-0/", "attribution": "© OpenStreetMap contributors", "source_id": "way/1368596350", "retrieved_at": "2026-08-19"}, "osm_tags": {"landuse": "brownfield"}}}, {"type": "Feature", "geometry": {"type": "Polygon", "coordinates": [[[-79.3348314, 42.4840014], [-79.3347151, 42.4835758], [-79.3352557, 42.4834955], [-79.335372, 42.483921], [-79.3348314, 42.4840014]]]}, "properties": {"id": "osm-way-1368596357", "name": "", "layer": "disused", "categories": ["BROWNFIELD"], "freshness": "RECENT", "source": {"name": "OpenStreetMap via Overpass", "url": "https://www.openstreetmap.org/way/1368596357", "license": "ODbL 1.0", "license_url": "https://opendatacommons.org/licenses/odbl/1-0/", "attribution": "© OpenStreetMap contributors", "source_id": "way/1368596357", "retrieved_at": "2026-08-19"}, "osm_tags": {"landuse": "brownfield"}}}, {"type": "Feature", "geometry": {"type": "Polygon", "coordinates": [[[-79.3367058, 42.4872124], [-79.337108, 42.4871486], [-79.3372339, 42.4875801], [-79.3368315, 42.4876439], [-79.3367058, 42.4872124]]]}, "properties": {"id": "osm-way-1368596358", "name": "", "layer": "disused", "categories": ["BROWNFIELD"], "freshness": "RECENT", "source": {"name": "OpenStreetMap via Overpass", "url": "https://www.openstreetmap.org/way/1368596358", "license": "ODbL 1.0", "license_url": "https://opendatacommons.org/licenses/odbl/1-0/", "attribution": "© OpenStreetMap contributors", "source_id": "way/1368596358", "retrieved_at": "2026-08-19"}, "osm_tags": {"landuse": "brownfield"}}}, {"type": "Feature", "geometry": {"type": "Polygon", "coordinates": [[[-78.9110511, 42.9105461], [-78.9119908, 42.9105241], [-78.9120087, 42.9109336], [-78.911069, 42.9109555], [-78.9110511, 42.9105461]]]}, "properties": {"id": "osm-way-1368596364", "name": "", "layer": "disused", "categories": ["BROWNFIELD"], "freshness": "RECENT", "source": {"name": "OpenStreetMap via Overpass", "url": "https://www.openstreetmap.org/way/1368596364", "license": "ODbL 1.0", "license_url": "https://opendatacommons.org/licenses/odbl/1-0/", "attribution": "© OpenStreetMap contributors", "source_id": "way/1368596364", "retrieved_at": "2026-08-19"}, "osm_tags": {"landuse": "brownfield"}}}, {"type": "Feature", "geometry": {"type": "Polygon", "coordinates": [[[-78.8923236, 42.8969188], [-78.8926857, 42.8967675], [-78.8930853, 42.897184], [-78.8926535, 42.8973746], [-78.8923423, 42.8971152], [-78.8924416, 42.8970661], [-78.8923236, 42.8969188]]]}, "properties": {"id": "osm-way-1368596365", "name": "", "layer": "disused", "categories": ["BROWNFIELD"], "freshness": "RECENT", "source": {"name": "OpenStreetMap via Overpass", "url": "https://www.openstreetmap.org/way/1368596365", "license": "ODbL 1.0", "license_url": "https://opendatacommons.org/licenses/odbl/1-0/", "attribution": "© OpenStreetMap contributors", "source_id": "way/1368596365", "retrieved_at": "2026-08-19"}, "osm_tags": {"landuse": "brownfield"}}}, {"type": "Feature", "geometry": {"type": "Polygon", "coordinates": [[[-78.8878317, 42.8947409], [-78.8875711, 42.8944784], [-78.8877369, 42.8943861], [-78.8880591, 42.8944305], [-78.8880872, 42.8944613], [-78.8881624, 42.8945337], [-78.8881438, 42.8945431], [-78.8881696, 42.8945705], [-78.8878317, 42.8947409]]]}, "properties": {"id": "osm-way-1368596366", "name": "", "layer": "disused", "categories": ["BROWNFIELD"], "freshness": "RECENT", "source": {"name": "OpenStreetMap via Overpass", "url": "https://www.openstreetmap.org/way/1368596366", "license": "ODbL 1.0", "license_url": "https://opendatacommons.org/licenses/odbl/1-0/", "attribution": "© OpenStreetMap contributors", "source_id": "way/1368596366", "retrieved_at": "2026-08-19"}, "osm_tags": {"landuse": "brownfield"}}}, {"type": "Feature", "geometry": {"type": "Polygon", "coordinates": [[[-78.8306701, 42.9187799], [-78.8324779, 42.9188114], [-78.8324726, 42.9168825], [-78.8321239, 42.916741], [-78.8316893, 42.9167843], [-78.8309598, 42.9170946], [-78.8306647, 42.9174482], [-78.8306701, 42.9187799]]]}, "properties": {"id": "osm-way-1368596368", "name": "", "layer": "disused", "categories": ["BROWNFIELD"], "freshness": "RECENT", "source": {"name": "OpenStreetMap via Overpass", "url": "https://www.openstreetmap.org/way/1368596368", "license": "ODbL 1.0", "license_url": "https://opendatacommons.org/licenses/odbl/1-0/", "attribution": "© OpenStreetMap contributors", "source_id": "way/1368596368", "retrieved_at": "2026-08-19"}, "osm_tags": {"landuse": "brownfield"}}}, {"type": "Feature", "geometry": {"type": "Polygon", "coordinates": [[[-78.8524549, 42.8969282], [-78.8538053, 42.8963599], [-78.8538193, 42.8964113], [-78.8538147, 42.8968152], [-78.8532726, 42.8970275], [-78.8527259, 42.8972637], [-78.8524549, 42.8969282]]]}, "properties": {"id": "osm-way-1368596369", "name": "", "layer": "disused", "categories": ["BROWNFIELD"], "freshness": "RECENT", "source": {"name": "OpenStreetMap via Overpass", "url": "https://www.openstreetmap.org/way/1368596369", "license": "ODbL 1.0", "license_url": "https://opendatacommons.org/licenses/odbl/1-0/", "attribution": "© OpenStreetMap contributors", "source_id": "way/1368596369", "retrieved_at": "2026-08-19"}, "osm_tags": {"landuse": "brownfield"}}}, {"type": "Feature", "geometry": {"type": "Polygon", "coordinates": [[[-80.2646027, 43.1379624], [-80.2641111, 43.1379961], [-80.2641511, 43.1383068], [-80.2646427, 43.1382731], [-80.2646027, 43.1379624]]]}, "properties": {"id": "osm-way-1370071541", "name": "", "layer": "disused", "categories": ["BROWNFIELD"], "freshness": "RECENT", "source": {"name": "OpenStreetMap via Overpass", "url": "https://www.openstreetmap.org/way/1370071541", "license": "ODbL 1.0", "license_url": "https://opendatacommons.org/licenses/odbl/1-0/", "attribution": "© OpenStreetMap contributors", "source_id": "way/1370071541", "retrieved_at": "2026-08-19"}, "osm_tags": {"landuse": "brownfield"}}}, {"type": "Feature", "geometry": {"type": "Polygon", "coordinates": [[[-80.2667501, 43.1383765], [-80.2670629, 43.1383544], [-80.2671199, 43.1387253], [-80.2668041, 43.1387489], [-80.2667988, 43.138728], [-80.2667501, 43.1383765]]]}, "properties": {"id": "osm-way-1370071542", "name": "", "layer": "disused", "categories": ["BROWNFIELD"], "freshness": "RECENT", "source": {"name": "OpenStreetMap via Overpass", "url": "https://www.openstreetmap.org/way/1370071542", "license": "ODbL 1.0", "license_url": "https://opendatacommons.org/licenses/odbl/1-0/", "attribution": "© OpenStreetMap contributors", "source_id": "way/1370071542", "retrieved_at": "2026-08-19"}, "osm_tags": {"landuse": "brownfield"}}}, {"type": "Feature", "geometry": {"type": "Polygon", "coordinates": [[[-80.2576446, 43.1387889], [-80.2580423, 43.1387622], [-80.2579796, 43.1381099], [-80.2575821, 43.1381436], [-80.2576446, 43.1387889]]]}, "properties": {"id": "osm-way-1370071543", "name": "", "layer": "disused", "categories": ["BROWNFIELD"], "freshness": "RECENT", "source": {"name": "OpenStreetMap via Overpass", "url": "https://www.openstreetmap.org/way/1370071543", "license": "ODbL 1.0", "license_url": "https://opendatacommons.org/licenses/odbl/1-0/", "attribution": "© OpenStreetMap contributors", "source_id": "way/1370071543", "retrieved_at": "2026-08-19"}, "osm_tags": {"landuse": "brownfield"}}}, {"type": "Feature", "geometry": {"type": "Polygon", "coordinates": [[[-78.901678, 43.0356545], [-78.9016751, 43.0356637], [-78.9016619, 43.0356615], [-78.9016648, 43.0356523], [-78.901678, 43.0356545]]]}, "properties": {"id": "osm-way-1370520920", "name": "", "layer": "disused", "categories": ["DISUSED (RECORDED)"], "freshness": "RECENT", "source": {"name": "OpenStreetMap via Overpass", "url": "https://www.openstreetmap.org/way/1370520920", "license": "ODbL 1.0", "license_url": "https://opendatacommons.org/licenses/odbl/1-0/", "attribution": "© OpenStreetMap contributors", "source_id": "way/1370520920", "retrieved_at": "2026-08-19"}, "osm_tags": {"building": "ruins", "building:condition": "recognizable_remains", "description": "concrete foundation slab", "historic": "ruins"}}}, {"type": "Feature", "geometry": {"type": "Polygon", "coordinates": [[[-78.9018181, 43.0351441], [-78.9018742, 43.0352263], [-78.9017373, 43.0352761], [-78.9017071, 43.0352317], [-78.9017752, 43.0352069], [-78.9017494, 43.0351691], [-78.9018181, 43.0351441]]]}, "properties": {"id": "osm-way-1370520921", "name": "", "layer": "disused", "categories": ["DISUSED (RECORDED)"], "freshness": "RECENT", "source": {"name": "OpenStreetMap via Overpass", "url": "https://www.openstreetmap.org/way/1370520921", "license": "ODbL 1.0", "license_url": "https://opendatacommons.org/licenses/odbl/1-0/", "attribution": "© OpenStreetMap contributors", "source_id": "way/1370520921", "retrieved_at": "2026-08-19"}, "osm_tags": {"building": "ruins", "building:condition": "recognizable_remains", "description": "concrete foundation slab", "historic": "ruins"}}}, {"type": "Feature", "geometry": {"type": "Polygon", "coordinates": [[[-78.9022784, 43.0342859], [-78.9022791, 43.0343517], [-78.9018134, 43.0343541], [-78.9017809, 43.0343393], [-78.9017795, 43.0343035], [-78.9018128, 43.0342884], [-78.9022784, 43.0342859]]]}, "properties": {"id": "osm-way-1370520922", "name": "", "layer": "disused", "categories": ["DISUSED (RECORDED)"], "freshness": "RECENT", "source": {"name": "OpenStreetMap via Overpass", "url": "https://www.openstreetmap.org/way/1370520922", "license": "ODbL 1.0", "license_url": "https://opendatacommons.org/licenses/odbl/1-0/", "attribution": "© OpenStreetMap contributors", "source_id": "way/1370520922", "retrieved_at": "2026-08-19"}, "osm_tags": {"building": "ruins", "building:condition": "recognizable_remains", "description": "concrete foundation slab", "historic": "ruins"}}}, {"type": "Feature", "geometry": {"type": "Polygon", "coordinates": [[[-78.9030479, 43.0343192], [-78.9029945, 43.0343912], [-78.9029044, 43.0343554], [-78.9029578, 43.0342834], [-78.9030479, 43.0343192]]]}, "properties": {"id": "osm-way-1370520923", "name": "", "layer": "disused", "categories": ["DISUSED (RECORDED)"], "freshness": "RECENT", "source": {"name": "OpenStreetMap via Overpass", "url": "https://www.openstreetmap.org/way/1370520923", "license": "ODbL 1.0", "license_url": "https://opendatacommons.org/licenses/odbl/1-0/", "attribution": "© OpenStreetMap contributors", "source_id": "way/1370520923", "retrieved_at": "2026-08-19"}, "osm_tags": {"building": "ruins", "building:condition": "recognizable_remains", "description": "concrete foundation slab", "historic": "ruins"}}}, {"type": "Feature", "geometry": {"type": "Polygon", "coordinates": [[[-78.9922088, 43.0917659], [-78.9921387, 43.0912075], [-78.9922181, 43.0900036], [-78.9934043, 43.0901503], [-78.9933903, 43.0906618], [-78.9932642, 43.0907334], [-78.9931147, 43.0917804], [-78.9922088, 43.0917659]]]}, "properties": {"id": "osm-way-1386908009", "name": "", "layer": "disused", "categories": ["BROWNFIELD"], "freshness": "RECENT", "source": {"name": "OpenStreetMap via Overpass", "url": "https://www.openstreetmap.org/way/1386908009", "license": "ODbL 1.0", "license_url": "https://opendatacommons.org/licenses/odbl/1-0/", "attribution": "© OpenStreetMap contributors", "source_id": "way/1386908009", "retrieved_at": "2026-08-19"}, "osm_tags": {"landuse": "brownfield"}}}, {"type": "Feature", "geometry": {"type": "Polygon", "coordinates": [[[-78.996275, 43.0924134], [-78.9982457, 43.0924271], [-78.9982644, 43.091994], [-78.9995159, 43.0919633], [-78.9995019, 43.090889], [-78.9980589, 43.0905957], [-78.9962796, 43.0904832], [-78.996275, 43.0924134]]]}, "properties": {"id": "osm-way-1386908010", "name": "", "layer": "disused", "categories": ["BROWNFIELD"], "freshness": "RECENT", "source": {"name": "OpenStreetMap via Overpass", "url": "https://www.openstreetmap.org/way/1386908010", "license": "ODbL 1.0", "license_url": "https://opendatacommons.org/licenses/odbl/1-0/", "attribution": "© OpenStreetMap contributors", "source_id": "way/1386908010", "retrieved_at": "2026-08-19"}, "osm_tags": {"landuse": "brownfield"}}}, {"type": "Feature", "geometry": {"type": "Polygon", "coordinates": [[[-78.9746428, 43.088842], [-78.9750245, 43.0887563], [-78.9750212, 43.0898588], [-78.974657, 43.08985], [-78.974644, 43.089201], [-78.9746428, 43.088842]]]}, "properties": {"id": "osm-way-1386908011", "name": "", "layer": "disused", "categories": ["BROWNFIELD"], "freshness": "RECENT", "source": {"name": "OpenStreetMap via Overpass", "url": "https://www.openstreetmap.org/way/1386908011", "license": "ODbL 1.0", "license_url": "https://opendatacommons.org/licenses/odbl/1-0/", "attribution": "© OpenStreetMap contributors", "source_id": "way/1386908011", "retrieved_at": "2026-08-19"}, "osm_tags": {"landuse": "brownfield"}}}, {"type": "Feature", "geometry": {"type": "Polygon", "coordinates": [[[-79.8998729, 43.2551305], [-79.9008697, 43.253216], [-79.9023649, 43.2535844], [-79.9024092, 43.2538264], [-79.901597, 43.2555284], [-79.8998729, 43.2551305]]]}, "properties": {"id": "osm-way-1395617844", "name": "", "layer": "disused", "categories": ["BROWNFIELD"], "freshness": "RECENT", "source": {"name": "OpenStreetMap via Overpass", "url": "https://www.openstreetmap.org/way/1395617844", "license": "ODbL 1.0", "license_url": "https://opendatacommons.org/licenses/odbl/1-0/", "attribution": "© OpenStreetMap contributors", "source_id": "way/1395617844", "retrieved_at": "2026-08-19"}, "osm_tags": {"landuse": "brownfield"}}}, {"type": "Feature", "geometry": {"type": "Polygon", "coordinates": [[[-79.8198355, 43.411003], [-79.8191843, 43.4107202], [-79.8184198, 43.4105762], [-79.8176624, 43.4106174], [-79.8170395, 43.4108076], [-79.8156665, 43.4117839], [-79.8176553, 43.4130341], [-79.8198355, 43.411003]]]}, "properties": {"id": "osm-way-1396487781", "name": "", "layer": "disused", "categories": ["BROWNFIELD"], "freshness": "RECENT", "source": {"name": "OpenStreetMap via Overpass", "url": "https://www.openstreetmap.org/way/1396487781", "license": "ODbL 1.0", "license_url": "https://opendatacommons.org/licenses/odbl/1-0/", "attribution": "© OpenStreetMap contributors", "source_id": "way/1396487781", "retrieved_at": "2026-08-19"}, "osm_tags": {"landuse": "brownfield"}}}, {"type": "Feature", "geometry": {"type": "Polygon", "coordinates": [[[-78.5492301, 42.7434421], [-78.5491572, 42.7434425], [-78.5491576, 42.7434796], [-78.5491847, 42.7434794], [-78.5491849, 42.7434961], [-78.5492307, 42.7434959], [-78.5492301, 42.7434421]]]}, "properties": {"id": "osm-way-1415651188", "name": "Cabin", "layer": "disused", "categories": ["DISUSED (RECORDED)"], "freshness": "RECENT", "source": {"name": "OpenStreetMap via Overpass", "url": "https://www.openstreetmap.org/way/1415651188", "license": "ODbL 1.0", "license_url": "https://opendatacommons.org/licenses/odbl/1-0/", "attribution": "© OpenStreetMap contributors", "source_id": "way/1415651188", "retrieved_at": "2026-08-19"}, "osm_tags": {"building": "ruins", "description": "Stone foundation and chimney (about 5m tall)", "historic": "ruins", "historic:civilization": "modern", "material": "stone", "name": "Cabin", "ruins": "building"}}}, {"type": "Feature", "geometry": {"type": "Polygon", "coordinates": [[[-79.0514794, 43.0882088], [-79.0514237, 43.0873856], [-79.0519605, 43.0873667], [-79.0520139, 43.0881898], [-79.0514794, 43.0882088]]]}, "properties": {"id": "osm-way-1424936310", "name": "", "layer": "disused", "categories": ["BROWNFIELD"], "freshness": "RECENT", "source": {"name": "OpenStreetMap via Overpass", "url": "https://www.openstreetmap.org/way/1424936310", "license": "ODbL 1.0", "license_url": "https://opendatacommons.org/licenses/odbl/1-0/", "attribution": "© OpenStreetMap contributors", "source_id": "way/1424936310", "retrieved_at": "2026-08-19"}, "osm_tags": {"landuse": "brownfield"}}}, {"type": "Feature", "geometry": {"type": "Polygon", "coordinates": [[[-79.0506905, 43.0868398], [-79.0512352, 43.0868172], [-79.0512253, 43.0866666], [-79.0512217, 43.0866565], [-79.051214, 43.0866482], [-79.0512018, 43.0866416], [-79.0511843, 43.0866406], [-79.0506786, 43.0866615], [-79.0506905, 43.0868398]]]}, "properties": {"id": "osm-way-1424936318", "name": "", "layer": "disused", "categories": ["BROWNFIELD"], "freshness": "RECENT", "source": {"name": "OpenStreetMap via Overpass", "url": "https://www.openstreetmap.org/way/1424936318", "license": "ODbL 1.0", "license_url": "https://opendatacommons.org/licenses/odbl/1-0/", "attribution": "© OpenStreetMap contributors", "source_id": "way/1424936318", "retrieved_at": "2026-08-19"}, "osm_tags": {"landuse": "brownfield"}}}, {"type": "Feature", "geometry": {"type": "Polygon", "coordinates": [[[-79.0512683, 43.0873279], [-79.0507244, 43.0873489], [-79.0507172, 43.0872399], [-79.0512512, 43.0872188], [-79.0512612, 43.0872184], [-79.0512683, 43.0873279]]]}, "properties": {"id": "osm-way-1424936319", "name": "", "layer": "disused", "categories": ["BROWNFIELD"], "freshness": "RECENT", "source": {"name": "OpenStreetMap via Overpass", "url": "https://www.openstreetmap.org/way/1424936319", "license": "ODbL 1.0", "license_url": "https://opendatacommons.org/licenses/odbl/1-0/", "attribution": "© OpenStreetMap contributors", "source_id": "way/1424936319", "retrieved_at": "2026-08-19"}, "osm_tags": {"landuse": "brownfield"}}}, {"type": "Feature", "geometry": {"type": "Polygon", "coordinates": [[[-79.0513036, 43.0878703], [-79.0507616, 43.0879057], [-79.0507317, 43.087458], [-79.0512752, 43.0874338], [-79.0513036, 43.0878703]]]}, "properties": {"id": "osm-way-1424936320", "name": "", "layer": "disused", "categories": ["BROWNFIELD"], "freshness": "RECENT", "source": {"name": "OpenStreetMap via Overpass", "url": "https://www.openstreetmap.org/way/1424936320", "license": "ODbL 1.0", "license_url": "https://opendatacommons.org/licenses/odbl/1-0/", "attribution": "© OpenStreetMap contributors", "source_id": "way/1424936320", "retrieved_at": "2026-08-19"}, "osm_tags": {"landuse": "brownfield"}}}, {"type": "Feature", "geometry": {"type": "Polygon", "coordinates": [[[-79.0508139, 43.0886911], [-79.0513555, 43.0886699], [-79.0513108, 43.0879824], [-79.0507685, 43.0880091], [-79.0508139, 43.0886911]]]}, "properties": {"id": "osm-way-1424936321", "name": "", "layer": "disused", "categories": ["BROWNFIELD"], "freshness": "RECENT", "source": {"name": "OpenStreetMap via Overpass", "url": "https://www.openstreetmap.org/way/1424936321", "license": "ODbL 1.0", "license_url": "https://opendatacommons.org/licenses/odbl/1-0/", "attribution": "© OpenStreetMap contributors", "source_id": "way/1424936321", "retrieved_at": "2026-08-19"}, "osm_tags": {"landuse": "brownfield"}}}, {"type": "Feature", "geometry": {"type": "Polygon", "coordinates": [[[-79.0499919, 43.0877203], [-79.0494495, 43.0877378], [-79.0494434, 43.0876427], [-79.0499855, 43.0876275], [-79.0499919, 43.0877203]]]}, "properties": {"id": "osm-way-1424936329", "name": "", "layer": "disused", "categories": ["BROWNFIELD"], "freshness": "RECENT", "source": {"name": "OpenStreetMap via Overpass", "url": "https://www.openstreetmap.org/way/1424936329", "license": "ODbL 1.0", "license_url": "https://opendatacommons.org/licenses/odbl/1-0/", "attribution": "© OpenStreetMap contributors", "source_id": "way/1424936329", "retrieved_at": "2026-08-19"}, "osm_tags": {"landuse": "brownfield"}}}, {"type": "Feature", "geometry": {"type": "Polygon", "coordinates": [[[-79.0500425, 43.088454], [-79.0500352, 43.0883496], [-79.0494898, 43.0883675], [-79.0494965, 43.0884719], [-79.0496239, 43.0884677], [-79.0497414, 43.0884639], [-79.0498729, 43.0884596], [-79.0500425, 43.088454]]]}, "properties": {"id": "osm-way-1424936330", "name": "", "layer": "disused", "categories": ["BROWNFIELD"], "freshness": "RECENT", "source": {"name": "OpenStreetMap via Overpass", "url": "https://www.openstreetmap.org/way/1424936330", "license": "ODbL 1.0", "license_url": "https://opendatacommons.org/licenses/odbl/1-0/", "attribution": "© OpenStreetMap contributors", "source_id": "way/1424936330", "retrieved_at": "2026-08-19"}, "osm_tags": {"landuse": "brownfield"}}}, {"type": "Feature", "geometry": {"type": "Polygon", "coordinates": [[[-79.0498903, 43.088739], [-79.0498895, 43.0887254], [-79.0498866, 43.0886786], [-79.0498843, 43.0886417], [-79.049881, 43.0885886], [-79.0498778, 43.0885383], [-79.0498729, 43.0884596], [-79.0497414, 43.0884639], [-79.04976, 43.0887436], [-79.0498903, 43.088739]]]}, "properties": {"id": "osm-way-1424936331", "name": "", "layer": "disused", "categories": ["BROWNFIELD"], "freshness": "RECENT", "source": {"name": "OpenStreetMap via Overpass", "url": "https://www.openstreetmap.org/way/1424936331", "license": "ODbL 1.0", "license_url": "https://opendatacommons.org/licenses/odbl/1-0/", "attribution": "© OpenStreetMap contributors", "source_id": "way/1424936331", "retrieved_at": "2026-08-19"}, "osm_tags": {"landuse": "brownfield"}}}, {"type": "Feature", "geometry": {"type": "Polygon", "coordinates": [[[-79.0497414, 43.0884639], [-79.04976, 43.0887436], [-79.0496425, 43.0887477], [-79.0496418, 43.0887374], [-79.0496326, 43.0885981], [-79.0496239, 43.0884677], [-79.0497414, 43.0884639]]]}, "properties": {"id": "osm-way-1424936332", "name": "", "layer": "disused", "categories": ["BROWNFIELD"], "freshness": "RECENT", "source": {"name": "OpenStreetMap via Overpass", "url": "https://www.openstreetmap.org/way/1424936332", "license": "ODbL 1.0", "license_url": "https://opendatacommons.org/licenses/odbl/1-0/", "attribution": "© OpenStreetMap contributors", "source_id": "way/1424936332", "retrieved_at": "2026-08-19"}, "osm_tags": {"landuse": "brownfield"}}}, {"type": "Feature", "geometry": {"type": "Polygon", "coordinates": [[[-79.0496425, 43.0887477], [-79.0496418, 43.0887374], [-79.0496326, 43.0885981], [-79.0496239, 43.0884677], [-79.0494965, 43.0884719], [-79.0495145, 43.0887522], [-79.0496425, 43.0887477]]]}, "properties": {"id": "osm-way-1424936333", "name": "", "layer": "disused", "categories": ["BROWNFIELD"], "freshness": "RECENT", "source": {"name": "OpenStreetMap via Overpass", "url": "https://www.openstreetmap.org/way/1424936333", "license": "ODbL 1.0", "license_url": "https://opendatacommons.org/licenses/odbl/1-0/", "attribution": "© OpenStreetMap contributors", "source_id": "way/1424936333", "retrieved_at": "2026-08-19"}, "osm_tags": {"landuse": "brownfield"}}}, {"type": "Feature", "geometry": {"type": "Polygon", "coordinates": [[[-79.0500352, 43.0883496], [-79.0494898, 43.0883675], [-79.0494556, 43.0878328], [-79.0499983, 43.0878131], [-79.0500352, 43.0883496]]]}, "properties": {"id": "osm-way-1424936334", "name": "", "layer": "disused", "categories": ["BROWNFIELD"], "freshness": "RECENT", "source": {"name": "OpenStreetMap via Overpass", "url": "https://www.openstreetmap.org/way/1424936334", "license": "ODbL 1.0", "license_url": "https://opendatacommons.org/licenses/odbl/1-0/", "attribution": "© OpenStreetMap contributors", "source_id": "way/1424936334", "retrieved_at": "2026-08-19"}, "osm_tags": {"landuse": "brownfield"}}}, {"type": "Feature", "geometry": {"type": "Polygon", "coordinates": [[[-79.0507336, 43.0883698], [-79.0501934, 43.0883891], [-79.0502099, 43.0886577], [-79.0502135, 43.0886817], [-79.0502196, 43.0886943], [-79.0502316, 43.0887081], [-79.050244, 43.088714], [-79.0502692, 43.0887175], [-79.0502962, 43.0887198], [-79.0503267, 43.0887195], [-79.0507334, 43.0887025], [-79.0507324, 43.0886902], [-79.0507549, 43.0886891], [-79.0507336, 43.0883698]]]}, "properties": {"id": "osm-way-1424936336", "name": "", "layer": "disused", "categories": ["BROWNFIELD"], "freshness": "RECENT", "source": {"name": "OpenStreetMap via Overpass", "url": "https://www.openstreetmap.org/way/1424936336", "license": "ODbL 1.0", "license_url": "https://opendatacommons.org/licenses/odbl/1-0/", "attribution": "© OpenStreetMap contributors", "source_id": "way/1424936336", "retrieved_at": "2026-08-19"}, "osm_tags": {"landuse": "brownfield"}}}, {"type": "Feature", "geometry": {"type": "Polygon", "coordinates": [[[-79.0432357, 43.0871911], [-79.0430523, 43.0871987], [-79.0430408, 43.0870038], [-79.0430406, 43.0870007], [-79.0432241, 43.0869933], [-79.0432242, 43.0869969], [-79.043232, 43.0871288], [-79.0432357, 43.0871911]]]}, "properties": {"id": "osm-way-1424936339", "name": "", "layer": "disused", "categories": ["BROWNFIELD"], "freshness": "RECENT", "source": {"name": "OpenStreetMap via Overpass", "url": "https://www.openstreetmap.org/way/1424936339", "license": "ODbL 1.0", "license_url": "https://opendatacommons.org/licenses/odbl/1-0/", "attribution": "© OpenStreetMap contributors", "source_id": "way/1424936339", "retrieved_at": "2026-08-19"}, "osm_tags": {"landuse": "brownfield"}}}, {"type": "Feature", "geometry": {"type": "Polygon", "coordinates": [[[-79.0429321, 43.0872039], [-79.0430523, 43.0871987], [-79.0430408, 43.0870038], [-79.0430406, 43.0870007], [-79.0429171, 43.0870057], [-79.0429173, 43.0870089], [-79.0429321, 43.0872039]]]}, "properties": {"id": "osm-way-1424936342", "name": "", "layer": "disused", "categories": ["BROWNFIELD"], "freshness": "RECENT", "source": {"name": "OpenStreetMap via Overpass", "url": "https://www.openstreetmap.org/way/1424936342", "license": "ODbL 1.0", "license_url": "https://opendatacommons.org/licenses/odbl/1-0/", "attribution": "© OpenStreetMap contributors", "source_id": "way/1424936342", "retrieved_at": "2026-08-19"}, "osm_tags": {"landuse": "brownfield"}}}, {"type": "Feature", "geometry": {"type": "Polygon", "coordinates": [[[-79.0435464, 43.0875845], [-79.0435362, 43.0874517], [-79.0435222, 43.0872683], [-79.0435957, 43.0872653], [-79.0436943, 43.0872613], [-79.0443399, 43.0872349], [-79.0443416, 43.0872562], [-79.0443641, 43.0875511], [-79.0435464, 43.0875845]]]}, "properties": {"id": "osm-way-1424936345", "name": "", "layer": "disused", "categories": ["BROWNFIELD"], "freshness": "RECENT", "source": {"name": "OpenStreetMap via Overpass", "url": "https://www.openstreetmap.org/way/1424936345", "license": "ODbL 1.0", "license_url": "https://opendatacommons.org/licenses/odbl/1-0/", "attribution": "© OpenStreetMap contributors", "source_id": "way/1424936345", "retrieved_at": "2026-08-19"}, "osm_tags": {"landuse": "brownfield"}}}, {"type": "Feature", "geometry": {"type": "Polygon", "coordinates": [[[-79.044753, 43.0872398], [-79.0444801, 43.0872507], [-79.0443814, 43.0872546], [-79.0443416, 43.0872562], [-79.0443641, 43.0875511], [-79.0447519, 43.0875353], [-79.0447682, 43.087531], [-79.044774, 43.0875201], [-79.044753, 43.0872398]]]}, "properties": {"id": "osm-way-1424936346", "name": "", "layer": "disused", "categories": ["BROWNFIELD"], "freshness": "RECENT", "source": {"name": "OpenStreetMap via Overpass", "url": "https://www.openstreetmap.org/way/1424936346", "license": "ODbL 1.0", "license_url": "https://opendatacommons.org/licenses/odbl/1-0/", "attribution": "© OpenStreetMap contributors", "source_id": "way/1424936346", "retrieved_at": "2026-08-19"}, "osm_tags": {"landuse": "brownfield"}}}, {"type": "Feature", "geometry": {"type": "Polygon", "coordinates": [[[-79.0430478, 43.0874719], [-79.0435362, 43.0874517], [-79.0435222, 43.0872683], [-79.043241, 43.0872798], [-79.0432357, 43.0871911], [-79.0430523, 43.0871987], [-79.0429321, 43.0872039], [-79.0428457, 43.0872074], [-79.0428406, 43.0872076], [-79.0430478, 43.0874719]]]}, "properties": {"id": "osm-way-1424936347", "name": "", "layer": "disused", "categories": ["BROWNFIELD"], "freshness": "RECENT", "source": {"name": "OpenStreetMap via Overpass", "url": "https://www.openstreetmap.org/way/1424936347", "license": "ODbL 1.0", "license_url": "https://opendatacommons.org/licenses/odbl/1-0/", "attribution": "© OpenStreetMap contributors", "source_id": "way/1424936347", "retrieved_at": "2026-08-19"}, "osm_tags": {"landuse": "brownfield"}}}, {"type": "Feature", "geometry": {"type": "Polygon", "coordinates": [[[-79.0428406, 43.0872076], [-79.0428457, 43.0872074], [-79.0429321, 43.0872039], [-79.0429173, 43.0870089], [-79.0429171, 43.0870057], [-79.0427399, 43.0870129], [-79.0427148, 43.0870456], [-79.0428406, 43.0872076]]]}, "properties": {"id": "osm-way-1424936348", "name": "", "layer": "disused", "categories": ["BROWNFIELD"], "freshness": "RECENT", "source": {"name": "OpenStreetMap via Overpass", "url": "https://www.openstreetmap.org/way/1424936348", "license": "ODbL 1.0", "license_url": "https://opendatacommons.org/licenses/odbl/1-0/", "attribution": "© OpenStreetMap contributors", "source_id": "way/1424936348", "retrieved_at": "2026-08-19"}, "osm_tags": {"landuse": "brownfield"}}}, {"type": "Feature", "geometry": {"type": "Polygon", "coordinates": [[[-79.0443814, 43.0872546], [-79.0444801, 43.0872507], [-79.0444712, 43.0871309], [-79.0444576, 43.086947], [-79.0444574, 43.0869434], [-79.0443587, 43.0869473], [-79.044359, 43.0869509], [-79.0443741, 43.0871551], [-79.0443814, 43.0872546]]]}, "properties": {"id": "osm-way-1424936349", "name": "", "layer": "disused", "categories": ["BROWNFIELD"], "freshness": "RECENT", "source": {"name": "OpenStreetMap via Overpass", "url": "https://www.openstreetmap.org/way/1424936349", "license": "ODbL 1.0", "license_url": "https://opendatacommons.org/licenses/odbl/1-0/", "attribution": "© OpenStreetMap contributors", "source_id": "way/1424936349", "retrieved_at": "2026-08-19"}, "osm_tags": {"landuse": "brownfield"}}}, {"type": "Feature", "geometry": {"type": "Polygon", "coordinates": [[[-79.0444801, 43.0872507], [-79.0444712, 43.0871309], [-79.0444576, 43.086947], [-79.0444574, 43.0869434], [-79.0447327, 43.0869323], [-79.044753, 43.0872398], [-79.0444801, 43.0872507]]]}, "properties": {"id": "osm-way-1424936350", "name": "", "layer": "disused", "categories": ["BROWNFIELD"], "freshness": "RECENT", "source": {"name": "OpenStreetMap via Overpass", "url": "https://www.openstreetmap.org/way/1424936350", "license": "ODbL 1.0", "license_url": "https://opendatacommons.org/licenses/odbl/1-0/", "attribution": "© OpenStreetMap contributors", "source_id": "way/1424936350", "retrieved_at": "2026-08-19"}, "osm_tags": {"landuse": "brownfield"}}}, {"type": "Feature", "geometry": {"type": "Polygon", "coordinates": [[[-79.0435957, 43.0872653], [-79.0436943, 43.0872613], [-79.0436732, 43.0869751], [-79.0435746, 43.0869791], [-79.0435957, 43.0872653]]]}, "properties": {"id": "osm-way-1424936351", "name": "", "layer": "disused", "categories": ["BROWNFIELD"], "freshness": "RECENT", "source": {"name": "OpenStreetMap via Overpass", "url": "https://www.openstreetmap.org/way/1424936351", "license": "ODbL 1.0", "license_url": "https://opendatacommons.org/licenses/odbl/1-0/", "attribution": "© OpenStreetMap contributors", "source_id": "way/1424936351", "retrieved_at": "2026-08-19"}, "osm_tags": {"landuse": "brownfield"}}}, {"type": "Feature", "geometry": {"type": "Polygon", "coordinates": [[[-79.0443814, 43.0872546], [-79.0443416, 43.0872562], [-79.0443399, 43.0872349], [-79.0436943, 43.0872613], [-79.0436732, 43.0869751], [-79.0443587, 43.0869473], [-79.044359, 43.0869509], [-79.0443741, 43.0871551], [-79.0443814, 43.0872546]]]}, "properties": {"id": "osm-way-1424936352", "name": "", "layer": "disused", "categories": ["BROWNFIELD"], "freshness": "RECENT", "source": {"name": "OpenStreetMap via Overpass", "url": "https://www.openstreetmap.org/way/1424936352", "license": "ODbL 1.0", "license_url": "https://opendatacommons.org/licenses/odbl/1-0/", "attribution": "© OpenStreetMap contributors", "source_id": "way/1424936352", "retrieved_at": "2026-08-19"}, "osm_tags": {"landuse": "brownfield"}}}, {"type": "Feature", "geometry": {"type": "Polygon", "coordinates": [[[-79.0435746, 43.0869791], [-79.0432241, 43.0869933], [-79.0432242, 43.0869969], [-79.043232, 43.0871288], [-79.0432357, 43.0871911], [-79.043241, 43.0872798], [-79.0435222, 43.0872683], [-79.0435957, 43.0872653], [-79.0435746, 43.0869791]]]}, "properties": {"id": "osm-way-1424936353", "name": "", "layer": "disused", "categories": ["BROWNFIELD"], "freshness": "RECENT", "source": {"name": "OpenStreetMap via Overpass", "url": "https://www.openstreetmap.org/way/1424936353", "license": "ODbL 1.0", "license_url": "https://opendatacommons.org/licenses/odbl/1-0/", "attribution": "© OpenStreetMap contributors", "source_id": "way/1424936353", "retrieved_at": "2026-08-19"}, "osm_tags": {"landuse": "brownfield"}}}, {"type": "Feature", "geometry": {"type": "Polygon", "coordinates": [[[-79.0426966, 43.086157], [-79.0420703, 43.0861601], [-79.0420342, 43.0861603], [-79.0425628, 43.0868429], [-79.0427013, 43.0868371], [-79.0426991, 43.0865258], [-79.0426966, 43.086157]]]}, "properties": {"id": "osm-way-1424936354", "name": "", "layer": "disused", "categories": ["BROWNFIELD"], "freshness": "RECENT", "source": {"name": "OpenStreetMap via Overpass", "url": "https://www.openstreetmap.org/way/1424936354", "license": "ODbL 1.0", "license_url": "https://opendatacommons.org/licenses/odbl/1-0/", "attribution": "© OpenStreetMap contributors", "source_id": "way/1424936354", "retrieved_at": "2026-08-19"}, "osm_tags": {"landuse": "brownfield"}}}, {"type": "Feature", "geometry": {"type": "Polygon", "coordinates": [[[-79.0432576, 43.08566], [-79.0426932, 43.0856623], [-79.0426939, 43.0857619], [-79.0432583, 43.0857596], [-79.0432576, 43.08566]]]}, "properties": {"id": "osm-way-1424936355", "name": "", "layer": "disused", "categories": ["BROWNFIELD"], "freshness": "RECENT", "source": {"name": "OpenStreetMap via Overpass", "url": "https://www.openstreetmap.org/way/1424936355", "license": "ODbL 1.0", "license_url": "https://opendatacommons.org/licenses/odbl/1-0/", "attribution": "© OpenStreetMap contributors", "source_id": "way/1424936355", "retrieved_at": "2026-08-19"}, "osm_tags": {"landuse": "brownfield"}}}, {"type": "Feature", "geometry": {"type": "Polygon", "coordinates": [[[-79.0432636, 43.0865191], [-79.0431454, 43.0865205], [-79.0430313, 43.0865219], [-79.0429238, 43.0865231], [-79.0426991, 43.0865258], [-79.0426966, 43.086157], [-79.0426939, 43.0857619], [-79.0432583, 43.0857596], [-79.0432636, 43.0865191]]]}, "properties": {"id": "osm-way-1424936356", "name": "", "layer": "disused", "categories": ["BROWNFIELD"], "freshness": "RECENT", "source": {"name": "OpenStreetMap via Overpass", "url": "https://www.openstreetmap.org/way/1424936356", "license": "ODbL 1.0", "license_url": "https://opendatacommons.org/licenses/odbl/1-0/", "attribution": "© OpenStreetMap contributors", "source_id": "way/1424936356", "retrieved_at": "2026-08-19"}, "osm_tags": {"landuse": "brownfield"}}}, {"type": "Feature", "geometry": {"type": "Polygon", "coordinates": [[[-79.0432537, 43.0850917], [-79.0426892, 43.0850935], [-79.0426898, 43.0851757], [-79.0432542, 43.0851738], [-79.0432537, 43.0850917]]]}, "properties": {"id": "osm-way-1424936357", "name": "", "layer": "disused", "categories": ["BROWNFIELD"], "freshness": "RECENT", "source": {"name": "OpenStreetMap via Overpass", "url": "https://www.openstreetmap.org/way/1424936357", "license": "ODbL 1.0", "license_url": "https://opendatacommons.org/licenses/odbl/1-0/", "attribution": "© OpenStreetMap contributors", "source_id": "way/1424936357", "retrieved_at": "2026-08-19"}, "osm_tags": {"landuse": "brownfield"}}}, {"type": "Feature", "geometry": {"type": "Polygon", "coordinates": [[[-79.0432547, 43.0852482], [-79.0426903, 43.0852501], [-79.0426909, 43.0853322], [-79.0432553, 43.0853304], [-79.0432547, 43.0852482]]]}, "properties": {"id": "osm-way-1424936358", "name": "", "layer": "disused", "categories": ["BROWNFIELD"], "freshness": "RECENT", "source": {"name": "OpenStreetMap via Overpass", "url": "https://www.openstreetmap.org/way/1424936358", "license": "ODbL 1.0", "license_url": "https://opendatacommons.org/licenses/odbl/1-0/", "attribution": "© OpenStreetMap contributors", "source_id": "way/1424936358", "retrieved_at": "2026-08-19"}, "osm_tags": {"landuse": "brownfield"}}}, {"type": "Feature", "geometry": {"type": "Polygon", "coordinates": [[[-79.0426903, 43.0852501], [-79.0426898, 43.0851757], [-79.0432542, 43.0851738], [-79.0432547, 43.0852482], [-79.0426903, 43.0852501]]]}, "properties": {"id": "osm-way-1424936359", "name": "", "layer": "disused", "categories": ["BROWNFIELD"], "freshness": "RECENT", "source": {"name": "OpenStreetMap via Overpass", "url": "https://www.openstreetmap.org/way/1424936359", "license": "ODbL 1.0", "license_url": "https://opendatacommons.org/licenses/odbl/1-0/", "attribution": "© OpenStreetMap contributors", "source_id": "way/1424936359", "retrieved_at": "2026-08-19"}, "osm_tags": {"landuse": "brownfield"}}}, {"type": "Feature", "geometry": {"type": "Polygon", "coordinates": [[[-79.0426932, 43.0856623], [-79.0432576, 43.08566], [-79.0432553, 43.0853304], [-79.0426909, 43.0853322], [-79.0426916, 43.0854277], [-79.0426932, 43.0856623]]]}, "properties": {"id": "osm-way-1424936360", "name": "", "layer": "disused", "categories": ["BROWNFIELD"], "freshness": "RECENT", "source": {"name": "OpenStreetMap via Overpass", "url": "https://www.openstreetmap.org/way/1424936360", "license": "ODbL 1.0", "license_url": "https://opendatacommons.org/licenses/odbl/1-0/", "attribution": "© OpenStreetMap contributors", "source_id": "way/1424936360", "retrieved_at": "2026-08-19"}, "osm_tags": {"landuse": "brownfield"}}}, {"type": "Feature", "geometry": {"type": "Polygon", "coordinates": [[[-79.0426892, 43.0850935], [-79.0426877, 43.0848805], [-79.0426874, 43.0848412], [-79.0432471, 43.0848392], [-79.0432519, 43.0848392], [-79.0432537, 43.0850917], [-79.0426892, 43.0850935]]]}, "properties": {"id": "osm-way-1424936361", "name": "", "layer": "disused", "categories": ["BROWNFIELD"], "freshness": "RECENT", "source": {"name": "OpenStreetMap via Overpass", "url": "https://www.openstreetmap.org/way/1424936361", "license": "ODbL 1.0", "license_url": "https://opendatacommons.org/licenses/odbl/1-0/", "attribution": "© OpenStreetMap contributors", "source_id": "way/1424936361", "retrieved_at": "2026-08-19"}, "osm_tags": {"landuse": "brownfield"}}}, {"type": "Feature", "geometry": {"type": "Polygon", "coordinates": [[[-79.0431475, 43.0868187], [-79.0432656, 43.0868139], [-79.0432636, 43.0865191], [-79.0431454, 43.0865205], [-79.0431456, 43.0865491], [-79.0431461, 43.0866183], [-79.0431475, 43.0868187]]]}, "properties": {"id": "osm-way-1424936366", "name": "", "layer": "disused", "categories": ["BROWNFIELD"], "freshness": "RECENT", "source": {"name": "OpenStreetMap via Overpass", "url": "https://www.openstreetmap.org/way/1424936366", "license": "ODbL 1.0", "license_url": "https://opendatacommons.org/licenses/odbl/1-0/", "attribution": "© OpenStreetMap contributors", "source_id": "way/1424936366", "retrieved_at": "2026-08-19"}, "osm_tags": {"landuse": "brownfield"}}}, {"type": "Feature", "geometry": {"type": "Polygon", "coordinates": [[[-79.0429259, 43.0868279], [-79.0429246, 43.0866437], [-79.0429242, 43.086576], [-79.0429238, 43.0865231], [-79.0426991, 43.0865258], [-79.0427013, 43.0868371], [-79.0429259, 43.0868279]]]}, "properties": {"id": "osm-way-1424936367", "name": "", "layer": "disused", "categories": ["BROWNFIELD"], "freshness": "RECENT", "source": {"name": "OpenStreetMap via Overpass", "url": "https://www.openstreetmap.org/way/1424936367", "license": "ODbL 1.0", "license_url": "https://opendatacommons.org/licenses/odbl/1-0/", "attribution": "© OpenStreetMap contributors", "source_id": "way/1424936367", "retrieved_at": "2026-08-19"}, "osm_tags": {"landuse": "brownfield"}}}, {"type": "Feature", "geometry": {"type": "Polygon", "coordinates": [[[-79.0597477, 43.0836216], [-79.059663, 43.0837395], [-79.0595178, 43.0836854], [-79.0596009, 43.0835653], [-79.0597477, 43.0836216]]]}, "properties": {"id": "osm-way-1425495515", "name": "", "layer": "disused", "categories": ["BROWNFIELD"], "freshness": "RECENT", "source": {"name": "OpenStreetMap via Overpass", "url": "https://www.openstreetmap.org/way/1425495515", "license": "ODbL 1.0", "license_url": "https://opendatacommons.org/licenses/odbl/1-0/", "attribution": "© OpenStreetMap contributors", "source_id": "way/1425495515", "retrieved_at": "2026-08-19"}, "osm_tags": {"landuse": "brownfield"}}}, {"type": "Feature", "geometry": {"type": "Polygon", "coordinates": [[[-79.7167027, 43.4833175], [-79.715813, 43.4826637], [-79.7157823, 43.4826821], [-79.7147231, 43.4838167], [-79.7146898, 43.4838555], [-79.7146766, 43.4838791], [-79.7146731, 43.4839122], [-79.7147293, 43.4839485], [-79.7148635, 43.4840618], [-79.715175, 43.484298], [-79.715512, 43.484552], [-79.7156994, 43.4847095], [-79.7162785, 43.4842983], [-79.7158283, 43.4839551], [-79.7167027, 43.4833175]]]}, "properties": {"id": "osm-way-1425962808", "name": "", "layer": "disused", "categories": ["BROWNFIELD"], "freshness": "RECENT", "source": {"name": "OpenStreetMap via Overpass", "url": "https://www.openstreetmap.org/way/1425962808", "license": "ODbL 1.0", "license_url": "https://opendatacommons.org/licenses/odbl/1-0/", "attribution": "© OpenStreetMap contributors", "source_id": "way/1425962808", "retrieved_at": "2026-08-19"}, "osm_tags": {"landuse": "brownfield"}}}, {"type": "Feature", "geometry": {"type": "Polygon", "coordinates": [[[-79.0481098, 43.0880409], [-79.0475645, 43.0880602], [-79.0475698, 43.0881374], [-79.048115, 43.0881181], [-79.0481098, 43.0880409]]]}, "properties": {"id": "osm-way-1429679394", "name": "", "layer": "disused", "categories": ["BROWNFIELD"], "freshness": "RECENT", "source": {"name": "OpenStreetMap via Overpass", "url": "https://www.openstreetmap.org/way/1429679394", "license": "ODbL 1.0", "license_url": "https://opendatacommons.org/licenses/odbl/1-0/", "attribution": "© OpenStreetMap contributors", "source_id": "way/1429679394", "retrieved_at": "2026-08-19"}, "osm_tags": {"landuse": "brownfield"}}}, {"type": "Feature", "geometry": {"type": "Polygon", "coordinates": [[[-79.0487223, 43.0881824], [-79.0481744, 43.088198], [-79.048185, 43.0883563], [-79.0487329, 43.0883407], [-79.0487223, 43.0881824]]]}, "properties": {"id": "osm-way-1429679395", "name": "", "layer": "disused", "categories": ["BROWNFIELD"], "freshness": "RECENT", "source": {"name": "OpenStreetMap via Overpass", "url": "https://www.openstreetmap.org/way/1429679395", "license": "ODbL 1.0", "license_url": "https://opendatacommons.org/licenses/odbl/1-0/", "attribution": "© OpenStreetMap contributors", "source_id": "way/1429679395", "retrieved_at": "2026-08-19"}, "osm_tags": {"landuse": "brownfield"}}}, {"type": "Feature", "geometry": {"type": "Polygon", "coordinates": [[[-79.0486064, 43.0887904], [-79.0485944, 43.0885887], [-79.048603, 43.0885884], [-79.0487016, 43.0885852], [-79.048749, 43.0885832], [-79.0487625, 43.0887849], [-79.0486064, 43.0887904]]]}, "properties": {"id": "osm-way-1429679396", "name": "", "layer": "disused", "categories": ["BROWNFIELD"], "freshness": "RECENT", "source": {"name": "OpenStreetMap via Overpass", "url": "https://www.openstreetmap.org/way/1429679396", "license": "ODbL 1.0", "license_url": "https://opendatacommons.org/licenses/odbl/1-0/", "attribution": "© OpenStreetMap contributors", "source_id": "way/1429679396", "retrieved_at": "2026-08-19"}, "osm_tags": {"landuse": "brownfield"}}}, {"type": "Feature", "geometry": {"type": "Polygon", "coordinates": [[[-79.0481583, 43.0879557], [-79.048706, 43.087938], [-79.0486282, 43.0867733], [-79.0480807, 43.0867928], [-79.0481583, 43.0879557]]]}, "properties": {"id": "osm-way-1429679397", "name": "", "layer": "disused", "categories": ["BROWNFIELD"], "freshness": "RECENT", "source": {"name": "OpenStreetMap via Overpass", "url": "https://www.openstreetmap.org/way/1429679397", "license": "ODbL 1.0", "license_url": "https://opendatacommons.org/licenses/odbl/1-0/", "attribution": "© OpenStreetMap contributors", "source_id": "way/1429679397", "retrieved_at": "2026-08-19"}, "osm_tags": {"landuse": "brownfield"}}}, {"type": "Feature", "geometry": {"type": "Polygon", "coordinates": [[[-79.0481744, 43.088198], [-79.0481646, 43.0880507], [-79.0487122, 43.0880308], [-79.0487223, 43.0881824], [-79.0481744, 43.088198]]]}, "properties": {"id": "osm-way-1429679398", "name": "", "layer": "disused", "categories": ["BROWNFIELD"], "freshness": "RECENT", "source": {"name": "OpenStreetMap via Overpass", "url": "https://www.openstreetmap.org/way/1429679398", "license": "ODbL 1.0", "license_url": "https://opendatacommons.org/licenses/odbl/1-0/", "attribution": "© OpenStreetMap contributors", "source_id": "way/1429679398", "retrieved_at": "2026-08-19"}, "osm_tags": {"landuse": "brownfield"}}}, {"type": "Feature", "geometry": {"type": "Polygon", "coordinates": [[[-79.0485944, 43.0885887], [-79.0486064, 43.0887904], [-79.0482149, 43.0888043], [-79.0482014, 43.0886027], [-79.0485944, 43.0885887]]]}, "properties": {"id": "osm-way-1429679399", "name": "", "layer": "disused", "categories": ["BROWNFIELD"], "freshness": "RECENT", "source": {"name": "OpenStreetMap via Overpass", "url": "https://www.openstreetmap.org/way/1429679399", "license": "ODbL 1.0", "license_url": "https://opendatacommons.org/licenses/odbl/1-0/", "attribution": "© OpenStreetMap contributors", "source_id": "way/1429679399", "retrieved_at": "2026-08-19"}, "osm_tags": {"landuse": "brownfield"}}}, {"type": "Feature", "geometry": {"type": "Polygon", "coordinates": [[[-79.048749, 43.0885832], [-79.0487016, 43.0885852], [-79.048603, 43.0885884], [-79.0485944, 43.0885887], [-79.0482014, 43.0886027], [-79.048185, 43.0883563], [-79.0487329, 43.0883407], [-79.048749, 43.0885832]]]}, "properties": {"id": "osm-way-1429679400", "name": "", "layer": "disused", "categories": ["BROWNFIELD"], "freshness": "RECENT", "source": {"name": "OpenStreetMap via Overpass", "url": "https://www.openstreetmap.org/way/1429679400", "license": "ODbL 1.0", "license_url": "https://opendatacommons.org/licenses/odbl/1-0/", "attribution": "© OpenStreetMap contributors", "source_id": "way/1429679400", "retrieved_at": "2026-08-19"}, "osm_tags": {"landuse": "brownfield"}}}, {"type": "Feature", "geometry": {"type": "Polygon", "coordinates": [[[-79.0475645, 43.0880602], [-79.0475431, 43.0877446], [-79.0480883, 43.0877248], [-79.0481098, 43.0880409], [-79.0475645, 43.0880602]]]}, "properties": {"id": "osm-way-1429679401", "name": "", "layer": "disused", "categories": ["BROWNFIELD"], "freshness": "RECENT", "source": {"name": "OpenStreetMap via Overpass", "url": "https://www.openstreetmap.org/way/1429679401", "license": "ODbL 1.0", "license_url": "https://opendatacommons.org/licenses/odbl/1-0/", "attribution": "© OpenStreetMap contributors", "source_id": "way/1429679401", "retrieved_at": "2026-08-19"}, "osm_tags": {"landuse": "brownfield"}}}, {"type": "Feature", "geometry": {"type": "Polygon", "coordinates": [[[-79.0481618, 43.0888065], [-79.0476166, 43.0888262], [-79.0476028, 43.0886244], [-79.048148, 43.0886046], [-79.0481618, 43.0888065]]]}, "properties": {"id": "osm-way-1429679402", "name": "", "layer": "disused", "categories": ["BROWNFIELD"], "freshness": "RECENT", "source": {"name": "OpenStreetMap via Overpass", "url": "https://www.openstreetmap.org/way/1429679402", "license": "ODbL 1.0", "license_url": "https://opendatacommons.org/licenses/odbl/1-0/", "attribution": "© OpenStreetMap contributors", "source_id": "way/1429679402", "retrieved_at": "2026-08-19"}, "osm_tags": {"landuse": "brownfield"}}}, {"type": "Feature", "geometry": {"type": "Polygon", "coordinates": [[[-79.048148, 43.0886046], [-79.0476028, 43.0886244], [-79.0475811, 43.0883042], [-79.0481264, 43.0882848], [-79.048148, 43.0886046]]]}, "properties": {"id": "osm-way-1429679403", "name": "", "layer": "disused", "categories": ["BROWNFIELD"], "freshness": "RECENT", "source": {"name": "OpenStreetMap via Overpass", "url": "https://www.openstreetmap.org/way/1429679403", "license": "ODbL 1.0", "license_url": "https://opendatacommons.org/licenses/odbl/1-0/", "attribution": "© OpenStreetMap contributors", "source_id": "way/1429679403", "retrieved_at": "2026-08-19"}, "osm_tags": {"landuse": "brownfield"}}}, {"type": "Feature", "geometry": {"type": "Polygon", "coordinates": [[[-79.0475366, 43.0876496], [-79.048082, 43.087632], [-79.0480258, 43.0868039], [-79.0475248, 43.086822], [-79.0475649, 43.0874111], [-79.0475222, 43.0874379], [-79.0475366, 43.0876496]]]}, "properties": {"id": "osm-way-1429679404", "name": "", "layer": "disused", "categories": ["BROWNFIELD"], "freshness": "RECENT", "source": {"name": "OpenStreetMap via Overpass", "url": "https://www.openstreetmap.org/way/1429679404", "license": "ODbL 1.0", "license_url": "https://opendatacommons.org/licenses/odbl/1-0/", "attribution": "© OpenStreetMap contributors", "source_id": "way/1429679404", "retrieved_at": "2026-08-19"}, "osm_tags": {"landuse": "brownfield"}}}, {"type": "Feature", "geometry": {"type": "Polygon", "coordinates": [[[-79.0467843, 43.0868478], [-79.0473324, 43.0868251], [-79.0474622, 43.0888383], [-79.0469177, 43.0888565], [-79.0467843, 43.0868478]]]}, "properties": {"id": "osm-way-1429679405", "name": "", "layer": "disused", "categories": ["BROWNFIELD"], "freshness": "RECENT", "source": {"name": "OpenStreetMap via Overpass", "url": "https://www.openstreetmap.org/way/1429679405", "license": "ODbL 1.0", "license_url": "https://opendatacommons.org/licenses/odbl/1-0/", "attribution": "© OpenStreetMap contributors", "source_id": "way/1429679405", "retrieved_at": "2026-08-19"}, "osm_tags": {"landuse": "brownfield"}}}, {"type": "Feature", "geometry": {"type": "Polygon", "coordinates": [[[-79.0489106, 43.0865894], [-79.048907, 43.0863071], [-79.0491417, 43.0862991], [-79.0493655, 43.0862914], [-79.0499006, 43.0862731], [-79.0499169, 43.0865474], [-79.0489106, 43.0865894]]]}, "properties": {"id": "osm-way-1429679406", "name": "", "layer": "disused", "categories": ["BROWNFIELD"], "freshness": "RECENT", "source": {"name": "OpenStreetMap via Overpass", "url": "https://www.openstreetmap.org/way/1429679406", "license": "ODbL 1.0", "license_url": "https://opendatacommons.org/licenses/odbl/1-0/", "attribution": "© OpenStreetMap contributors", "source_id": "way/1429679406", "retrieved_at": "2026-08-19"}, "osm_tags": {"landuse": "brownfield"}}}, {"type": "Feature", "geometry": {"type": "Polygon", "coordinates": [[[-79.0499006, 43.0862731], [-79.0493655, 43.0862914], [-79.049353, 43.0860967], [-79.0498422, 43.08608], [-79.0498668, 43.0860805], [-79.0498857, 43.0860846], [-79.0499006, 43.0862731]]]}, "properties": {"id": "osm-way-1429679407", "name": "", "layer": "disused", "categories": ["BROWNFIELD"], "freshness": "RECENT", "source": {"name": "OpenStreetMap via Overpass", "url": "https://www.openstreetmap.org/way/1429679407", "license": "ODbL 1.0", "license_url": "https://opendatacommons.org/licenses/odbl/1-0/", "attribution": "© OpenStreetMap contributors", "source_id": "way/1429679407", "retrieved_at": "2026-08-19"}, "osm_tags": {"landuse": "brownfield"}}}, {"type": "Feature", "geometry": {"type": "Polygon", "coordinates": [[[-79.0489106, 43.0865894], [-79.048907, 43.0863071], [-79.0489045, 43.0861121], [-79.0489038, 43.0860527], [-79.0488992, 43.0856798], [-79.0488979, 43.0855685], [-79.0483654, 43.0855723], [-79.0483726, 43.0866112], [-79.0489106, 43.0865894]]]}, "properties": {"id": "osm-way-1429679408", "name": "", "layer": "disused", "categories": ["BROWNFIELD"], "freshness": "RECENT", "source": {"name": "OpenStreetMap via Overpass", "url": "https://www.openstreetmap.org/way/1429679408", "license": "ODbL 1.0", "license_url": "https://opendatacommons.org/licenses/odbl/1-0/", "attribution": "© OpenStreetMap contributors", "source_id": "way/1429679408", "retrieved_at": "2026-08-19"}, "osm_tags": {"landuse": "brownfield"}}}, {"type": "Feature", "geometry": {"type": "Polygon", "coordinates": [[[-79.0491292, 43.0861044], [-79.0489045, 43.0861121], [-79.048907, 43.0863071], [-79.0491417, 43.0862991], [-79.0491292, 43.0861044]]]}, "properties": {"id": "osm-way-1429679409", "name": "", "layer": "disused", "categories": ["BROWNFIELD"], "freshness": "RECENT", "source": {"name": "OpenStreetMap via Overpass", "url": "https://www.openstreetmap.org/way/1429679409", "license": "ODbL 1.0", "license_url": "https://opendatacommons.org/licenses/odbl/1-0/", "attribution": "© OpenStreetMap contributors", "source_id": "way/1429679409", "retrieved_at": "2026-08-19"}, "osm_tags": {"landuse": "brownfield"}}}, {"type": "Feature", "geometry": {"type": "Polygon", "coordinates": [[[-79.0498667, 43.0860197], [-79.0489038, 43.0860527], [-79.0488992, 43.0856798], [-79.0498381, 43.085634], [-79.0498669, 43.0856327], [-79.049873, 43.0857298], [-79.0498927, 43.0860072], [-79.049885, 43.0860127], [-79.0498757, 43.0860173], [-79.0498667, 43.0860197]]]}, "properties": {"id": "osm-way-1429679411", "name": "", "layer": "disused", "categories": ["BROWNFIELD"], "freshness": "RECENT", "source": {"name": "OpenStreetMap via Overpass", "url": "https://www.openstreetmap.org/way/1429679411", "license": "ODbL 1.0", "license_url": "https://opendatacommons.org/licenses/odbl/1-0/", "attribution": "© OpenStreetMap contributors", "source_id": "way/1429679411", "retrieved_at": "2026-08-19"}, "osm_tags": {"landuse": "brownfield"}}}, {"type": "Feature", "geometry": {"type": "Polygon", "coordinates": [[[-79.048191, 43.0844642], [-79.0481809, 43.0845671], [-79.0481822, 43.085302], [-79.0476324, 43.0853038], [-79.0476267, 43.0848368], [-79.0471499, 43.0848171], [-79.0471486, 43.0846844], [-79.0471458, 43.0843923], [-79.048191, 43.0844642]]]}, "properties": {"id": "osm-way-1429679415", "name": "", "layer": "disused", "categories": ["BROWNFIELD"], "freshness": "RECENT", "source": {"name": "OpenStreetMap via Overpass", "url": "https://www.openstreetmap.org/way/1429679415", "license": "ODbL 1.0", "license_url": "https://opendatacommons.org/licenses/odbl/1-0/", "attribution": "© OpenStreetMap contributors", "source_id": "way/1429679415", "retrieved_at": "2026-08-19"}, "osm_tags": {"landuse": "brownfield"}}}, {"type": "Feature", "geometry": {"type": "Polygon", "coordinates": [[[-79.0481868, 43.0860214], [-79.047658, 43.0860251], [-79.0471559, 43.0860285], [-79.0471674, 43.086659], [-79.0481932, 43.0866187], [-79.0481868, 43.0860214]]]}, "properties": {"id": "osm-way-1429679416", "name": "", "layer": "disused", "categories": ["BROWNFIELD"], "freshness": "RECENT", "source": {"name": "OpenStreetMap via Overpass", "url": "https://www.openstreetmap.org/way/1429679416", "license": "ODbL 1.0", "license_url": "https://opendatacommons.org/licenses/odbl/1-0/", "attribution": "© OpenStreetMap contributors", "source_id": "way/1429679416", "retrieved_at": "2026-08-19"}, "osm_tags": {"landuse": "brownfield"}}}, {"type": "Feature", "geometry": {"type": "Polygon", "coordinates": [[[-79.0467294, 43.0868388], [-79.0461826, 43.0868615], [-79.0462545, 43.0879542], [-79.0468018, 43.0879406], [-79.0467294, 43.0868388]]]}, "properties": {"id": "osm-way-1429679417", "name": "", "layer": "disused", "categories": ["BROWNFIELD"], "freshness": "RECENT", "source": {"name": "OpenStreetMap via Overpass", "url": "https://www.openstreetmap.org/way/1429679417", "license": "ODbL 1.0", "license_url": "https://opendatacommons.org/licenses/odbl/1-0/", "attribution": "© OpenStreetMap contributors", "source_id": "way/1429679417", "retrieved_at": "2026-08-19"}, "osm_tags": {"landuse": "brownfield"}}}, {"type": "Feature", "geometry": {"type": "Polygon", "coordinates": [[[-79.0468608, 43.0888594], [-79.0463165, 43.0888803], [-79.0462981, 43.0886042], [-79.0468427, 43.0885842], [-79.0468608, 43.0888594]]]}, "properties": {"id": "osm-way-1429679420", "name": "", "layer": "disused", "categories": ["BROWNFIELD"], "freshness": "RECENT", "source": {"name": "OpenStreetMap via Overpass", "url": "https://www.openstreetmap.org/way/1429679420", "license": "ODbL 1.0", "license_url": "https://opendatacommons.org/licenses/odbl/1-0/", "attribution": "© OpenStreetMap contributors", "source_id": "way/1429679420", "retrieved_at": "2026-08-19"}, "osm_tags": {"landuse": "brownfield"}}}, {"type": "Feature", "geometry": {"type": "Polygon", "coordinates": [[[-79.046292, 43.0885135], [-79.0468366, 43.0884929], [-79.0468133, 43.0881424], [-79.046806, 43.0881426], [-79.0467082, 43.0881455], [-79.0462677, 43.0881496], [-79.046292, 43.0885135]]]}, "properties": {"id": "osm-way-1429679421", "name": "", "layer": "disused", "categories": ["BROWNFIELD"], "freshness": "RECENT", "source": {"name": "OpenStreetMap via Overpass", "url": "https://www.openstreetmap.org/way/1429679421", "license": "ODbL 1.0", "license_url": "https://opendatacommons.org/licenses/odbl/1-0/", "attribution": "© OpenStreetMap contributors", "source_id": "way/1429679421", "retrieved_at": "2026-08-19"}, "osm_tags": {"landuse": "brownfield"}}}, {"type": "Feature", "geometry": {"type": "Polygon", "coordinates": [[[-79.0455562, 43.0879917], [-79.046102, 43.0879742], [-79.0460295, 43.0868869], [-79.0454864, 43.086904], [-79.0455562, 43.0879917]]]}, "properties": {"id": "osm-way-1429682751", "name": "", "layer": "disused", "categories": ["BROWNFIELD"], "freshness": "RECENT", "source": {"name": "OpenStreetMap via Overpass", "url": "https://www.openstreetmap.org/way/1429682751", "license": "ODbL 1.0", "license_url": "https://opendatacommons.org/licenses/odbl/1-0/", "attribution": "© OpenStreetMap contributors", "source_id": "way/1429682751", "retrieved_at": "2026-08-19"}, "osm_tags": {"landuse": "brownfield"}}}, {"type": "Feature", "geometry": {"type": "Polygon", "coordinates": [[[-79.046102, 43.0879742], [-79.0455562, 43.0879917], [-79.0456196, 43.0889084], [-79.0461628, 43.0888864], [-79.046102, 43.0879742]]]}, "properties": {"id": "osm-way-1429682752", "name": "", "layer": "disused", "categories": ["BROWNFIELD"], "freshness": "RECENT", "source": {"name": "OpenStreetMap via Overpass", "url": "https://www.openstreetmap.org/way/1429682752", "license": "ODbL 1.0", "license_url": "https://opendatacommons.org/licenses/odbl/1-0/", "attribution": "© OpenStreetMap contributors", "source_id": "way/1429682752", "retrieved_at": "2026-08-19"}, "osm_tags": {"landuse": "brownfield"}}}, {"type": "Feature", "geometry": {"type": "Polygon", "coordinates": [[[-79.0450841, 43.0871937], [-79.0454445, 43.0871791], [-79.0454499, 43.0871788], [-79.0454291, 43.0869049], [-79.0450632, 43.0869197], [-79.0450777, 43.0871098], [-79.0450841, 43.0871937]]]}, "properties": {"id": "osm-way-1429682753", "name": "", "layer": "disused", "categories": ["BROWNFIELD"], "freshness": "RECENT", "source": {"name": "OpenStreetMap via Overpass", "url": "https://www.openstreetmap.org/way/1429682753", "license": "ODbL 1.0", "license_url": "https://opendatacommons.org/licenses/odbl/1-0/", "attribution": "© OpenStreetMap contributors", "source_id": "way/1429682753", "retrieved_at": "2026-08-19"}, "osm_tags": {"landuse": "brownfield"}}}, {"type": "Feature", "geometry": {"type": "Polygon", "coordinates": [[[-79.0450841, 43.0871937], [-79.0450777, 43.0871098], [-79.0450632, 43.0869197], [-79.0448816, 43.0869264], [-79.044902, 43.0872009], [-79.0450841, 43.0871937]]]}, "properties": {"id": "osm-way-1429682754", "name": "", "layer": "disused", "categories": ["BROWNFIELD"], "freshness": "RECENT", "source": {"name": "OpenStreetMap via Overpass", "url": "https://www.openstreetmap.org/way/1429682754", "license": "ODbL 1.0", "license_url": "https://opendatacommons.org/licenses/odbl/1-0/", "attribution": "© OpenStreetMap contributors", "source_id": "way/1429682754", "retrieved_at": "2026-08-19"}, "osm_tags": {"landuse": "brownfield"}}}, {"type": "Feature", "geometry": {"type": "Polygon", "coordinates": [[[-79.0454499, 43.0871788], [-79.0454445, 43.0871791], [-79.0450841, 43.0871937], [-79.044902, 43.0872009], [-79.0449493, 43.0879129], [-79.0454975, 43.0878931], [-79.0454499, 43.0871788]]]}, "properties": {"id": "osm-way-1429682755", "name": "", "layer": "disused", "categories": ["BROWNFIELD"], "freshness": "RECENT", "source": {"name": "OpenStreetMap via Overpass", "url": "https://www.openstreetmap.org/way/1429682755", "license": "ODbL 1.0", "license_url": "https://opendatacommons.org/licenses/odbl/1-0/", "attribution": "© OpenStreetMap contributors", "source_id": "way/1429682755", "retrieved_at": "2026-08-19"}, "osm_tags": {"landuse": "brownfield"}}}, {"type": "Feature", "geometry": {"type": "Polygon", "coordinates": [[[-79.0455054, 43.0880098], [-79.0449572, 43.0880297], [-79.0449976, 43.0886493], [-79.0455445, 43.088631], [-79.0455054, 43.0880098]]]}, "properties": {"id": "osm-way-1429682757", "name": "", "layer": "disused", "categories": ["BROWNFIELD"], "freshness": "RECENT", "source": {"name": "OpenStreetMap via Overpass", "url": "https://www.openstreetmap.org/way/1429682757", "license": "ODbL 1.0", "license_url": "https://opendatacommons.org/licenses/odbl/1-0/", "attribution": "© OpenStreetMap contributors", "source_id": "way/1429682757", "retrieved_at": "2026-08-19"}, "osm_tags": {"landuse": "brownfield"}}}, {"type": "Feature", "geometry": {"type": "Polygon", "coordinates": [[[-79.0449976, 43.0886493], [-79.0455445, 43.088631], [-79.0455621, 43.088911], [-79.0450152, 43.0889363], [-79.0449976, 43.0886493]]]}, "properties": {"id": "osm-way-1429682758", "name": "", "layer": "disused", "categories": ["BROWNFIELD"], "freshness": "RECENT", "source": {"name": "OpenStreetMap via Overpass", "url": "https://www.openstreetmap.org/way/1429682758", "license": "ODbL 1.0", "license_url": "https://opendatacommons.org/licenses/odbl/1-0/", "attribution": "© OpenStreetMap contributors", "source_id": "way/1429682758", "retrieved_at": "2026-08-19"}, "osm_tags": {"landuse": "brownfield"}}}, {"type": "Feature", "geometry": {"type": "Polygon", "coordinates": [[[-79.0443365, 43.0876469], [-79.0442255, 43.0876509], [-79.0442489, 43.0879938], [-79.04436, 43.0879898], [-79.0443493, 43.0878335], [-79.0443365, 43.0876469]]]}, "properties": {"id": "osm-way-1429884258", "name": "", "layer": "disused", "categories": ["BROWNFIELD"], "freshness": "RECENT", "source": {"name": "OpenStreetMap via Overpass", "url": "https://www.openstreetmap.org/way/1429884258", "license": "ODbL 1.0", "license_url": "https://opendatacommons.org/licenses/odbl/1-0/", "attribution": "© OpenStreetMap contributors", "source_id": "way/1429884258", "retrieved_at": "2026-08-19"}, "osm_tags": {"landuse": "brownfield"}}}, {"type": "Feature", "geometry": {"type": "Polygon", "coordinates": [[[-79.044867, 43.0889343], [-79.0448631, 43.0889396], [-79.0442061, 43.0889655], [-79.0439808, 43.0886744], [-79.0444214, 43.0886535], [-79.0448453, 43.0886336], [-79.044867, 43.0889343]]]}, "properties": {"id": "osm-way-1429884262", "name": "", "layer": "disused", "categories": ["BROWNFIELD"], "freshness": "RECENT", "source": {"name": "OpenStreetMap via Overpass", "url": "https://www.openstreetmap.org/way/1429884262", "license": "ODbL 1.0", "license_url": "https://opendatacommons.org/licenses/odbl/1-0/", "attribution": "© OpenStreetMap contributors", "source_id": "way/1429884262", "retrieved_at": "2026-08-19"}, "osm_tags": {"landuse": "brownfield"}}}, {"type": "Feature", "geometry": {"type": "Polygon", "coordinates": [[[-79.0439808, 43.0886744], [-79.0444214, 43.0886535], [-79.0443716, 43.0884633], [-79.0438329, 43.0884836], [-79.0439808, 43.0886744]]]}, "properties": {"id": "osm-way-1429884263", "name": "", "layer": "disused", "categories": ["BROWNFIELD"], "freshness": "RECENT", "source": {"name": "OpenStreetMap via Overpass", "url": "https://www.openstreetmap.org/way/1429884263", "license": "ODbL 1.0", "license_url": "https://opendatacommons.org/licenses/odbl/1-0/", "attribution": "© OpenStreetMap contributors", "source_id": "way/1429884263", "retrieved_at": "2026-08-19"}, "osm_tags": {"landuse": "brownfield"}}}, {"type": "Feature", "geometry": {"type": "Polygon", "coordinates": [[[-79.0442654, 43.0880568], [-79.0441501, 43.0880626], [-79.0441435, 43.0879718], [-79.0441205, 43.0876558], [-79.0442255, 43.0876509], [-79.0442489, 43.0879938], [-79.0442654, 43.0880568]]]}, "properties": {"id": "osm-way-1429884265", "name": "", "layer": "disused", "categories": ["BROWNFIELD"], "freshness": "RECENT", "source": {"name": "OpenStreetMap via Overpass", "url": "https://www.openstreetmap.org/way/1429884265", "license": "ODbL 1.0", "license_url": "https://opendatacommons.org/licenses/odbl/1-0/", "attribution": "© OpenStreetMap contributors", "source_id": "way/1429884265", "retrieved_at": "2026-08-19"}, "osm_tags": {"landuse": "brownfield"}}}, {"type": "Feature", "geometry": {"type": "Polygon", "coordinates": [[[-79.0441435, 43.0879718], [-79.0441205, 43.0876558], [-79.0438975, 43.0876662], [-79.0439085, 43.0878885], [-79.0439126, 43.0879832], [-79.0441435, 43.0879718]]]}, "properties": {"id": "osm-way-1429884266", "name": "", "layer": "disused", "categories": ["BROWNFIELD"], "freshness": "RECENT", "source": {"name": "OpenStreetMap via Overpass", "url": "https://www.openstreetmap.org/way/1429884266", "license": "ODbL 1.0", "license_url": "https://opendatacommons.org/licenses/odbl/1-0/", "attribution": "© OpenStreetMap contributors", "source_id": "way/1429884266", "retrieved_at": "2026-08-19"}, "osm_tags": {"landuse": "brownfield"}}}, {"type": "Feature", "geometry": {"type": "Polygon", "coordinates": [[[-79.0434633, 43.0880055], [-79.0439126, 43.0879832], [-79.0439085, 43.0878885], [-79.0437866, 43.0878919], [-79.0433854, 43.0879048], [-79.0434633, 43.0880055]]]}, "properties": {"id": "osm-way-1429884267", "name": "", "layer": "disused", "categories": ["BROWNFIELD"], "freshness": "RECENT", "source": {"name": "OpenStreetMap via Overpass", "url": "https://www.openstreetmap.org/way/1429884267", "license": "ODbL 1.0", "license_url": "https://opendatacommons.org/licenses/odbl/1-0/", "attribution": "© OpenStreetMap contributors", "source_id": "way/1429884267", "retrieved_at": "2026-08-19"}, "osm_tags": {"landuse": "brownfield"}}}, {"type": "Feature", "geometry": {"type": "Polygon", "coordinates": [[[-79.0433854, 43.0879048], [-79.0432365, 43.087712], [-79.0432548, 43.0876972], [-79.0432776, 43.0876902], [-79.0437744, 43.0876698], [-79.0437866, 43.0878919], [-79.0433854, 43.0879048]]]}, "properties": {"id": "osm-way-1429884268", "name": "", "layer": "disused", "categories": ["BROWNFIELD"], "freshness": "RECENT", "source": {"name": "OpenStreetMap via Overpass", "url": "https://www.openstreetmap.org/way/1429884268", "license": "ODbL 1.0", "license_url": "https://opendatacommons.org/licenses/odbl/1-0/", "attribution": "© OpenStreetMap contributors", "source_id": "way/1429884268", "retrieved_at": "2026-08-19"}, "osm_tags": {"landuse": "brownfield"}}}, {"type": "Feature", "geometry": {"type": "Polygon", "coordinates": [[[-79.04436, 43.0879898], [-79.0443493, 43.0878335], [-79.0447918, 43.0878177], [-79.0448021, 43.0879738], [-79.04436, 43.0879898]]]}, "properties": {"id": "osm-way-1429884269", "name": "", "layer": "disused", "categories": ["BROWNFIELD"], "freshness": "RECENT", "source": {"name": "OpenStreetMap via Overpass", "url": "https://www.openstreetmap.org/way/1429884269", "license": "ODbL 1.0", "license_url": "https://opendatacommons.org/licenses/odbl/1-0/", "attribution": "© OpenStreetMap contributors", "source_id": "way/1429884269", "retrieved_at": "2026-08-19"}, "osm_tags": {"landuse": "brownfield"}}}, {"type": "Feature", "geometry": {"type": "Polygon", "coordinates": [[[-79.0444214, 43.0886535], [-79.0443716, 43.0884633], [-79.0442938, 43.0881655], [-79.0442654, 43.0880568], [-79.0442489, 43.0879938], [-79.04436, 43.0879898], [-79.0448021, 43.0879738], [-79.0448453, 43.0886336], [-79.0444214, 43.0886535]]]}, "properties": {"id": "osm-way-1429884270", "name": "", "layer": "disused", "categories": ["BROWNFIELD"], "freshness": "RECENT", "source": {"name": "OpenStreetMap via Overpass", "url": "https://www.openstreetmap.org/way/1429884270", "license": "ODbL 1.0", "license_url": "https://opendatacommons.org/licenses/odbl/1-0/", "attribution": "© OpenStreetMap contributors", "source_id": "way/1429884270", "retrieved_at": "2026-08-19"}, "osm_tags": {"landuse": "brownfield"}}}, {"type": "Feature", "geometry": {"type": "Polygon", "coordinates": [[[-79.0451711, 43.0847607], [-79.0451675, 43.0845518], [-79.0456675, 43.084584], [-79.0456666, 43.084758], [-79.0452674, 43.0847602], [-79.0451711, 43.0847607]]]}, "properties": {"id": "osm-way-1429884271", "name": "", "layer": "disused", "categories": ["BROWNFIELD"], "freshness": "RECENT", "source": {"name": "OpenStreetMap via Overpass", "url": "https://www.openstreetmap.org/way/1429884271", "license": "ODbL 1.0", "license_url": "https://opendatacommons.org/licenses/odbl/1-0/", "attribution": "© OpenStreetMap contributors", "source_id": "way/1429884271", "retrieved_at": "2026-08-19"}, "osm_tags": {"landuse": "brownfield"}}}, {"type": "Feature", "geometry": {"type": "Polygon", "coordinates": [[[-79.0391518, 43.0856055], [-79.0390195, 43.0856039], [-79.0390239, 43.0859816], [-79.0391436, 43.0859843], [-79.0391518, 43.0856055]]]}, "properties": {"id": "osm-way-1429884276", "name": "", "layer": "disused", "categories": ["BROWNFIELD"], "freshness": "RECENT", "source": {"name": "OpenStreetMap via Overpass", "url": "https://www.openstreetmap.org/way/1429884276", "license": "ODbL 1.0", "license_url": "https://opendatacommons.org/licenses/odbl/1-0/", "attribution": "© OpenStreetMap contributors", "source_id": "way/1429884276", "retrieved_at": "2026-08-19"}, "osm_tags": {"landuse": "brownfield"}}}, {"type": "Feature", "geometry": {"type": "Polygon", "coordinates": [[[-79.0406588, 43.0860157], [-79.0408389, 43.0860173], [-79.0408425, 43.0857965], [-79.040832, 43.0857473], [-79.0408074, 43.0857033], [-79.0407444, 43.0856506], [-79.0406661, 43.0856338], [-79.0406588, 43.0860157]]]}, "properties": {"id": "osm-way-1429884277", "name": "", "layer": "disused", "categories": ["BROWNFIELD"], "freshness": "RECENT", "source": {"name": "OpenStreetMap via Overpass", "url": "https://www.openstreetmap.org/way/1429884277", "license": "ODbL 1.0", "license_url": "https://opendatacommons.org/licenses/odbl/1-0/", "attribution": "© OpenStreetMap contributors", "source_id": "way/1429884277", "retrieved_at": "2026-08-19"}, "osm_tags": {"landuse": "brownfield"}}}, {"type": "Feature", "geometry": {"type": "Polygon", "coordinates": [[[-79.0439368, 43.0861571], [-79.0445163, 43.0861527], [-79.04451, 43.0860693], [-79.0439362, 43.0860712], [-79.0439368, 43.0861571]]]}, "properties": {"id": "osm-way-1429890823", "name": "", "layer": "disused", "categories": ["BROWNFIELD"], "freshness": "RECENT", "source": {"name": "OpenStreetMap via Overpass", "url": "https://www.openstreetmap.org/way/1429890823", "license": "ODbL 1.0", "license_url": "https://opendatacommons.org/licenses/odbl/1-0/", "attribution": "© OpenStreetMap contributors", "source_id": "way/1429890823", "retrieved_at": "2026-08-19"}, "osm_tags": {"landuse": "brownfield"}}}, {"type": "Feature", "geometry": {"type": "Polygon", "coordinates": [[[-79.0444766, 43.0856245], [-79.0439333, 43.0856454], [-79.0439279, 43.0848414], [-79.043927, 43.0847086], [-79.0444144, 43.0848057], [-79.0444766, 43.0856245]]]}, "properties": {"id": "osm-way-1429890824", "name": "", "layer": "disused", "categories": ["BROWNFIELD"], "freshness": "RECENT", "source": {"name": "OpenStreetMap via Overpass", "url": "https://www.openstreetmap.org/way/1429890824", "license": "ODbL 1.0", "license_url": "https://opendatacommons.org/licenses/odbl/1-0/", "attribution": "© OpenStreetMap contributors", "source_id": "way/1429890824", "retrieved_at": "2026-08-19"}, "osm_tags": {"landuse": "brownfield"}}}, {"type": "Feature", "geometry": {"type": "Polygon", "coordinates": [[[-79.0444829, 43.0857084], [-79.0439339, 43.0857296], [-79.0439362, 43.0860712], [-79.04451, 43.0860693], [-79.0444829, 43.0857084]]]}, "properties": {"id": "osm-way-1429890825", "name": "", "layer": "disused", "categories": ["BROWNFIELD"], "freshness": "RECENT", "source": {"name": "OpenStreetMap via Overpass", "url": "https://www.openstreetmap.org/way/1429890825", "license": "ODbL 1.0", "license_url": "https://opendatacommons.org/licenses/odbl/1-0/", "attribution": "© OpenStreetMap contributors", "source_id": "way/1429890825", "retrieved_at": "2026-08-19"}, "osm_tags": {"landuse": "brownfield"}}}, {"type": "Feature", "geometry": {"type": "Polygon", "coordinates": [[[-79.0432519, 43.0848392], [-79.0432509, 43.0847027], [-79.0432462, 43.0847027], [-79.0426865, 43.0847047], [-79.0426874, 43.0848412], [-79.0432471, 43.0848392], [-79.0432519, 43.0848392]]]}, "properties": {"id": "osm-way-1429890827", "name": "", "layer": "disused", "categories": ["BROWNFIELD"], "freshness": "RECENT", "source": {"name": "OpenStreetMap via Overpass", "url": "https://www.openstreetmap.org/way/1429890827", "license": "ODbL 1.0", "license_url": "https://opendatacommons.org/licenses/odbl/1-0/", "attribution": "© OpenStreetMap contributors", "source_id": "way/1429890827", "retrieved_at": "2026-08-19"}, "osm_tags": {"landuse": "brownfield"}}}, {"type": "Feature", "geometry": {"type": "Polygon", "coordinates": [[[-79.0439279, 43.0848414], [-79.0434282, 43.0848549], [-79.0434252, 43.084432], [-79.0439265, 43.084466], [-79.043927, 43.0847086], [-79.0439279, 43.0848414]]]}, "properties": {"id": "osm-way-1429890833", "name": "", "layer": "disused", "categories": ["BROWNFIELD"], "freshness": "RECENT", "source": {"name": "OpenStreetMap via Overpass", "url": "https://www.openstreetmap.org/way/1429890833", "license": "ODbL 1.0", "license_url": "https://opendatacommons.org/licenses/odbl/1-0/", "attribution": "© OpenStreetMap contributors", "source_id": "way/1429890833", "retrieved_at": "2026-08-19"}, "osm_tags": {"landuse": "brownfield"}}}, {"type": "Feature", "geometry": {"type": "Polygon", "coordinates": [[[-79.0451675, 43.0845518], [-79.0439265, 43.084466], [-79.043927, 43.0847086], [-79.0444144, 43.0848057], [-79.044659, 43.0848527], [-79.0451741, 43.084954], [-79.0451675, 43.0845518]]]}, "properties": {"id": "osm-way-1429890834", "name": "", "layer": "disused", "categories": ["BROWNFIELD"], "freshness": "RECENT", "source": {"name": "OpenStreetMap via Overpass", "url": "https://www.openstreetmap.org/way/1429890834", "license": "ODbL 1.0", "license_url": "https://opendatacommons.org/licenses/odbl/1-0/", "attribution": "© OpenStreetMap contributors", "source_id": "way/1429890834", "retrieved_at": "2026-08-19"}, "osm_tags": {"landuse": "brownfield"}}}, {"type": "Feature", "geometry": {"type": "Polygon", "coordinates": [[[-79.0456666, 43.084758], [-79.0452674, 43.0847602], [-79.0451711, 43.0847607], [-79.0451741, 43.084954], [-79.0452035, 43.0867391], [-79.0456881, 43.0867198], [-79.0456666, 43.084758]]]}, "properties": {"id": "osm-way-1429890835", "name": "", "layer": "disused", "categories": ["BROWNFIELD"], "freshness": "RECENT", "source": {"name": "OpenStreetMap via Overpass", "url": "https://www.openstreetmap.org/way/1429890835", "license": "ODbL 1.0", "license_url": "https://opendatacommons.org/licenses/odbl/1-0/", "attribution": "© OpenStreetMap contributors", "source_id": "way/1429890835", "retrieved_at": "2026-08-19"}, "osm_tags": {"landuse": "brownfield"}}}, {"type": "Feature", "geometry": {"type": "Polygon", "coordinates": [[[-79.0452035, 43.0867391], [-79.0447991, 43.0867552], [-79.044659, 43.0848527], [-79.0451741, 43.084954], [-79.0452035, 43.0867391]]]}, "properties": {"id": "osm-way-1429890836", "name": "", "layer": "disused", "categories": ["BROWNFIELD"], "freshness": "RECENT", "source": {"name": "OpenStreetMap via Overpass", "url": "https://www.openstreetmap.org/way/1429890836", "license": "ODbL 1.0", "license_url": "https://opendatacommons.org/licenses/odbl/1-0/", "attribution": "© OpenStreetMap contributors", "source_id": "way/1429890836", "retrieved_at": "2026-08-19"}, "osm_tags": {"landuse": "brownfield"}}}, {"type": "Feature", "geometry": {"type": "Polygon", "coordinates": [[[-79.0459213, 43.0867091], [-79.0459152, 43.0846008], [-79.0469122, 43.0846684], [-79.0469171, 43.0866698], [-79.0459213, 43.0867091]]]}, "properties": {"id": "osm-way-1429890837", "name": "", "layer": "disused", "categories": ["BROWNFIELD"], "freshness": "RECENT", "source": {"name": "OpenStreetMap via Overpass", "url": "https://www.openstreetmap.org/way/1429890837", "license": "ODbL 1.0", "license_url": "https://opendatacommons.org/licenses/odbl/1-0/", "attribution": "© OpenStreetMap contributors", "source_id": "way/1429890837", "retrieved_at": "2026-08-19"}, "osm_tags": {"landuse": "brownfield"}}}, {"type": "Feature", "geometry": {"type": "Polygon", "coordinates": [[[-79.0439368, 43.0861571], [-79.0434376, 43.0861595], [-79.0434282, 43.0848549], [-79.0439279, 43.0848414], [-79.0439333, 43.0856454], [-79.0439339, 43.0857296], [-79.0439362, 43.0860712], [-79.0439368, 43.0861571]]]}, "properties": {"id": "osm-way-1429893455", "name": "", "layer": "disused", "categories": ["BROWNFIELD"], "freshness": "RECENT", "source": {"name": "OpenStreetMap via Overpass", "url": "https://www.openstreetmap.org/way/1429893455", "license": "ODbL 1.0", "license_url": "https://opendatacommons.org/licenses/odbl/1-0/", "attribution": "© OpenStreetMap contributors", "source_id": "way/1429893455", "retrieved_at": "2026-08-19"}, "osm_tags": {"landuse": "brownfield"}}}, {"type": "Feature", "geometry": {"type": "Polygon", "coordinates": [[[-79.0614905, 43.0851635], [-79.0614552, 43.085165], [-79.0611675, 43.0851777], [-79.060996, 43.0851853], [-79.0609714, 43.0847891], [-79.0609638, 43.084667], [-79.0609847, 43.0846307], [-79.0609981, 43.0846264], [-79.0610706, 43.0846539], [-79.0613688, 43.0847692], [-79.0614191, 43.0848042], [-79.0614557, 43.0848527], [-79.061474, 43.0849011], [-79.0614832, 43.085039], [-79.0614905, 43.0851635]]]}, "properties": {"id": "osm-way-1434153255", "name": "", "layer": "disused", "categories": ["BROWNFIELD"], "freshness": "RECENT", "source": {"name": "OpenStreetMap via Overpass", "url": "https://www.openstreetmap.org/way/1434153255", "license": "ODbL 1.0", "license_url": "https://opendatacommons.org/licenses/odbl/1-0/", "attribution": "© OpenStreetMap contributors", "source_id": "way/1434153255", "retrieved_at": "2026-08-19"}, "osm_tags": {"landuse": "brownfield"}}}, {"type": "Feature", "geometry": {"type": "Polygon", "coordinates": [[[-79.7737228, 43.2073215], [-79.7737687, 43.2072062], [-79.7739364, 43.2072486], [-79.7739364, 43.2072624], [-79.7740391, 43.2072831], [-79.7740134, 43.2073491], [-79.7739512, 43.2073363], [-79.7739553, 43.2073265], [-79.7739174, 43.2073156], [-79.7738904, 43.2073718], [-79.7737444, 43.2073412], [-79.7737228, 43.2073215]]]}, "properties": {"id": "osm-way-1464919863", "name": "Former CHCH Tower Building", "layer": "disused", "categories": ["DISUSED (RECORDED)"], "freshness": "RECENT", "source": {"name": "OpenStreetMap via Overpass", "url": "https://www.openstreetmap.org/way/1464919863", "license": "ODbL 1.0", "license_url": "https://opendatacommons.org/licenses/odbl/1-0/", "attribution": "© OpenStreetMap contributors", "source_id": "way/1464919863", "retrieved_at": "2026-08-19"}, "osm_tags": {"addr:city": "Stoney creek", "addr:housenumber": "481", "addr:province": "Ontario", "addr:street": "First Road West", "area": "yes", "building": "abandoned", "building:levels": "1", "name": "Former CHCH Tower Building"}}}, {"type": "Feature", "geometry": {"type": "Polygon", "coordinates": [[[-79.8934306, 43.2558598], [-79.8940217, 43.2560548], [-79.8946491, 43.2556405], [-79.8940886, 43.2555207], [-79.8934306, 43.2558598]]]}, "properties": {"id": "osm-way-1487877768", "name": "", "layer": "disused", "categories": ["BROWNFIELD"], "freshness": "RECENT", "source": {"name": "OpenStreetMap via Overpass", "url": "https://www.openstreetmap.org/way/1487877768", "license": "ODbL 1.0", "license_url": "https://opendatacommons.org/licenses/odbl/1-0/", "attribution": "© OpenStreetMap contributors", "source_id": "way/1487877768", "retrieved_at": "2026-08-19"}, "osm_tags": {"landuse": "brownfield"}}}, {"type": "Feature", "geometry": {"type": "Polygon", "coordinates": [[[-79.9021741, 43.1833016], [-79.9030534, 43.1835062], [-79.9028719, 43.1839211], [-79.9019925, 43.1837165], [-79.9021741, 43.1833016]]]}, "properties": {"id": "osm-way-1488949220", "name": "", "layer": "disused", "categories": ["BROWNFIELD"], "freshness": "RECENT", "source": {"name": "OpenStreetMap via Overpass", "url": "https://www.openstreetmap.org/way/1488949220", "license": "ODbL 1.0", "license_url": "https://opendatacommons.org/licenses/odbl/1-0/", "attribution": "© OpenStreetMap contributors", "source_id": "way/1488949220", "retrieved_at": "2026-08-19"}, "osm_tags": {"landuse": "brownfield"}}}, {"type": "Feature", "geometry": {"type": "Polygon", "coordinates": [[[-79.0257518, 42.9734496], [-79.0257257, 42.9743189], [-79.0240359, 42.9742953], [-79.0237838, 42.9739303], [-79.0237945, 42.9735653], [-79.0241191, 42.9734318], [-79.0257518, 42.9734496]]]}, "properties": {"id": "osm-way-1496556118", "name": "", "layer": "disused", "categories": ["BROWNFIELD"], "freshness": "RECENT", "source": {"name": "OpenStreetMap via Overpass", "url": "https://www.openstreetmap.org/way/1496556118", "license": "ODbL 1.0", "license_url": "https://opendatacommons.org/licenses/odbl/1-0/", "attribution": "© OpenStreetMap contributors", "source_id": "way/1496556118", "retrieved_at": "2026-08-19"}, "osm_tags": {"landuse": "brownfield"}}}, {"type": "Feature", "geometry": {"type": "Polygon", "coordinates": [[[-79.7684501, 43.2203701], [-79.7689194, 43.2204576], [-79.7692317, 43.219592], [-79.76898, 43.2195406], [-79.768581, 43.2201653], [-79.7684501, 43.2203701]]]}, "properties": {"id": "osm-way-1496814785", "name": "", "layer": "disused", "categories": ["BROWNFIELD"], "freshness": "RECENT", "source": {"name": "OpenStreetMap via Overpass", "url": "https://www.openstreetmap.org/way/1496814785", "license": "ODbL 1.0", "license_url": "https://opendatacommons.org/licenses/odbl/1-0/", "attribution": "© OpenStreetMap contributors", "source_id": "way/1496814785", "retrieved_at": "2026-08-19"}, "osm_tags": {"landuse": "brownfield"}}}, {"type": "Feature", "geometry": {"type": "Polygon", "coordinates": [[[-79.8126298, 43.2309863], [-79.8121018, 43.2308537], [-79.8122275, 43.2305881], [-79.8127555, 43.2307208], [-79.8126298, 43.2309863]]]}, "properties": {"id": "osm-way-1521988320", "name": "", "layer": "disused", "categories": ["BROWNFIELD"], "freshness": "RECENT", "source": {"name": "OpenStreetMap via Overpass", "url": "https://www.openstreetmap.org/way/1521988320", "license": "ODbL 1.0", "license_url": "https://opendatacommons.org/licenses/odbl/1-0/", "attribution": "© OpenStreetMap contributors", "source_id": "way/1521988320", "retrieved_at": "2026-08-19"}, "osm_tags": {"landuse": "brownfield"}}}, {"type": "Feature", "geometry": {"type": "Polygon", "coordinates": [[[-79.9064931, 43.2433824], [-79.9063794, 43.2436421], [-79.9067812, 43.2437355], [-79.906847, 43.2437205], [-79.9069486, 43.2434882], [-79.9064931, 43.2433824]]]}, "properties": {"id": "osm-way-1526643180", "name": "", "layer": "disused", "categories": ["BROWNFIELD"], "freshness": "RECENT", "source": {"name": "OpenStreetMap via Overpass", "url": "https://www.openstreetmap.org/way/1526643180", "license": "ODbL 1.0", "license_url": "https://opendatacommons.org/licenses/odbl/1-0/", "attribution": "© OpenStreetMap contributors", "source_id": "way/1526643180", "retrieved_at": "2026-08-19"}, "osm_tags": {"landuse": "brownfield"}}}, {"type": "Feature", "geometry": {"type": "Polygon", "coordinates": [[[-79.2562793, 43.1477222], [-79.2567483, 43.1477954], [-79.2567168, 43.1479025], [-79.2562483, 43.1478287], [-79.2562793, 43.1477222]]]}, "properties": {"id": "osm-way-1530355566", "name": "", "layer": "disused", "categories": ["DISUSED (RECORDED)"], "freshness": "RECENT", "source": {"name": "OpenStreetMap via Overpass", "url": "https://www.openstreetmap.org/way/1530355566", "license": "ODbL 1.0", "license_url": "https://opendatacommons.org/licenses/odbl/1-0/", "attribution": "© OpenStreetMap contributors", "source_id": "way/1530355566", "retrieved_at": "2026-08-19"}, "osm_tags": {"abandoned:building": "yes", "building": "yes"}}}, {"type": "Feature", "geometry": {"type": "Polygon", "coordinates": [[[-80.1999325, 43.5322726], [-80.2010079, 43.5332091], [-80.2010927, 43.5334499], [-80.1998427, 43.5343099], [-80.1985456, 43.5332953], [-80.1999325, 43.5322726]]]}, "properties": {"id": "osm-way-1540803815", "name": "", "layer": "disused", "categories": ["BROWNFIELD"], "freshness": "RECENT", "source": {"name": "OpenStreetMap via Overpass", "url": "https://www.openstreetmap.org/way/1540803815", "license": "ODbL 1.0", "license_url": "https://opendatacommons.org/licenses/odbl/1-0/", "attribution": "© OpenStreetMap contributors", "source_id": "way/1540803815", "retrieved_at": "2026-08-19"}, "osm_tags": {"landuse": "brownfield"}}}]}
