{"type": "FeatureCollection", "atlas": {"layer": "planning", "dataset": "Designated Brownfield Opportunity Areas", "source": "NYS Department of State", "license": "Open, attribution", "attribution": "NYS Department of State", "freshness": "HISTORICAL", "coverage": "Erie and Niagara counties, NY", "retrieved_at": "2026-08-19", "feature_count": 11, "note": "November 2021 designation snapshot, not a live register."}, "features": [{"type": "Feature", "geometry": {"type": "Polygon", "coordinates": [[[-79.0394899545672, 43.1303856038947], [-79.0323123164484, 43.112817596186], [-79.0506577771444, 43.1102994128386], [-79.0513850492319, 43.11017214003], [-79.0532032318094, 43.1100630492245], [-79.0541305053339, 43.1104539588683], [-79.0547305053091, 43.1120266855883], [-79.0533577778583, 43.1152630505006], [-79.0512486866282, 43.1180994143636], [-79.0449032310628, 43.1244266889062], [-79.0418549323658, 43.1304681011814], [-79.0394899545672, 43.1303856038947]]]}, "properties": {"id": "us-nys-boa-1", "name": "Highland Community", "layer": "planning", "categories": ["BROWNFIELD"], "freshness": "HISTORICAL", "source": {"name": "New York State GIS", "url": "https://services2.arcgis.com/okXm0pb6aWH6XOGI/arcgis/rest/services/BOA_Designations_November2021_Polygons/FeatureServer/0", "license": "Open, attribution", "attribution": "New York State GIS Program Office", "dataset": "Designated Brownfield Opportunity Areas", "organization": "NYS Department of State", "source_id": "1", "source_modified": "2021-11", "retrieved_at": "2026-08-19"}, "attributes": {"OBJECTID": 1, "BOA_Name": "Highland Community", "Date_des": "December 2015", "REDC": "Western New York", "County": "Niagara", "Muni": "City of Niagara Falls", "Link": "https://dos.ny.gov/location/highland-community-boa", "Shape__Area": 2222653.177429199, "Shape__Length": 6556.120470635613}}}, {"type": "Feature", "geometry": {"type": "Polygon", "coordinates": [[[-78.9059217681611, 43.0572686553378], [-78.905934114788, 43.0584695440995], [-78.905297586775, 43.0583123837435], [-78.9051167646308, 43.0582353787925], [-78.9047022641527, 43.0580348728096], [-78.9045655539657, 43.057963230183], [-78.9039042188181, 43.0576044896448], [-78.9007342589866, 43.0558848347217], [-78.9002566318591, 43.0556250188319], [-78.9000693936111, 43.0555231651328], [-78.899044923821, 43.0549658648032], [-78.8982453836204, 43.0545271110448], [-78.8976686524274, 43.0542148330089], [-78.8975757586565, 43.0541526266321], [-78.8975180433873, 43.0541163912763], [-78.8974516490673, 43.0540733589015], [-78.8973861846917, 43.0540296366076], [-78.8973218839995, 43.0539848832917], [-78.8972586335405, 43.0539394395591], [-78.897196430154, 43.0538929651839], [-78.8971353912773, 43.0538458019001], [-78.8959422218247, 43.0529682963297], [-78.8948574142826, 43.052166763492], [-78.8947230948984, 43.052056666745], [-78.8931976397351, 43.0508704229947], [-78.8925594433514, 43.0502843880651], [-78.8923964091212, 43.0501346776295], [-78.8923058820678, 43.0500011183905], [-78.8914131051567, 43.0486839138678], [-78.8912725929106, 43.048461231428], [-78.8911834824752, 43.0483201041162], [-78.8904842774217, 43.0472000962433], [-78.8900974406511, 43.0465676503109], [-78.8898460432276, 43.0460641437192], [-78.8895200303493, 43.046235133959], [-78.8891783233021, 43.0466126397241], [-78.8875464291115, 43.0439829036837], [-78.8871176399512, 43.0441250084029], [-78.8870882197466, 43.0441803062433], [-78.8838279770098, 43.0452326010375], [-78.882614507908, 43.0432797658331], [-78.8821841863382, 43.0425777808854], [-78.8827672225473, 43.0423756146326], [-78.8824876437092, 43.041950707501], [-78.8849286804467, 43.0411177181323], [-78.8849388168187, 43.0411344974616], [-78.8851653491821, 43.0410611883082], [-78.8815582612151, 43.0352283174593], [-78.8814359189975, 43.0350667490963], [-78.8806349191631, 43.0352362074821], [-78.8803310957873, 43.034548291518], [-78.8802749189342, 43.0344119307064], [-78.8799070436737, 43.0335696427382], [-78.8788494978227, 43.0337931111132], [-78.8780942939208, 43.0320266502343], [-78.8774349460429, 43.0304513211695], [-78.8773493824551, 43.0302694162558], [-78.8761459111047, 43.0305191067643], [-78.8755338934456, 43.0289535917075], [-78.8754568663425, 43.0287792100379], [-78.8748841498373, 43.0273120264462], [-78.8746264904862, 43.0273195420106], [-78.8738139161394, 43.0265536725574], [-78.8737642579056, 43.0265805525166], [-78.8736460134069, 43.0264618369344], [-78.8734344820408, 43.0261883318932], [-78.8733648672223, 43.0260969323172], [-78.8732357363185, 43.0259243970123], [-78.872996020522, 43.0255960851824], [-78.8729225890829, 43.0255876956828], [-78.8728144204523, 43.0254487199242], [-78.8727910335792, 43.0252718008754], [-78.8721957577125, 43.024498093241], [-78.8720897194571, 43.0242720669052], [-78.8719128108093, 43.024126746186], [-78.871404737727, 43.0234365764966], [-78.8716656999126, 43.0233642356689], [-78.8723143696663, 43.0231842499289], [-78.8723724925939, 43.0231686687302], [-78.8724858209678, 43.0231382002477], [-78.8726013672726, 43.0231070397441], [-78.8727445741532, 43.02306860679], [-78.8729774858181, 43.0229959917793], [-78.8732605087639, 43.0229187894957], [-78.8731040548142, 43.0227741053529], [-78.8730430420451, 43.0226476996263], [-78.8729366283633, 43.0224133809221], [-78.8730016368029, 43.0223925726428], [-78.8749528002076, 43.0217762228226], [-78.8755042162385, 43.0217099532841], [-78.8762490435907, 43.0216374548324], [-78.876570601959, 43.0215985207609], [-78.8769118758088, 43.021569207164], [-78.8771744208152, 43.0215592455729], [-78.8776339146599, 43.0215586748756], [-78.8780015439093, 43.0215726642893], [-78.8784282511453, 43.0215865796719], [-78.8789430225951, 43.0216193515753], [-78.8791675808618, 43.0216351114968], [-78.8793262561427, 43.0216545309742], [-78.8795730826904, 43.0216933667323], [-78.8798160650805, 43.0217476530207], [-78.8801416503398, 43.0218292530303], [-78.8804527447157, 43.0219391077162], [-78.8807542861586, 43.0220718625225], [-78.8811598874641, 43.0222975435354], [-78.8813481875095, 43.0224118578436], [-78.8814215492593, 43.0224762710872], [-78.8817996602686, 43.0230299865996], [-78.8820743701426, 43.0237989568504], [-78.8822514344534, 43.0242564890729], [-78.8823730083361, 43.0244526567971], [-78.8824993757856, 43.0245084527728], [-78.882632045934, 43.0245096688564], [-78.8853359856087, 43.0234387324291], [-78.8859997213097, 43.0232178151252], [-78.8860090725004, 43.023218132789], [-78.8860270297405, 43.0232101968056], [-78.8860348449919, 43.023207432541], [-78.8860445685721, 43.0232122078312], [-78.8860580127902, 43.0232135441687], [-78.8860666586154, 43.0232128359933], [-78.8860844911671, 43.0232035284893], [-78.8860934857914, 43.023202475317], [-78.886105883378, 43.0232048430401], [-78.8861380300865, 43.0232068164746], [-78.8861428212485, 43.0232068039037], [-78.8861567361664, 43.0232084816659], [-78.8861645802408, 43.0232112050132], [-78.886171599832, 43.023212901175], [-78.8861892678014, 43.0232176556886], [-78.8862023400374, 43.0232141913288], [-78.8862270321403, 43.0232209857794], [-78.8862411781974, 43.0232223207365], [-78.8862778089799, 43.023233542309], [-78.886287164237, 43.0232345458867], [-78.8863002657032, 43.0232372551977], [-78.8863380198953, 43.0232388704089], [-78.8863788335016, 43.0232449364874], [-78.8864082960211, 43.0232476016719], [-78.8864292610253, 43.0232571491863], [-78.886439797798, 43.0232612377223], [-78.8864561998805, 43.0232697681431], [-78.8864712244831, 43.0232831056177], [-78.8864783890304, 43.0232906311701], [-78.8864963133852, 43.0232995014701], [-78.8865348673907, 43.023321351139], [-78.8865449212416, 43.0233220104077], [-78.886550605532, 43.0233370863066], [-78.8865543756289, 43.0233432489073], [-78.8865756412819, 43.0233428506853], [-78.8865980765162, 43.0233421047577], [-78.8866062780114, 43.0233465419104], [-78.8866168412325, 43.0233561181311], [-78.8866220406225, 43.0233674226993], [-78.8866235741451, 43.0233705046996], [-78.8866277188342, 43.0233814696882], [-78.8866456447422, 43.023391024186], [-78.8866487278206, 43.0234002776796], [-78.8866513404973, 43.0234088448904], [-78.8866610760025, 43.0234160218852], [-78.8866823920487, 43.0234255691177], [-78.8866959192282, 43.0234433674597], [-78.8867094127699, 43.0234546510315], [-78.8867169384303, 43.0234638902785], [-78.8867285759702, 43.0234779227506], [-78.8867525165385, 43.0234984380385], [-78.8867600166989, 43.0235025343874], [-78.8867731409644, 43.0235097014558], [-78.8867754222955, 43.0235223855795], [-78.8867709078057, 43.0235309728086], [-78.8867728581259, 43.0235474298989], [-78.8867770118061, 43.0235601097637], [-78.8867833926659, 43.0235744974919], [-78.8867883378349, 43.0235820300828], [-78.8867950330323, 43.0235892150355], [-78.8868025360528, 43.0235939973593], [-78.8868134534424, 43.0236039144566], [-78.8868194355358, 43.0236083586536], [-78.8868272942194, 43.0236141669949], [-78.8868258065915, 43.0236206875872], [-78.8868310867916, 43.0236251322474], [-78.8868336812602, 43.0236295845229], [-78.8868393013649, 43.0236319702008], [-78.8868471740016, 43.0236405241672], [-78.8868513105531, 43.0236501163734], [-78.8868532414865, 43.0236624594718], [-78.8868719775892, 43.0236939632872], [-78.8868742150088, 43.0236973868887], [-78.886881760369, 43.0237107437054], [-78.8868855265094, 43.0237162212544], [-78.8868911742978, 43.0237240945885], [-78.8869009607465, 43.0237419039928], [-78.8869107475576, 43.0237593694459], [-78.8869118759852, 43.0237748010664], [-78.886920475663, 43.0237888405073], [-78.8869358639469, 43.023804919753], [-78.88694497347, 43.0238275330946], [-78.8869463884296, 43.0238302724841], [-78.886952068046, 43.0238443203082], [-78.8869592681896, 43.0238590493069], [-78.8869667254707, 43.0238782362495], [-78.88696835265, 43.023900182123], [-78.8869750804718, 43.0239138836677], [-78.8869781521819, 43.0239203923377], [-78.8869795810436, 43.0239258764544], [-78.8869826918308, 43.0239406166956], [-78.8869856497785, 43.0239478108081], [-78.8869882890467, 43.0239618666066], [-78.8869868595895, 43.0239800475973], [-78.8869865563315, 43.023989309121], [-78.8869840062656, 43.0239937752148], [-78.8869765544745, 43.0239992822865], [-78.8869723729057, 43.024004437728], [-78.886966105058, 43.0240130287808], [-78.8869623861095, 43.0240171546801], [-78.8869597076799, 43.0240192202754], [-78.8867771066097, 43.024291345499], [-78.8867831496293, 43.0243081342744], [-78.8867903221835, 43.0243173765216], [-78.8868000688441, 43.0243266113487], [-78.88680640266, 43.0243313965243], [-78.886814999498, 43.0243447490934], [-78.8868180708597, 43.0243516017171], [-78.8868203456826, 43.0243625699722], [-78.8868218929606, 43.0243917196512], [-78.8868200820956, 43.0244037290329], [-78.8868179142276, 43.0244147106404], [-78.8868205379704, 43.0244253356948], [-78.886822081768, 43.0244301334304], [-78.8868224223118, 43.0244517404135], [-78.8868224959057, 43.0244668306604], [-78.886822583393, 43.0244846656351], [-78.8868274474936, 43.0244994011668], [-78.886834600491, 43.0245045267257], [-78.8868365167552, 43.0245137820843], [-78.8868394687247, 43.0245199490917], [-78.8868459219121, 43.0245254189807], [-78.8868567075235, 43.0245319074782], [-78.8868724824482, 43.0245318652227], [-78.886879143582, 43.0245318475401], [-78.8868837073686, 43.0245332067181], [-78.8868892578752, 43.0245445110341], [-78.8868892782216, 43.0245489698296], [-78.8868892970017, 43.0245527435038], [-78.886891567775, 43.0245630258198], [-78.886899491366, 43.0245822113103], [-78.8869025757794, 43.02459146475], [-78.886902495859, 43.0245986676545], [-78.8869070852394, 43.0246051706231], [-78.8869119070374, 43.0246113316523], [-78.8869112349618, 43.0246171645408], [-78.8869101100844, 43.0246260857623], [-78.8869074820497, 43.0246380968295], [-78.8869079290063, 43.0246579886062], [-78.8869095061388, 43.0246696450562], [-78.8869102295628, 43.0246741024465], [-78.8869088188064, 43.0246960562117], [-78.886906677818, 43.0247121824687], [-78.8869096699906, 43.0247265792059], [-78.8869134459709, 43.0247341146434], [-78.8869165128375, 43.0247395943666], [-78.8869179556164, 43.0247478232105], [-78.8869202443752, 43.0247615361893], [-78.8869213820847, 43.0247793669541], [-78.8869226104767, 43.0247913692996], [-78.8869233851421, 43.0248061151713], [-78.8869241447416, 43.0248181172555], [-78.886924183007, 43.0248260058163], [-78.8869249654068, 43.0248424666124], [-78.8869243010645, 43.0248500144252], [-78.8869206105058, 43.0248599700944], [-78.8869119600498, 43.0248593072436], [-78.8869066992692, 43.0248589783775], [-78.8869037835579, 43.0248603578641], [-78.8868970648547, 43.0248723802172], [-78.8868986127445, 43.0248778638872], [-78.8869061370416, 43.0248874471037], [-78.8869109531674, 43.0248922361756], [-78.8869128584657, 43.0248994336805], [-78.8869192024774, 43.0249059327895], [-78.886919221261, 43.0249097064633], [-78.8869204247072, 43.0249169053315], [-78.8869234267228, 43.0249333608585], [-78.8869222960913, 43.0249409092254], [-78.8869204498199, 43.0249457160251], [-78.8869208311948, 43.0249518876319], [-78.8869264897511, 43.0249621627593], [-78.8869276757532, 43.0249655897087], [-78.8869287578157, 43.024971760892], [-78.8869306561977, 43.0249775864818], [-78.8869347912431, 43.0249864926595], [-78.8869359788703, 43.0249906056285], [-78.8869370690237, 43.024998147786], [-78.8869378943581, 43.0249995179737], [-78.8869353013259, 43.0250190746753], [-78.8869319805017, 43.0250328037861], [-78.8869271787866, 43.0250544227093], [-78.8869282922548, 43.0250671114368], [-78.8869287388318, 43.0250863171506], [-78.8869287445289, 43.0250876891067], [-78.8869314819808, 43.0250976269161], [-78.8869355873687, 43.0251007033656], [-78.8869359883449, 43.0251109916557], [-78.8869367020079, 43.0251133911528], [-78.8869315669515, 43.0251387849225], [-78.8869312526971, 43.0251459885943], [-78.8869320281873, 43.0251610774749], [-78.8869320705303, 43.0251696519717], [-78.886932848058, 43.0251850838204], [-78.8869354539459, 43.0251922791036], [-78.8869377171377, 43.0252008482892], [-78.8869407799026, 43.0252056411756], [-78.886943370025, 43.0252097514582], [-78.8869463267588, 43.0252169447116], [-78.8869490554321, 43.0252251703327], [-78.8869550721429, 43.0252364713921], [-78.8869602575206, 43.025245375156], [-78.886963309407, 43.0252481119876], [-78.8869685958755, 43.0252535855392], [-78.8869703931835, 43.0252628413394], [-78.8869749965282, 43.0252720890298], [-78.8869794764494, 43.0252799660671], [-78.8869795236865, 43.0252895695098], [-78.8870005298084, 43.0253073484141], [-78.8870034720079, 43.0253114566236], [-78.8870050394109, 43.0253210551775], [-78.8870121974664, 43.0253272105649], [-78.8870158561299, 43.0253344033499], [-78.8870196264662, 43.0253405668253], [-78.8870218591302, 43.0253429623728], [-78.8870223550991, 43.0253487915455], [-78.8870268386951, 43.0253576975683], [-78.8870302512087, 43.0253624902603], [-78.8870280025877, 43.0253803308652], [-78.8870261840112, 43.025390625324], [-78.887023999815, 43.0253978331772], [-78.8870236011858, 43.0254118968669], [-78.887025150786, 43.025418067452], [-78.8870289149604, 43.0254232011238], [-78.8870371660014, 43.025437583744], [-78.8870398550676, 43.0254612428942], [-78.8870406396129, 43.0254780475532], [-78.8870406749929, 43.0254852492362], [-78.8870445206924, 43.0255071898707], [-78.8870456622546, 43.0255250223024], [-78.8870517181746, 43.025544555822], [-78.887053299902, 43.0255575851627], [-78.8870548167532, 43.0255805602948], [-78.8870555617353, 43.0255894755371], [-78.8870575192188, 43.0256073054252], [-78.8870623855776, 43.0256223848056], [-78.8870695558445, 43.0256305970981], [-78.8870725114489, 43.0256377912865], [-78.8870763596223, 43.0256597318354], [-78.8870782885986, 43.0256717310558], [-78.8870835677383, 43.0256994986845], [-78.8870873804768, 43.0257142366514], [-78.8870922662943, 43.0257334300173], [-78.8870882228364, 43.0257430447537], [-78.8870867934624, 43.0257612266402], [-78.8870868349635, 43.0257694572272], [-78.887087800559, 43.0257756296689], [-78.8870887619658, 43.0257811143773], [-78.8870920925828, 43.0257927670006], [-78.8870988895247, 43.0258205307189], [-78.8871039196236, 43.025845211377], [-78.8871111061933, 43.0258805194694], [-78.8871133799766, 43.0258914886522], [-78.887117902343, 43.0259079401758], [-78.8871201565715, 43.0259147935741], [-78.8871213885921, 43.025927823104], [-78.8871206423488, 43.0259422308507], [-78.8871210038454, 43.0259446306207], [-78.8871248492116, 43.0259658851877], [-78.8871252759078, 43.025981318163], [-78.8871276226399, 43.0260070354743], [-78.8871321062366, 43.0260392635367], [-78.8871352123707, 43.0260529757163], [-78.8871344815575, 43.0260708124122], [-78.8871364904369, 43.026098931673], [-78.887139204795, 43.0261280776575], [-78.8871395862646, 43.0261342501599], [-78.8871407356209, 43.0261537975115], [-78.8871452261156, 43.0261640736429], [-78.8871509609912, 43.0261894389083], [-78.8871520973668, 43.0262065863395], [-78.8871525053284, 43.0262182465397], [-78.8871533730143, 43.0262281903207], [-78.8871545031069, 43.0262443061521], [-78.8871597314626, 43.0262614422424], [-78.8871662501409, 43.0262799462068], [-78.8871674080117, 43.0263015505924], [-78.887168178761, 43.0263156114187], [-78.8871689099747, 43.0263217837287], [-78.8871734510315, 43.0263420062246], [-78.887177231234, 43.0263502275828], [-78.8871881806451, 43.0263666621612], [-78.8871907984434, 43.0263762582943], [-78.8871930776241, 43.0263879142664], [-78.8871960789418, 43.0264040258691], [-78.8872010982504, 43.0264266504642], [-78.8871984987556, 43.0264444922017], [-78.887198567645, 43.0264585543931], [-78.8871989470864, 43.0264643839266], [-78.8872046139437, 43.0264760300048], [-78.8872144107039, 43.0264958963483], [-78.8872136339105, 43.0265041304601], [-78.8872077579469, 43.026521294935], [-78.8872063734224, 43.0265247282879], [-78.8872054502504, 43.0265271312408], [-78.8871957712344, 43.0265316156486], [-78.8871842108751, 43.0265333612285], [-78.8871729912867, 43.0265333917332], [-78.88716925061, 43.0265330588915], [-78.8871633163442, 43.0265385620746], [-78.8871618446011, 43.0265481694661], [-78.8871626352738, 43.0265660021257], [-78.8871667997649, 43.0265810810647], [-78.8871709309484, 43.0265893021886], [-78.8871742849235, 43.0266061004755], [-78.8871840772171, 43.0266245948236], [-78.8871931261192, 43.0266348599511], [-78.8872025553394, 43.0266512985193], [-78.8872025793941, 43.0266557571876], [-78.8872063359782, 43.0266591768239], [-78.8872118731924, 43.0266684215476], [-78.8872197610315, 43.0266800632036], [-78.8872247371072, 43.0266937693942], [-78.8872269983137, 43.026701994702], [-78.8872277482383, 43.0267119388862], [-78.8872232620926, 43.0267263559032], [-78.8872214561629, 43.026739394233], [-78.8872189821987, 43.0267589504889], [-78.8872178621848, 43.0267688997581], [-78.8872149333857, 43.0267912013793], [-78.8872149639627, 43.0267973750128], [-78.8872165107169, 43.0268028587157], [-78.8872183913118, 43.0268052554305], [-78.8872172606422, 43.0268128028998], [-78.887213919835, 43.0268227592848], [-78.8872131567891, 43.0268337354275], [-78.8872162490753, 43.0268447028749], [-78.887220394091, 43.0268556669252], [-78.8872226700381, 43.0268669799687], [-78.8872237708755, 43.0268769230202], [-78.887226456796, 43.0269002383313], [-78.8872273225861, 43.0269098409388], [-78.887228048811, 43.0269149825047], [-78.8872300043754, 43.026932469415], [-78.8872336938099, 43.0269458367185], [-78.8872386401484, 43.0269537122835], [-78.8872480497507, 43.0269660332647], [-78.8872529134337, 43.0269804266505], [-78.8872558891175, 43.0269913935613], [-78.8872635018334, 43.027018468651], [-78.8872635177375, 43.0270215554467], [-78.8872635426132, 43.0270263571242], [-78.8872590421839, 43.0270383733663], [-78.8872575688201, 43.0270472947389], [-78.8872516471562, 43.0270555417972], [-78.8872486535865, 43.0270644680632], [-78.887249158574, 43.027072012114], [-78.8872539932, 43.0270809160887], [-78.8872700852046, 43.0270973377882], [-78.8872742086369, 43.027103843084], [-78.8872753906295, 43.0271065840903], [-78.8872761703424, 43.0271223588964], [-78.8872750503354, 43.0271323081656], [-78.8872743782274, 43.0271381401555], [-78.887273241557, 43.0271446605178], [-78.8872711054627, 43.0271618148233], [-78.887271863153, 43.0271734739296], [-78.8872725935787, 43.0271793032277], [-78.8872748527747, 43.0271871855651], [-78.8872752481381, 43.0271961018929], [-78.8872753280702, 43.027212221932], [-78.8872761420421, 43.027235199358], [-78.8872765598923, 43.0272489183449], [-78.8872784999351, 43.0272629745073], [-78.8872800622058, 43.0272718880553], [-78.8872805020254, 43.0272897218433], [-78.8872804295073, 43.0272989827185], [-78.8872824307858, 43.0273253870446], [-78.8872907445749, 43.0273521168542], [-78.8872986479665, 43.027367187448], [-78.8873053762394, 43.0273808880508], [-78.8873062261463, 43.0273874038608], [-78.8873025228276, 43.0273946147749], [-78.8872931037894, 43.0274042440118], [-78.8872890998349, 43.0274217472706], [-78.8872913423221, 43.0274261998018], [-78.8872932396061, 43.027432025421], [-78.8872933007859, 43.0274443726862], [-78.8872940311619, 43.0274502010853], [-78.8872952331497, 43.0274567148225], [-78.8872985430605, 43.0274642507925], [-78.8873016264279, 43.0274735033531], [-78.8873042317165, 43.027480356509], [-78.8873095379988, 43.0274899458173], [-78.8873140034604, 43.0274947359941], [-78.8873151031065, 43.0275046790846], [-78.8873159619344, 43.0275129088776], [-78.8873118087299, 43.0275238950018], [-78.8873118246384, 43.0275269817972], [-78.8873130331552, 43.027535210499], [-78.8873130804149, 43.0275448130381], [-78.8873126610702, 43.0275547609817], [-78.8873138993089, 43.0275688194077], [-78.8873139388194, 43.0275767070234], [-78.8873146534046, 43.0275794504237], [-78.8873166713831, 43.0276092836537], [-78.8873165801094, 43.0276147717555], [-78.887316628652, 43.0276243751511], [-78.8873141318593, 43.0276394726979], [-78.8873137019104, 43.0276470197404], [-78.8873164404967, 43.0276573023368], [-78.887316373235, 43.0276672482074], [-78.8873160545454, 43.0276741089918], [-78.8873145652722, 43.0276799435693], [-78.8873124055794, 43.0276922970544], [-78.8873116524548, 43.0277053328843], [-78.8873106509962, 43.0277156238591], [-78.8873121403728, 43.0277331122191], [-78.8873137144951, 43.0277444266247], [-78.8873156468768, 43.0277567687597], [-78.8873205199755, 43.0277735621822], [-78.8873220626334, 43.0277783590472], [-78.8873239603428, 43.0277838416138], [-78.8873310290391, 43.0277951410769], [-78.8873341054963, 43.0278030217218], [-78.8873340579341, 43.0278170851714], [-78.8873341003618, 43.0278256596628], [-78.8873353503894, 43.0278421180485], [-78.8873357465882, 43.0278513773845], [-78.887343233118, 43.0278763949327], [-78.8873451385842, 43.0278835924219], [-78.8873514957317, 43.0278928371561], [-78.8873553087079, 43.027907575102], [-78.8873575756996, 43.0279171723587], [-78.8873595076891, 43.0279298575434], [-78.8873602777141, 43.0279435753532], [-78.8873603258017, 43.027953520901], [-78.8873619219179, 43.0279689501056], [-78.8873618931334, 43.0279867863273], [-78.8873608749536, 43.0279936474973], [-78.8873563916235, 43.0280087504971], [-78.887356432073, 43.0280169829185], [-78.8873580311037, 43.028033098999], [-78.8873584183326, 43.028040643453], [-78.8873584566857, 43.028048532008], [-78.8873583894918, 43.0280584787763], [-78.8873587967146, 43.0280697959612], [-78.8873569609526, 43.0280770027707], [-78.8873532932149, 43.0280914180614], [-78.8873567287699, 43.0281006694435], [-78.8873581683973, 43.028108554448], [-78.8873616019138, 43.0281174628619], [-78.887365034559, 43.0281260273677], [-78.8873687644519, 43.028147625285], [-78.8873725456813, 43.0281561905375], [-78.88737669083, 43.0281671545756], [-78.8873789647745, 43.0281781237445], [-78.8873808833151, 43.0281877220497], [-78.8873821057347, 43.0281986945762], [-78.8873906992724, 43.0282113620315], [-78.8873925908826, 43.028215815692], [-78.8873923080578, 43.0282295351032], [-78.8873930601997, 43.0282398240473], [-78.8873941471735, 43.028247022368], [-78.8873960742887, 43.0282586786053], [-78.8873979936513, 43.0282686199195], [-78.887399495785, 43.0282888530426], [-78.8873989077522, 43.0283114910035], [-78.8873985189757, 43.028327611679], [-78.8874000992587, 43.0283399549851], [-78.8874016677075, 43.0283498974322], [-78.8874031252489, 43.0283612112998], [-78.8874020379032, 43.0283776771679], [-78.8873998655627, 43.0283872867852], [-78.887402518249, 43.0284037433718], [-78.8874075079432, 43.0284205355239], [-78.8874085774311, 43.0284239619285], [-78.8874142368374, 43.02843389396], [-78.8874198831851, 43.0284414251739], [-78.8874258852936, 43.0284499833012], [-78.8874277789557, 43.0284547799285], [-78.8874254900527, 43.02846438991], [-78.8874210926667, 43.028473318917], [-78.8874189002141, 43.0284791540071], [-78.8874184752342, 43.0284877308928], [-78.8874207643037, 43.0285014438448], [-78.8874264146838, 43.0285096600954], [-78.8874294765017, 43.0285144538988], [-78.8874320899635, 43.0285226780218], [-78.8874331876749, 43.0285322790388], [-78.8874384981615, 43.0285425542713], [-78.8874396969288, 43.0285487250783], [-78.887440119687, 43.0285634721074], [-78.8874390185303, 43.0285771950469], [-78.8874364329373, 43.0285977806122], [-78.8874380131819, 43.0286101230184], [-78.8874394491628, 43.0286169790333], [-78.8874406393035, 43.0286210910093], [-78.8874432511963, 43.028629659123], [-78.88744518242, 43.028642001294], [-78.8874467557856, 43.0286529726849], [-78.8874475208957, 43.0286656606477], [-78.8874485969223, 43.0286708020161], [-78.8874516995714, 43.0286834842889], [-78.8874505803993, 43.0286937765673], [-78.8874532046002, 43.0287044033865], [-78.8874539713459, 43.0287177773683], [-78.8874552096028, 43.02873183489], [-78.8874566929995, 43.0287482952378], [-78.8874556719663, 43.0287544704305], [-78.8874567521915, 43.0287602995315], [-78.8874612294886, 43.0287674887595], [-78.8874646500003, 43.0287739963505], [-78.8874665723105, 43.0287846245376], [-78.8874666217072, 43.0287945709404], [-78.8874666572239, 43.0288017735165], [-78.8874699525997, 43.0288062235387], [-78.8874737468972, 43.0288171887035], [-78.8874752985804, 43.0288237004455], [-78.887477969686, 43.028844272851], [-78.8874799147506, 43.0288593579486], [-78.8874870317894, 43.0288806038386], [-78.887488984729, 43.0288974056555], [-78.8874897102513, 43.0289022051055], [-78.8874927729125, 43.0289073419155], [-78.887501822636, 43.028917263949], [-78.887504070974, 43.0289230893257], [-78.8875129771879, 43.0289278670789], [-78.8875201168987, 43.0289302487429], [-78.8875320584785, 43.0289343334977], [-78.8875361947343, 43.0289435826446], [-78.887538080664, 43.0289466643461], [-78.8875389326139, 43.0289535222206], [-78.8875415832742, 43.028969634934], [-78.8875435104499, 43.0289812911657], [-78.887542796525, 43.0290025576577], [-78.8875428353188, 43.0290101031594], [-78.8875480644255, 43.0290279243745], [-78.8875530183401, 43.0290368287775], [-78.8875559615325, 43.0290412790735], [-78.8875586851283, 43.0290488178735], [-78.8875597852673, 43.0290584179057], [-78.8875613639775, 43.0290700751873], [-78.8875692706016, 43.0290858326235], [-78.8875715495271, 43.0290978307299], [-78.8875738108345, 43.0291060551245], [-78.8875752864622, 43.0291207996472], [-78.887579808377, 43.0291369072233], [-78.8875858314689, 43.0291495819757], [-78.8875941969642, 43.0291632790807], [-78.8875960027477, 43.0291739076279], [-78.8875953195776, 43.0291776808706], [-78.8875994551011, 43.0291865879028], [-78.8876006518028, 43.0291924148402], [-78.8876020907363, 43.0291999577272], [-78.8876051775216, 43.0292095531984], [-78.8876112291635, 43.0292280577123], [-78.8876172570604, 43.0292417596106], [-78.8876176275913, 43.0292458742574], [-78.8876209724882, 43.0292602715731], [-78.8876237148375, 43.0292715822435], [-78.88762861513, 43.0292935202842], [-78.8876312580725, 43.0293079180707], [-78.887637272207, 43.0293188779381], [-78.8876436442121, 43.0293312085839], [-78.8876489380047, 43.0293380530996], [-78.8876564655179, 43.02934763705], [-78.8876635222196, 43.0293568786738], [-78.8876681460934, 43.029369899943], [-78.8876768138238, 43.0293976584924], [-78.8876880329981, 43.0294209508861], [-78.8876971514835, 43.0294452781313], [-78.8877023610659, 43.0294589835546], [-78.8877024145947, 43.0294696158904], [-78.8876975624224, 43.0294812911728], [-78.8876927964619, 43.0294864476136], [-78.8876755918295, 43.0295050140244], [-78.8876622259342, 43.0295201419128], [-78.8876559535371, 43.0295280461812], [-78.887657756486, 43.0295379887487], [-78.8876601058483, 43.0295403830129], [-78.8876709177363, 43.029552358228], [-78.8876847567931, 43.0295622676702], [-78.8876968227831, 43.029568066062], [-78.8876982322612, 43.0295694343774], [-78.8877031940112, 43.0295800536932], [-78.8877035535192, 43.0295821104906], [-78.8877054513296, 43.029587593046], [-78.8877065348661, 43.0295937650686], [-78.8877088117446, 43.0296054193033], [-78.8877103644103, 43.029612275846], [-78.887710390155, 43.0296174205299], [-78.8877134246176, 43.0296163827207], [-78.8877208887785, 43.0296132755407], [-78.8877264878753, 43.0296112033005], [-78.8877343041845, 43.0296080949435], [-78.8877414154318, 43.0296046468274], [-78.8877470206564, 43.0296036034897], [-78.8877552042965, 43.0296042677494], [-78.8877589569592, 43.029607000524], [-78.8877612135238, 43.0296141977643], [-78.8877627685313, 43.0296210524259], [-78.8877653797024, 43.0296292775183], [-78.8877698658045, 43.0296385264581], [-78.8877740119608, 43.0296498334824], [-78.887778973788, 43.0296604536924], [-78.8877864272511, 43.029678611584], [-78.8877936046103, 43.0296885378698], [-78.8878014978915, 43.0297012084065], [-78.887806811359, 43.0297121686927], [-78.8878146935531, 43.0297227804814], [-78.8878198827464, 43.0297320271073], [-78.8878286455063, 43.029755326527], [-78.8878429512641, 43.0297885574125], [-78.8878560169551, 43.0298070438673], [-78.8878568362505, 43.0298073851409], [-78.8878643597134, 43.0298162822395], [-78.8878732987983, 43.0298275765537], [-78.8878808173591, 43.0298354447061], [-78.8878838101514, 43.0298498422876], [-78.8878868978394, 43.0298597807568], [-78.887895514634, 43.0298769068641], [-78.8879023550693, 43.0298895790001], [-78.8879030708258, 43.0298923205553], [-78.8879135208595, 43.0299022390296], [-78.8879206848818, 43.0299090802258], [-78.8879218746807, 43.0299135352448], [-78.8879266949882, 43.0299193532388], [-78.887931640041, 43.029926542739], [-78.8879368084135, 43.02993167362], [-78.8879465606944, 43.0299422802968], [-78.8879534073381, 43.0299559822306], [-78.8879616481775, 43.0299683059965], [-78.887965793689, 43.0299792717985], [-78.8879692363575, 43.0299898941664], [-78.8879691688784, 43.0300001839796], [-78.8879654475651, 43.0300039660536], [-78.8879569408121, 43.0300087914953], [-78.8879520423754, 43.0300108624173], [-78.8879435253417, 43.030013972121], [-78.8879401459564, 43.0300160381786], [-78.8879322105817, 43.0300181178875], [-78.8879274217017, 43.0300188156329], [-78.8879243871669, 43.03001985255], [-78.887922176076, 43.0300219175738], [-78.8879237241625, 43.0300274003191], [-78.8879263128228, 43.0300308227506], [-78.8879319532026, 43.0300373241278], [-78.8879379380769, 43.0300421112024], [-78.8879428622834, 43.0300451849637], [-78.8879469659099, 43.0300479165953], [-78.8879495444071, 43.0300496250859], [-78.8879518079669, 43.0300581942332], [-78.8879521928399, 43.0300647096516], [-78.8879493014585, 43.030071233897], [-78.8879456091764, 43.0300805035792], [-78.8879497276449, 43.0300863238421], [-78.8879548984927, 43.0300924837499], [-78.8879553071472, 43.0301038017815], [-78.8879550055981, 43.0301137475176], [-78.8879602885225, 43.0301422010358], [-78.8879603446215, 43.0301538632954], [-78.8879603924756, 43.0301631236741], [-78.8879619430296, 43.0301696354467], [-78.8879664058287, 43.0301737387111], [-78.8879689892979, 43.0301764770444], [-78.8879694686567, 43.0301788764018], [-78.8879695013805, 43.0301853929969], [-78.8879709227423, 43.0301891621655], [-78.8879721076425, 43.0301925882387], [-78.8879743572477, 43.0301984126615], [-78.8879773054976, 43.0302038927857], [-78.8879796651224, 43.0302080018802], [-78.8879819098764, 43.0302127982564], [-78.887987093827, 43.0302213589778], [-78.8879939285378, 43.0302326582528], [-78.8879972621441, 43.0302453407531], [-78.8880032706597, 43.0302549277411], [-78.8880092771891, 43.0302641726594], [-78.8880149286451, 43.030272731879], [-78.8880202373536, 43.0302826641046], [-78.8880296886338, 43.0303028743539], [-78.8880348745876, 43.0303117771417], [-78.8880375975454, 43.0303189738136], [-78.8880409376491, 43.0303323412655], [-78.8880425279623, 43.0303467424419], [-78.8880473699485, 43.030357018277], [-78.8880507996226, 43.0303652407233], [-78.8880552976952, 43.0303768905045], [-78.8880613181009, 43.0303888783456], [-78.888072957768, 43.0304025675534], [-78.8880797626455, 43.0304080362042], [-78.8880857446461, 43.0304121363936], [-78.8880928007236, 43.0304210349728], [-78.8880999844193, 43.0304319910346], [-78.8881093920765, 43.0304436286297], [-78.8881142192901, 43.0304508167286], [-78.8881191619623, 43.0304580063009], [-78.8881206033924, 43.0304655481947], [-78.8881211032291, 43.0304724063392], [-78.888121506953, 43.0304826945253], [-78.888123765241, 43.0304905777735], [-78.8881267224664, 43.0304977718742], [-78.8881282731625, 43.03050428544], [-78.8881320591028, 43.0305131926407], [-78.8881361992586, 43.0305234707427], [-78.8881403369527, 43.0305327198163], [-78.888144803536, 43.0305378529569], [-78.8881485739364, 43.0305443594248], [-78.8881516351578, 43.0305488110904], [-78.8881561057213, 43.0305546283688], [-78.8881572216701, 43.0305676600289], [-78.8881888168054, 43.0305754643567], [-78.8882057471218, 43.0305719891385], [-78.8882147541806, 43.0305736787689], [-78.8882341612527, 43.030575000127], [-78.8882494755888, 43.030575645914], [-78.8882631844291, 43.0305828109141], [-78.8882710156292, 43.0305827902491], [-78.8882855343548, 43.0305878955763], [-78.8882902538082, 43.0305971446573], [-78.8882904309843, 43.0306091485345], [-78.8883008350796, 43.0306331294613], [-78.888303324834, 43.0306403250576], [-78.888306885875, 43.0306516339627], [-78.888310081643, 43.0306595141195], [-78.8883124757174, 43.0306708258171], [-78.888314716423, 43.0306749362495], [-78.8883182520686, 43.030680757422], [-78.8883236790782, 43.0306913752833], [-78.8883283939194, 43.0306992505697], [-78.8883356043753, 43.0307156952019], [-78.8883370306331, 43.0307204924104], [-78.8883443240728, 43.0307300770746], [-78.8883493985158, 43.0307400100523], [-78.8883511847736, 43.030746521902], [-78.8883554546571, 43.0307592004435], [-78.8883634548842, 43.0307698117772], [-78.888369149044, 43.0307869454567], [-78.8883767144918, 43.0308040739853], [-78.8883859749101, 43.0308095373944], [-78.8883994025879, 43.030830423531], [-78.8884042196887, 43.0308358976751], [-78.8884093963703, 43.0308424004], [-78.8884129379802, 43.0308732594847], [-78.8884193262989, 43.0308886768639], [-78.8884269813066, 43.030900660384], [-78.8884365118136, 43.030913326484], [-78.8884425519674, 43.0309294291784], [-78.888451740048, 43.0309441525473], [-78.8884555519388, 43.0309582053127], [-78.8884623145782, 43.0309787663151], [-78.8884630172666, 43.0309791070502], [-78.8884721027235, 43.030996574606], [-78.8884771673745, 43.0310044496873], [-78.888479309507, 43.0310119893411], [-78.8884794814068, 43.0310233073224], [-78.8884812476121, 43.0310260464423], [-78.8884933737991, 43.0310435059652], [-78.8885037662286, 43.0310650869082], [-78.8885153305056, 43.0310876931007], [-78.8885236127188, 43.0311079070728], [-78.8885282315534, 43.0311202415], [-78.8885481692268, 43.0311575735626], [-78.8885550308609, 43.0311743613821], [-78.8885578666847, 43.0311805268887], [-78.8885713814311, 43.0312192479772], [-78.8885783342224, 43.0312305476988], [-78.8885768747543, 43.0312662210144], [-78.8885793744698, 43.0312754753888], [-78.8885867718174, 43.0312823149038], [-78.8885918402622, 43.0312912198626], [-78.8885972697721, 43.0313018367243], [-78.8886070543741, 43.0313186169118], [-78.888611768137, 43.0313264931227], [-78.888615677345, 43.0313371148989], [-78.8886331330595, 43.0313689653771], [-78.8886435215029, 43.0313898603674], [-78.8886526111771, 43.0314080138385], [-78.8886547512428, 43.0314152096214], [-78.8886665759078, 43.031442960598], [-78.8886760063445, 43.0314593989896], [-78.8886839396687, 43.0314799552535], [-78.8886956785534, 43.0315138802145], [-78.888706515627, 43.0315310000278], [-78.8887190651239, 43.0315632065247], [-78.8887163928786, 43.0315899661291], [-78.8887252896234, 43.0316166939864], [-78.8887287375711, 43.0316283470613], [-78.8887337312802, 43.031645482948], [-78.888736213336, 43.0316509636097], [-78.8887415460886, 43.031665697502], [-78.8887545402295, 43.0316934446855], [-78.8887590881347, 43.0317150399194], [-78.8887596130839, 43.0317266997264], [-78.8887629850947, 43.0317465846759], [-78.8887677681996, 43.0317685221455], [-78.8887720542527, 43.0317842874541], [-78.888775417191, 43.0318024566254], [-78.8887912661936, 43.0318401429664], [-78.8887949837799, 43.0318593399841], [-78.8887982070708, 43.031873049021], [-78.8888058450775, 43.0319049265492], [-78.8888096636432, 43.0319206933592], [-78.8888178381392, 43.0319429655948], [-78.8888257601911, 43.031984788737], [-78.8888335804056, 43.0320296981772], [-78.8888385651009, 43.0320451182787], [-78.8888435301513, 43.0320564235024], [-78.8888479940354, 43.0320608706312], [-78.8888519940549, 43.0320663473511], [-78.8888560043836, 43.0320735398065], [-78.888861693074, 43.0320893014953], [-78.8888631140865, 43.0320934128003], [-78.8888680811963, 43.0321050609899], [-78.8888745026134, 43.032126994921], [-78.8888775076345, 43.0321437924154], [-78.8888819489665, 43.0321674467921], [-78.8888850648679, 43.0321828728657], [-78.8888882652742, 43.032192124095], [-78.8888718726739, 43.0322096600479], [-78.8888676809637, 43.0322127585794], [-78.8888597629459, 43.0322186102718], [-78.8888455129776, 43.0322203629212], [-78.8888409690441, 43.0322234617335], [-78.8888375079427, 43.0322323886415], [-78.8888388194193, 43.0322378731221], [-78.888845517089, 43.0322450578582], [-78.8888539523442, 43.0322491519494], [-78.8888599254406, 43.0322515354126], [-78.8888661486253, 43.0322573497402], [-78.8888671472701, 43.0322700369429], [-78.8888680281758, 43.0322827254513], [-78.8888681952408, 43.0322930144832], [-78.8888716501264, 43.0323060376646], [-78.8888718381249, 43.0323204424304], [-78.8888716485547, 43.0323293615462], [-78.8888710282401, 43.0323454819951], [-78.8888719111994, 43.0323585134707], [-78.8888717272689, 43.0323688027427], [-78.8888775186693, 43.032381821139], [-78.8888792931379, 43.0323859321197], [-78.8888869365923, 43.0323955156391], [-78.8888951427152, 43.0324002945955], [-78.8888994839623, 43.0324037140829], [-78.8889026996228, 43.0324157099903], [-78.8889063466808, 43.0324208448783], [-78.8889107008906, 43.0324266624834], [-78.8889131913154, 43.0324335168053], [-78.888914426766, 43.0324472313624], [-78.8889190528904, 43.0324609394727], [-78.8889230681271, 43.0324691599695], [-78.8889258141755, 43.0324808135145], [-78.8889290306725, 43.0324931524297], [-78.888926071582, 43.0325092804425], [-78.8889251784291, 43.0325175149191], [-78.8889264168193, 43.0325319163507], [-78.8889270546873, 43.0325425468029], [-78.8889272180625, 43.0325518068484], [-78.888925958785, 43.032557298683], [-78.8889270432299, 43.0325638118969], [-78.8889231055816, 43.0325710254333], [-78.8889197400549, 43.0325758353458], [-78.8889120609538, 43.0325830591631], [-78.8889116282771, 43.0325899193254], [-78.8889113339924, 43.0326012387632], [-78.8889094737345, 43.0326033017706], [-78.888902966078, 43.0326108647727], [-78.8888906867001, 43.0326095251559], [-78.8888786565313, 43.0326112724949], [-78.8888710865314, 43.0326164370745], [-78.8888623537677, 43.0326233212959], [-78.8888585177857, 43.0326274458363], [-78.888856215871, 43.0326346550249], [-78.8888545021439, 43.0326425482784], [-78.8888530671299, 43.0326597012537], [-78.8888567334812, 43.0326682658585], [-78.8888651777691, 43.0326740739266], [-78.8888703452395, 43.0326792047931], [-78.8888743437098, 43.0326839963905], [-78.8888813743201, 43.032687750226], [-78.8888873483441, 43.0326904775933], [-78.8888925063608, 43.0326932075203], [-78.888905868977, 43.0327010603918], [-78.8889177132483, 43.0327092602517], [-78.8889269740678, 43.0327147245008], [-78.8889323956307, 43.0327239703663], [-78.8889374674774, 43.0327332173287], [-78.8889363916334, 43.0327517410346], [-78.8889291574396, 43.032778169698], [-78.8889254097376, 43.0328001291695], [-78.8889255120383, 43.0328207088191], [-78.8889273550396, 43.0328385380532], [-78.8889303035165, 43.0328440181427], [-78.8889323489262, 43.0328556739224], [-78.8889335007283, 43.0328759063308], [-78.8889370493081, 43.0328844713391], [-78.888934727737, 43.0328875656524], [-78.8889360551947, 43.0328961360217], [-78.8889410531351, 43.0329139569264], [-78.8889458455692, 43.0329376110545], [-78.8889500279338, 43.0329561205786], [-78.8889524292256, 43.0329688041623], [-78.8889555291874, 43.0329811434405], [-78.8889574896621, 43.0329993162149], [-78.8889597042268, 43.033021603991], [-78.888963972375, 43.0330339395274], [-78.8889701246711, 43.033049014663], [-78.8889721512063, 43.0330568976753], [-78.8889727808884, 43.0330661562565], [-78.8889762338567, 43.0330788373619], [-78.8889762535754, 43.0330829531368], [-78.8889729468117, 43.033099425215], [-78.8889712548612, 43.0331117772119], [-78.8889716802056, 43.0331268680765], [-78.888973362667, 43.0331361223419], [-78.8889736405792, 43.0331450390531], [-78.8889704323208, 43.0331580810085], [-78.8889855512076, 43.0331899389223], [-78.8889814464683, 43.0332108715303], [-78.8889812494885, 43.0332417398739], [-78.8889840005798, 43.0332544232567], [-78.8889871222818, 43.0332712203765], [-78.888990241164, 43.0332873324181], [-78.888994047976, 43.0333006983591], [-78.8889964431972, 43.0333123539368], [-78.8890014330476, 43.0333288038649], [-78.8890031146942, 43.0333377151202], [-78.8890069363045, 43.0333541678915], [-78.8890137905412, 43.0333692407439], [-78.8890188666207, 43.0333791745324], [-78.8890213566494, 43.0333863710013], [-78.8890283072894, 43.0333976698642], [-78.8890265225999, 43.0334148239365], [-78.8890260739761, 43.0334185982073], [-78.8890269479085, 43.0334299139012], [-78.8890205362669, 43.0334330186609], [-78.8890140412277, 43.0334433246366], [-78.8890089500869, 43.0334536278516], [-78.8890087653622, 43.0334635741125], [-78.8890109175852, 43.0334731725337], [-78.8890141041829, 43.033479680831], [-78.8890143771753, 43.0334875685977], [-78.8890144556396, 43.0335033456364], [-78.8890157043467, 43.0335194619002], [-78.8890210304339, 43.0335328247543], [-78.8890262665434, 43.0335516738626], [-78.8890336552527, 43.0335567993541], [-78.8890377575729, 43.0335588458145], [-78.8890446196543, 43.0335756335834], [-78.8890503052826, 43.0335910523267], [-78.8890535786332, 43.033614710428], [-78.8890547366071, 43.0336359708345], [-78.8890565046761, 43.0336623758425], [-78.8890542905662, 43.0336637540163], [-78.8890529315007, 43.0336726751175], [-78.8890521437887, 43.0336788504839], [-78.8890600707068, 43.0336980365853], [-78.8890655933378, 43.0337038522334], [-78.8890720757892, 43.0337148113849], [-78.8890788401137, 43.0337353704847], [-78.8890838111266, 43.0337480476409], [-78.8890881894608, 43.0337586696379], [-78.8891007273796, 43.0337888182539], [-78.8891053379849, 43.0337990956106], [-78.88910935617, 43.0338080011728], [-78.8891100524656, 43.0338306359338], [-78.8891182249961, 43.0338758871953], [-78.8891234016337, 43.0338827329228], [-78.8891310322621, 43.0339128945862], [-78.8891270061012, 43.0339496051322], [-78.889132700059, 43.033966396636], [-78.8891385843674, 43.0339746120352], [-78.8891443751145, 43.0339872864997], [-78.8891457974803, 43.0339913986544], [-78.8891519343036, 43.0340030439335], [-78.8891596009753, 43.034017085224], [-78.8891646668744, 43.0340253041658], [-78.8891669722576, 43.0340424468887], [-78.8891687517354, 43.0340475868048], [-78.8891746311227, 43.0340547732581], [-78.8891772058222, 43.0340787747603], [-78.8891788015524, 43.0340942057412], [-78.8891762988566, 43.0341082735078], [-78.8891721785129, 43.0341257762806], [-78.8891717517432, 43.034134010191], [-78.8891762822953, 43.0341518316834], [-78.8891805358914, 43.0341610821717], [-78.8891819663632, 43.0341665643977], [-78.8891841083801, 43.0341744479765], [-78.8891847196608, 43.0341795916365], [-78.8891872175073, 43.0341885021202], [-78.8891905211376, 43.0341946669929], [-78.8891933551323, 43.0342004895061], [-78.8892062666864, 43.0342114315197], [-78.8892124161843, 43.0342258188599], [-78.8892152470184, 43.0342313002437], [-78.8892179263409, 43.0342528996248], [-78.8892227210759, 43.0342768966959], [-78.8892258321585, 43.0342912920082], [-78.8892251862229, 43.0343022704719], [-78.8892246534712, 43.0343129038471], [-78.8892225986799, 43.0343228561311], [-78.8892208049378, 43.034338294427], [-78.8892192127374, 43.0343472162613], [-78.8892170615064, 43.0343609416344], [-78.8892114515589, 43.0343846220552], [-78.8892102728104, 43.0344062329955], [-78.8892062530079, 43.0344206486146], [-78.8892052679839, 43.0344340281739], [-78.8891994080166, 43.0344542795292], [-78.8891969923386, 43.0344621741679], [-78.8891956332846, 43.0344710952698], [-78.8891919903852, 43.0344906553221], [-78.8891908332144, 43.0344927160135], [-78.8891810124944, 43.0345157222163], [-78.8891762907172, 43.0345301392164], [-78.889168000301, 43.0345551992772], [-78.8891628250218, 43.0345723625028], [-78.8891559732412, 43.0345812985748], [-78.88914902867, 43.0345950358223], [-78.8891476687791, 43.0346036139149], [-78.8891423394923, 43.0346128889259], [-78.8891373439047, 43.0346190760499], [-78.8891350131308, 43.034620453694], [-78.8891335185807, 43.0346256023968], [-78.8891247748252, 43.0346300848522], [-78.8891130214001, 43.0346404059295], [-78.889109986665, 43.0346414428856], [-78.8891057996874, 43.0346455694758], [-78.8891016107132, 43.034649353997], [-78.8890948438368, 43.0346517730721], [-78.8890894844829, 43.0346552165727], [-78.8890857659178, 43.0346596855637], [-78.8890836913621, 43.0346655220724], [-78.8890671795251, 43.0346827145715], [-78.8890470840328, 43.0346844825168], [-78.8890377462904, 43.0346869089508], [-78.8890291091731, 43.0346893322481], [-78.8881245219252, 43.0357923709579], [-78.8881343847956, 43.0358016043977], [-78.8881466906273, 43.0358080887489], [-78.8881600775786, 43.0358207424937], [-78.8881623255115, 43.0358262257291], [-78.888171384174, 43.0358378616783], [-78.8881776490347, 43.0358522496492], [-78.8881896453298, 43.0358673096509], [-78.8881959935599, 43.0358744946064], [-78.888200138306, 43.0358854595173], [-78.8882105462816, 43.0359101263782], [-78.8882161088153, 43.0359238305611], [-78.8882250882993, 43.0359433563521], [-78.8882310223084, 43.035961518181], [-78.8882370402142, 43.0359731648523], [-78.8882419007809, 43.0359868704099], [-78.8882575803786, 43.036013923919], [-78.8882602009679, 43.0360238638584], [-78.8882724421279, 43.0360643020645], [-78.88828706108, 43.0360896440606], [-78.8882930740315, 43.0361002608856], [-78.8882967602351, 43.0361129412745], [-78.8883042205164, 43.0361324710327], [-78.8883172323713, 43.0361636480186], [-78.8883247468983, 43.0361704871589], [-78.888331897745, 43.0361745835725], [-78.8883457147374, 43.0361796920522], [-78.8883494649739, 43.0361817388118], [-78.8883475516514, 43.0361964932866], [-78.8883472272973, 43.036201981212], [-78.8883475113129, 43.0362119268262], [-78.8883487005297, 43.0362160397204], [-78.8883545907214, 43.036225627106], [-78.8883606237933, 43.0362400166505], [-78.8883699305454, 43.0362547395781], [-78.8883744008721, 43.0362602156144], [-78.8883822306329, 43.036283860044], [-78.8883882637747, 43.0362982504848], [-78.8883908633658, 43.0363040728896], [-78.8884016433849, 43.0363328543209], [-78.8884068591417, 43.0363472455633], [-78.8884098422353, 43.0363599282645], [-78.8884214067912, 43.0363821914038], [-78.8884248213668, 43.0363869848757], [-78.8884281238317, 43.0363931498087], [-78.8884322865959, 43.0364075426671], [-78.8884374921746, 43.0364202199694], [-78.8884401049011, 43.0364284431854], [-78.8884423586351, 43.0364352983656], [-78.8884487286513, 43.0364469411464], [-78.8884516773397, 43.0364524221389], [-78.8884554547298, 43.0364596144274], [-78.8884610210766, 43.0364743475786], [-78.8884651551842, 43.0364829106809], [-78.8884684535587, 43.0364883896777], [-78.8884722227527, 43.0364942100962], [-78.8884752427987, 43.0365140953164], [-78.8884770202557, 43.0365188922738], [-78.888480357614, 43.0365319167592], [-78.888484852602, 43.0365425375077], [-78.8884879247981, 43.0365493891458], [-78.888489000614, 43.0365538435322], [-78.8884912842011, 43.0365665275248], [-78.8884968227754, 43.0365757748267], [-78.8885028468366, 43.0365884485838], [-78.8885050918431, 43.0365932440364], [-78.8885099394566, 43.036604549663], [-78.888517020177, 43.0366182498872], [-78.8885171400323, 43.0366185924472], [-78.8885236423834, 43.0366336664931], [-78.8885247232441, 43.0366391516193], [-78.8885371183156, 43.036663812954], [-78.8885419589637, 43.0366737466679], [-78.8885491493025, 43.0366860746129], [-78.8885562222382, 43.0366980599141], [-78.8885625813403, 43.0367076466378], [-78.8885629110279, 43.0367268535975], [-78.8885680734009, 43.0367542766543], [-78.8885669514907, 43.0367638829547], [-78.8885673341297, 43.0367703993427], [-78.8885767469751, 43.0367827218843], [-78.8885808532075, 43.0367857973376], [-78.8885863908775, 43.0367946998278], [-78.8885927380881, 43.0368018856948], [-78.8886032186266, 43.0368172916478], [-78.8886054804865, 43.0368255168954], [-78.8886106975946, 43.0368409371926], [-78.8886121401742, 43.0368488229728], [-78.8886192238266, 43.0368632091644], [-78.8886214917873, 43.0368724624147], [-78.8886251761214, 43.0368848007184], [-78.8886327473856, 43.0369029572289], [-78.8886367646278, 43.0369118646372], [-78.8886446393415, 43.0369204183882], [-78.8886494660688, 43.0369276082744], [-78.8886577036631, 43.0369385617393], [-78.8886599536257, 43.0369443861312], [-78.8886673981843, 43.0369608299649], [-78.888673797112, 43.0369783042784], [-78.888678309012, 43.0369923548135], [-78.8886827017702, 43.0370064040006], [-78.888686831133, 43.0370139399451], [-78.8886943626521, 43.0370242088519], [-78.8887018034687, 43.0370396227991], [-78.8887025588089, 43.0370505958889], [-78.8887069878264, 43.0370715063826], [-78.8887178358568, 43.0370906840303], [-78.888724201184, 43.0371012996435], [-78.8887268099939, 43.037108838712], [-78.8887357808032, 43.0371266495689], [-78.8887416875669, 43.0371389806652], [-78.8887514847696, 43.0371585046938], [-78.8887548251661, 43.037172216041], [-78.8887630648098, 43.0371835115648], [-78.8887767885008, 43.0372170862361], [-78.8887872811354, 43.0372348939189], [-78.8887946998265, 43.037246192168], [-78.8888040081316, 43.037260915905], [-78.8888044765657, 43.0372612583069], [-78.8888123689136, 43.0372735830522], [-78.888823553301, 43.0372896745141], [-78.888832516355, 43.0373057704415], [-78.8888354662917, 43.0373112504804], [-78.888858614971, 43.0373595485051], [-78.8888627140033, 43.0373845749614], [-78.8888694767557, 43.0374047919817], [-78.8888776575341, 43.0374277509583], [-78.888888154718, 43.0374469297241], [-78.8888952356318, 43.0374606299162], [-78.8889019598169, 43.0374729592956], [-78.8889078859921, 43.0374897492034], [-78.8889105010033, 43.0374983171673], [-78.8889135154438, 43.0375168295154], [-78.8889281132517, 43.0375377126609], [-78.8889326021856, 43.0375473035846], [-78.8889407496696, 43.0375640881224], [-78.888943357701, 43.0375712841749], [-78.8889552748445, 43.03759354516], [-78.8889612740977, 43.0376014181169], [-78.8889710747314, 43.0376212850452], [-78.8889724782741, 43.0376216244336], [-78.8889701829404, 43.0376535275616], [-78.8889705557065, 43.037657985161], [-78.8889709482718, 43.0376665594311], [-78.8889747245816, 43.0376737517376], [-78.8889780464323, 43.0376833454634], [-78.888982977921, 43.0376881341115], [-78.8889839965595, 43.0377049379702], [-78.8889847540771, 43.0377162549204], [-78.8889847840882, 43.0377220855283], [-78.8889874343886, 43.0377381973028], [-78.8889918121552, 43.0377484753801], [-78.8889959559671, 43.0377594402905], [-78.8890004362258, 43.0377669723839], [-78.8890056370623, 43.0377786198074], [-78.8890060546549, 43.0377919948434], [-78.8890094239417, 43.0378115368278], [-78.889014618623, 43.0378221553492], [-78.8890190800286, 43.0378259155767], [-78.8890228284503, 43.0378276211387], [-78.8890202271913, 43.0378451199213], [-78.8890201681901, 43.0378567815862], [-78.8890239663194, 43.0378684326294], [-78.8890243448577, 43.0378742621801], [-78.8890239080915, 43.0378804364046], [-78.88901424475, 43.03788800777], [-78.8889722662165, 43.0379083565737], [-78.88895337583, 43.0379176672233], [-78.8889525592997, 43.0379180119384], [-78.8889522103809, 43.0379183560456], [-78.8889459255083, 43.037923860448], [-78.8889423257838, 43.037928328991], [-78.8889401251056, 43.0379327940387], [-78.8889415635426, 43.0379399920798], [-78.8889446181816, 43.0379430708944], [-78.8889464027131, 43.0379492397507], [-78.8889486544607, 43.0379557510496], [-78.8889522074943, 43.0379650019744], [-78.888956819211, 43.0379756214304], [-78.8889583426228, 43.037976303378], [-78.8889673617404, 43.0380033745693], [-78.8889703212028, 43.038011255539], [-78.888972117665, 43.0380198252478], [-78.8889815013531, 43.0380499821679], [-78.8889836825163, 43.0380654103285], [-78.8889837232312, 43.0380736418309], [-78.8889882501657, 43.0380907800733], [-78.8889900663792, 43.0381034655536], [-78.8889918944634, 43.0381185509885], [-78.8889975621171, 43.0381298547938], [-78.8890039251058, 43.0381404695688], [-78.889009139132, 43.0381545178016], [-78.8890128153662, 43.0381654833178], [-78.8890173253956, 43.0381791908637], [-78.8890236838519, 43.0381884336437], [-78.8890292348788, 43.0381997369147], [-78.8890303274117, 43.038207966834], [-78.8890415954317, 43.038240862438], [-78.8890418882431, 43.0382528659704], [-78.8890467591361, 43.0382686302599], [-78.8890486918958, 43.0382813144736], [-78.8890501620935, 43.0382950300353], [-78.8890582961342, 43.0383087276875], [-78.8890627941996, 43.0383200334791], [-78.8890666022479, 43.0383337424046], [-78.889071006822, 43.0383495081576], [-78.8890702578179, 43.0383635729554], [-78.8890698934691, 43.038384495306], [-78.8890751202952, 43.0384012873956], [-78.8890784817722, 43.0384191135571], [-78.8890795762584, 43.0384276846455], [-78.889082576057, 43.0384431110528], [-78.8890832977611, 43.0384472245431], [-78.8890866419788, 43.0384619639587], [-78.8890926627156, 43.0384736095833], [-78.8890955582467, 43.0384921223698], [-78.8890990256696, 43.0385075481676], [-78.8891019096109, 43.0385233161521], [-78.8891067904803, 43.0385411392212], [-78.8891116811173, 43.0385610183788], [-78.8891120390869, 43.0385623891479], [-78.8891138405294, 43.0385719877953], [-78.8891171798242, 43.0385856982664], [-78.8891202555447, 43.0385928937027], [-78.8891220668115, 43.0386045493371], [-78.8891231633636, 43.0386134633916], [-78.8891239315819, 43.038627180334], [-78.8891269026553, 43.038636776989], [-78.889125897352, 43.0386432190623], [-78.8890223980697, 43.0386617883204], [-78.8890352266745, 43.0386785837035], [-78.8883912238817, 43.0387531479021], [-78.8883635758664, 43.0387805754718], [-78.8883602587229, 43.0387838657143], [-78.8891619028133, 43.0388604523787], [-78.8891675104495, 43.0388815559292], [-78.8891694264429, 43.0388908112411], [-78.8891697823611, 43.0388918390429], [-78.889173799774, 43.0389007455234], [-78.8891776329898, 43.0389192561051], [-78.8891809340224, 43.0389247349886], [-78.8891869297301, 43.0389315789416], [-78.8891936270007, 43.0389387636624], [-78.8891999794607, 43.038946978425], [-78.8892090067769, 43.0389524415868], [-78.8892172027854, 43.0389551635354], [-78.8892089659295, 43.0389675330022], [-78.8892037228647, 43.0389709770525], [-78.8891913622584, 43.0389771834519], [-78.8891879796176, 43.0389785644842], [-78.889183196287, 43.0389802921076], [-78.8891718816726, 43.0389851240704], [-78.8891678081235, 43.0389885643296], [-78.8891640913798, 43.0389933762976], [-78.8891614164649, 43.0389961269986], [-78.8891602539409, 43.0389975026978], [-78.8891535195223, 43.0390064383755], [-78.8891528492057, 43.0390129563827], [-78.8891531362827, 43.0390235879612], [-78.8891561130981, 43.0390345556671], [-78.8891609749891, 43.0390486041712], [-78.8891639419262, 43.0390575139912], [-78.8891695886657, 43.0390647011542], [-78.8891732929782, 43.0390811542997], [-78.8891789796424, 43.0390962299536], [-78.8891834498698, 43.0391020489956], [-78.8891874693559, 43.0391112984418], [-78.8891878681412, 43.039120901609], [-78.8891912078285, 43.0391342681263], [-78.889191951428, 43.0391428412512], [-78.8891945645101, 43.0391510662354], [-78.8891994017712, 43.0391599709218], [-78.8892043436236, 43.0391664734907], [-78.8892102651925, 43.039182235325], [-78.8892121733773, 43.0391897757169], [-78.88921255112, 43.0391952622562], [-78.8892136596406, 43.0392065771605], [-78.8892118140908, 43.0392117279049], [-78.8892158368129, 43.0392213193764], [-78.8892180988658, 43.0392295446025], [-78.8892244654134, 43.0392405040799], [-78.8892248522107, 43.0392477054957], [-78.8892266615269, 43.0392590190574], [-78.8892274009093, 43.0392669044508], [-78.8892289742271, 43.0392775336682], [-78.8892296102463, 43.0392878211372], [-78.8892315501454, 43.0393018781514], [-78.8892307703055, 43.0393097693333], [-78.889227435406, 43.0393207537767], [-78.8892269788926, 43.0393228122298], [-78.8892265718558, 43.0393351610079], [-78.8892247435227, 43.0393433975988], [-78.8892210015262, 43.0393667299219], [-78.8892201849788, 43.0393670746395], [-78.889209385677, 43.0393815094085], [-78.8892029911002, 43.0393883861051], [-78.889197422896, 43.0393969750708], [-78.8891921777402, 43.0394000761549], [-78.8891861291988, 43.0394059227668], [-78.8891786795626, 43.0394124590203], [-78.889172716789, 43.0394121325491], [-78.8891595724714, 43.0394252002471], [-78.8891584042254, 43.0394252048936], [-78.8891517541411, 43.0394279648363], [-78.889130400204, 43.039435224609], [-78.8891180058047, 43.0394345723119], [-78.8891120507976, 43.0394359598576], [-78.8890876709351, 43.0394459714641], [-78.8890730950854, 43.0394532130271], [-78.8890603838422, 43.039459078405], [-78.8890551287385, 43.0394601206992], [-78.8890393697607, 43.0394642791768], [-78.8890285056861, 43.0394656789281], [-78.8890218429431, 43.0394656967991], [-78.889010976927, 43.0394667553785], [-78.8890087637842, 43.0394681326184], [-78.8889829301336, 43.0394682014899], [-78.8889693772431, 43.0394696099105], [-78.8889488238377, 43.0394734390462], [-78.8889308232291, 43.0394738283619], [-78.8889087475377, 43.039476974604], [-78.8888987210361, 43.0394821462558], [-78.8888956951079, 43.0394848980921], [-78.8888773567787, 43.0394876911477], [-78.888869070803, 43.0394904563264], [-78.8888586765096, 43.0394922002178], [-78.8888395186858, 43.0394946511084], [-78.8888174459197, 43.0394984842077], [-78.8888073992127, 43.0394998822322], [-78.8887856464763, 43.0394975387726], [-78.8887676521876, 43.0394989596594], [-78.8887628605921, 43.0394993153987], [-78.8887545647973, 43.0395000235817], [-78.8887467386222, 43.0395010732255], [-78.8887189690021, 43.0395110938669], [-78.8886912727609, 43.0395128818184], [-78.8886715357592, 43.0395163643945], [-78.8886557676429, 43.039518807045], [-78.8886396527054, 43.0395219376656], [-78.8886269192252, 43.0395236873084], [-78.8886082437422, 43.0395292234848], [-78.8885872279951, 43.0395337390566], [-78.8885550685159, 43.0395310798197], [-78.8885494575971, 43.0395310960843], [-78.8885134766211, 43.0395356500056], [-78.8885019176506, 43.0395384256931], [-78.8884659597169, 43.0395474391964], [-78.8884405023904, 43.039551964524], [-78.8884304475154, 43.0395519915457], [-78.8884131551619, 43.0395534100998], [-78.8884027517546, 43.0395534381746], [-78.8883929337249, 43.0395534643366], [-78.888377264453, 43.0395521328796], [-78.8883656984368, 43.0395535357448], [-78.8883540297913, 43.0395576827954], [-78.888335772279, 43.0395532728391], [-78.8883256200994, 43.0395567299309], [-78.8883176970302, 43.0395618956844], [-78.8883050673288, 43.0395609001654], [-78.888291532395, 43.0395657373638], [-78.8882855835617, 43.0395681546676], [-78.8882690275893, 43.039576772628], [-78.8882552493398, 43.0395798975143], [-78.8882473123092, 43.0395823194422], [-78.8882388050765, 43.0395874870601], [-78.888233556039, 43.0395895573207], [-78.8882192942157, 43.0395895969183], [-78.8882121629492, 43.0395892714406], [-78.8882054882887, 43.0395868884106], [-78.8882009283162, 43.0395865591748], [-78.8881915736908, 43.0395858969831], [-78.8881849129809, 43.0395862577731], [-78.8881747566868, 43.0395890289175], [-78.8881688045149, 43.0395911023915], [-78.8881586605745, 43.0395959322364], [-78.8881522387271, 43.0395976633475], [-78.8881417453951, 43.0396031794484], [-78.8881357944454, 43.0396052528791], [-78.8881234151293, 43.0396073433562], [-78.8881152399941, 43.0396087370627], [-78.8881096327085, 43.0396097813925], [-78.8881006381981, 43.0396108347304], [-78.8880928078958, 43.0396111983957], [-78.8880890741552, 43.039612579637], [-78.8880874558669, 43.0396163567856], [-78.8880840989489, 43.0396228815644], [-78.8880792137186, 43.0396276963402], [-78.8880785130359, 43.0396276994726], [-78.8880717660971, 43.0396345772911], [-78.8880714490383, 43.0396410931765], [-78.88807511332, 43.0396496578696], [-78.8880754901995, 43.0396548023057], [-78.8880758580574, 43.0396582318639], [-78.8880803421164, 43.039666793874], [-78.8880848131128, 43.03967295597], [-78.8880896534804, 43.0396822027346], [-78.8880901268536, 43.0396835740822], [-78.8880930895191, 43.0396917971012], [-78.8880945259779, 43.0396986539831], [-78.8881015992164, 43.0397106392975], [-78.8881079577139, 43.0397198821259], [-78.8881132480934, 43.039726384588], [-78.8881177136924, 43.039730830781], [-78.8881274656888, 43.0397410952976], [-78.8881368412026, 43.039745872327], [-78.888146556627, 43.0397485903724], [-78.8881555605805, 43.0397489088575], [-78.888164434424, 43.0397471699457], [-78.8881794969568, 43.0397437006513], [-78.8881903499734, 43.0397402422348], [-78.8882023536469, 43.0397330072728], [-78.8882146295248, 43.039733317964], [-78.8882214257135, 43.0397367295705], [-78.8882262144567, 43.039735687877], [-78.8882333336679, 43.039733609804], [-78.8882484039948, 43.0397318554202], [-78.8882588033896, 43.0397311423224], [-78.8882659308575, 43.0397304370146], [-78.8882798217382, 43.0397266276227], [-78.8882951223005, 43.0397241856272], [-78.8883258314337, 43.0397172442349], [-78.888334463066, 43.0397137911638], [-78.888342635332, 43.0397117114652], [-78.8883715188172, 43.0397136917198], [-78.8883756002635, 43.039711966405], [-78.888380492512, 43.039708524426], [-78.8883835241723, 43.0397071436558], [-78.8883868814604, 43.0397002758188], [-78.888388711082, 43.0396920382969], [-78.8883913758623, 43.0396875736742], [-78.8883976769095, 43.0396851551842], [-78.8884029579135, 43.0396892575934], [-78.8884048339987, 43.0396906244256], [-78.8884111757575, 43.0396964383371], [-78.8884217195933, 43.0397012116019], [-78.8884290950142, 43.0397035923823], [-78.8884430257104, 43.0397076714659], [-78.8884493317436, 43.0397062828146], [-78.8884695441973, 43.0397045136884], [-78.8884875316313, 43.0397017218341], [-78.8885260927542, 43.0396988745376], [-78.8885481846245, 43.0396988160517], [-78.8885687550945, 43.0396984185775], [-78.8886024889055, 43.0396887253258], [-78.8886227087291, 43.0396879850326], [-78.8886335637604, 43.0396848695424], [-78.8886514345936, 43.0396820780288], [-78.8886608937896, 43.039680337166], [-78.8886672027515, 43.0396796353773], [-78.8886792174452, 43.039674458212], [-78.8887001388868, 43.0396740595748], [-78.88870539473, 43.0396733585079], [-78.8887200073241, 43.0396736634548], [-78.8887293890287, 43.0396794693355], [-78.8887402410576, 43.0396756660627], [-78.8887544648502, 43.0396684266188], [-78.888761932248, 43.039665663195], [-78.8887821541133, 43.039665265841], [-78.8887930128418, 43.0396631793206], [-78.8888011871367, 43.0396614425572], [-78.8888161428353, 43.0396600305346], [-78.888834133119, 43.0396579246027], [-78.888848730015, 43.0396547987973], [-78.8888626216666, 43.0396513323452], [-78.8888693902576, 43.0396489123236], [-78.888883990089, 43.0396464733881], [-78.8888943831825, 43.0396447295351], [-78.8889130767608, 43.0396426230655], [-78.8889292016444, 43.0396415511898], [-78.888942284895, 43.0396398004138], [-78.8889595526789, 43.0396332388619], [-78.8889688915579, 43.0396304693561], [-78.8889800971461, 43.0396276957439], [-78.8889868657863, 43.0396252766139], [-78.8889955064694, 43.0396235392701], [-78.8890029717385, 43.0396204319656], [-78.8890116177542, 43.039619380513], [-78.8890138200812, 43.0396156005818], [-78.8890156714829, 43.0396118226897], [-78.8890186624443, 43.0396022113013], [-78.8890206297149, 43.0395980918309], [-78.8890291405932, 43.0395939531418], [-78.8890400127952, 43.0395939234608], [-78.8890475089759, 43.0395969906669], [-78.8890643497394, 43.0395986594122], [-78.8890777910661, 43.039598281187], [-78.8890927525107, 43.0395982410804], [-78.8891088913685, 43.0395999129994], [-78.889122340464, 43.0396012487889], [-78.8891357854496, 43.0396018986427], [-78.8891512157435, 43.0396018578777], [-78.8891650117679, 43.0396025074854], [-78.8891807319262, 43.0396137824725], [-78.889197586805, 43.0396181968139], [-78.8892132741535, 43.0396229570118], [-78.8892226356738, 43.0396249892319], [-78.8892270890644, 43.0396273784753], [-78.8892349420132, 43.0396318164785], [-78.8892395082728, 43.0396331763705], [-78.8892454661253, 43.0396324738947], [-78.8892529582084, 43.0396348551528], [-78.8892633896761, 43.0396403155367], [-78.8892690314854, 43.0396464728507], [-78.8892727939697, 43.0396509213202], [-78.8892738614653, 43.0396543495706], [-78.8892787296102, 43.0396694269665], [-78.8892820504134, 43.0396790207166], [-78.889285108937, 43.0396831294], [-78.8893000287563, 43.03969783767], [-78.8893104750136, 43.0397063839783], [-78.8893164658739, 43.0397121989776], [-78.8893221164157, 43.0397204151136], [-78.8893254241163, 43.03972760895], [-78.8893257940438, 43.0397313805699], [-78.8893314887057, 43.0397481720276], [-78.8893366947432, 43.0397608483664], [-78.8893408407772, 43.0397721553222], [-78.8893452187147, 43.0397824324768], [-78.8893482841923, 43.0397879121692], [-78.8893531116426, 43.0397947589604], [-78.8893606408131, 43.0398043427247], [-78.8893639983086, 43.0398214820359], [-78.8893654517468, 43.0398317677921], [-78.889368048828, 43.0398369059836], [-78.8893725581968, 43.0398502695975], [-78.8893762160626, 43.0398571192813], [-78.8893800214117, 43.0398701422115], [-78.8893804070117, 43.039877343667], [-78.8893826473359, 43.0398811110488], [-78.8893863101503, 43.0398889896747], [-78.8893934735184, 43.0398954877504], [-78.8893975618907, 43.0398951334107], [-78.8894047091419, 43.0398985438016], [-78.8894076489856, 43.0399023089823], [-78.8894121275257, 43.0399094998793], [-78.8894140514338, 43.0399204701011], [-78.889415829081, 43.039925267035], [-78.8894180911931, 43.0399334922542], [-78.8894211665776, 43.0399410298289], [-78.8894248199584, 43.0399465084163], [-78.8894282273757, 43.0399502720876], [-78.8894308293004, 43.0399564374228], [-78.8894323676064, 43.0399602061891], [-78.889432721872, 43.0399605479722], [-78.8894334524059, 43.0399667211813], [-78.8894334803622, 43.0399722079203], [-78.8894342021718, 43.0399763223043], [-78.8894345749411, 43.0399807790005], [-78.8894346046757, 43.0399869535535], [-78.8894345070423, 43.0399907266815], [-78.8894345329987, 43.0399958713519], [-78.88943410611, 43.0400041025617], [-78.8894338000923, 43.0400130220338], [-78.8894329991523, 43.0400167956907], [-78.8894326972486, 43.0400264010966], [-78.8894322375136, 43.0400281175234], [-78.8894326226825, 43.0400346329195], [-78.8894348675131, 43.0400397713941], [-78.8894389682371, 43.0400414748541], [-78.8894423567072, 43.0400414657635], [-78.8894467981869, 43.0400414541449], [-78.8894510077184, 43.0400414432181], [-78.8894554639814, 43.0400445175279], [-78.8894580482971, 43.0400469118563], [-78.8894592236724, 43.0400482809125], [-78.8894603697592, 43.0400537467004], [-78.8894703032234, 43.0400537201183], [-78.889565587121, 43.0402479428036], [-78.8900502475288, 43.0408225983123], [-78.8901040415926, 43.0408748137925], [-78.8901098249901, 43.0409053596767], [-78.8901104968516, 43.0409060453874], [-78.8901185086825, 43.0409187135054], [-78.8901214581488, 43.0409238513872], [-78.8901295733681, 43.040934118328], [-78.8901354548066, 43.0409413046534], [-78.8901379572584, 43.0409509010254], [-78.8901426972269, 43.0409635787853], [-78.890147873405, 43.0409704244738], [-78.8901501265802, 43.0409769347969], [-78.8901511097717, 43.0409865369707], [-78.8901528792665, 43.0409899620221], [-78.8901566422902, 43.0409940674059], [-78.8901557636392, 43.0410057299596], [-78.8901638892974, 43.0410177135276], [-78.8901645316967, 43.0410290298823], [-78.8901714686854, 43.0410372426952], [-78.8901772781922, 43.0410536898613], [-78.8901757121105, 43.0410677572678], [-78.8901831186887, 43.0410763106358], [-78.8901852512173, 43.0410821362905], [-78.8901971196386, 43.0410944516223], [-78.8902030805728, 43.0410944359651], [-78.8902086949715, 43.0410947634372], [-78.8902112731769, 43.0410961288453], [-78.8902119958372, 43.0411005853313], [-78.8902137863503, 43.0411081252082], [-78.8902155711228, 43.0411142940334], [-78.8902220798452, 43.0411300547287], [-78.8902327158145, 43.0411533486777], [-78.8902374665808, 43.0411684273237], [-78.8902414834814, 43.0411769907437], [-78.8902427477524, 43.0411961946822], [-78.8902434737035, 43.0412009940927], [-78.8902318280257, 43.0412096000334], [-78.8902228188407, 43.0412082518807], [-78.8902224711369, 43.0412085959505], [-78.8902081323293, 43.0412165228657], [-78.8902077821756, 43.0412168670188], [-78.8901932002656, 43.0412227367841], [-78.8901889989025, 43.0412241196082], [-78.8901830430298, 43.0412251660037], [-78.8901811733783, 43.041225512366], [-78.8901691386879, 43.0412265739282], [-78.8901624757591, 43.0412265918732], [-78.8901489316038, 43.0412297153227], [-78.8901451970387, 43.0412307545231], [-78.8901380751676, 43.0412328310057], [-78.8901365607431, 43.0412338639529], [-78.8901328493024, 43.041239361845], [-78.890132391642, 43.0412414212406], [-78.8901326648846, 43.0412493089895], [-78.8901326888461, 43.04125411069], [-78.8901329398006, 43.0412578827552], [-78.8901340208583, 43.0412633669555], [-78.8901370695475, 43.041265416828], [-78.8901380546928, 43.0412753601713], [-78.8901498859756, 43.0412804729977], [-78.8901604083704, 43.0412807882498], [-78.8901663664243, 43.0412800866188], [-78.890172782974, 43.0412776686002], [-78.8901824788244, 43.0412762697935], [-78.8901904019381, 43.0412711039093], [-78.8901900571325, 43.041272133954], [-78.890197163736, 43.0412673136929], [-78.890203930494, 43.041264552418], [-78.8902125671257, 43.0412621272446], [-78.8902159539872, 43.0412614321117], [-78.8902319796717, 43.0412637910944], [-78.8902383155262, 43.0412685750916], [-78.8902482805635, 43.0412743789926], [-78.8902486563626, 43.0412795225562], [-78.890251501199, 43.0412870607525], [-78.8902548132854, 43.0412949413847], [-78.8902591741083, 43.0413021308519], [-78.8902609808021, 43.0413127584091], [-78.8902627565004, 43.0413172123581], [-78.8902649985543, 43.041321664836], [-78.8902664282238, 43.0413271488714], [-78.8902776666581, 43.0413302056392], [-78.8902790695125, 43.0413302028979], [-78.8902854980494, 43.0413301857228], [-78.890289241648, 43.0413308604942], [-78.8902933433767, 43.0413329078256], [-78.8902977989402, 43.0413356390885], [-78.8903006426176, 43.0413431782233], [-78.8903046645027, 43.0413527705817], [-78.8903060830264, 43.0413561967749], [-78.8903049427316, 43.0413616872708], [-78.8903037053111, 43.0413716369511], [-78.8903002481314, 43.0413812498375], [-78.8902982908817, 43.0413874281095], [-78.8902957247062, 43.0413884644523], [-78.8902908325009, 43.0413919074121], [-78.8902889741085, 43.0413943134147], [-78.8902896839545, 43.0413960260413], [-78.8902915592967, 43.0413970498302], [-78.8902963639081, 43.0413994387781], [-78.8902969798589, 43.0414059526155], [-78.8902958424628, 43.0414121290864], [-78.8902942403856, 43.041418993045], [-78.8902908857414, 43.0414258617469], [-78.8902882174184, 43.0414303274339], [-78.8902859146378, 43.0414371945392], [-78.8902843195271, 43.0414454295076], [-78.8902830643721, 43.0414516072863], [-78.8902811133062, 43.041458814458], [-78.8902777532521, 43.0414649963696], [-78.8902720734649, 43.0414746155947], [-78.8902712668213, 43.0414770182039], [-78.8902711783875, 43.0414825071032], [-78.8902727147269, 43.0414859328872], [-78.8902719191758, 43.0414903924396], [-78.8902714834872, 43.0414969114672], [-78.8902710228735, 43.0414982839898], [-78.8902682822239, 43.041511325359], [-78.8902683020161, 43.0415154402271], [-78.8902682184876, 43.0415219571696], [-78.8902714238127, 43.0415318942547], [-78.8902732165255, 43.041539778893], [-78.8902738126838, 43.0415421778623], [-78.8902811847115, 43.0415671963678], [-78.8902867053151, 43.0415723259435], [-78.8902937540129, 43.041579509436], [-78.8902974071334, 43.041585330139], [-78.8903018830119, 43.0415918350157], [-78.8903051851412, 43.0415976568635], [-78.8903121271809, 43.0416068986056], [-78.8903169577939, 43.0416144313197], [-78.8903187322816, 43.0416188853088], [-78.8903205311351, 43.0416277979474], [-78.8903260774593, 43.0416384161355], [-78.8903308807529, 43.0416408033259], [-78.8903449537451, 43.0416496825458], [-78.8903509287859, 43.0416524106952], [-78.8903560843565, 43.0416547975959], [-78.8903642878061, 43.0416588913533], [-78.8903721303353, 43.0416609283724], [-78.8903822170046, 43.041667760832], [-78.8903844433502, 43.0416687834737], [-78.8903873746406, 43.0416704906978], [-78.8903952250379, 43.0416742426316], [-78.8903995748665, 43.0416793760469], [-78.8904033438116, 43.0416848542681], [-78.8904095891272, 43.0416947823886], [-78.8904086213222, 43.0417115917307], [-78.890407372761, 43.0417194835699], [-78.8904072962767, 43.0417273724199], [-78.890409084831, 43.0417345702233], [-78.8904109882986, 43.0417410816422], [-78.8904119524733, 43.0417469101545], [-78.8904155348796, 43.0417619907542], [-78.8904207053573, 43.041767464476], [-78.8904225936023, 43.0417712330185], [-78.8904221611044, 43.0417780931739], [-78.8904213644509, 43.0417825545654], [-78.8904164068388, 43.0417959433241], [-78.890414796515, 43.0418014354175], [-78.8904251362535, 43.0418123829023], [-78.8904299581922, 43.0418178576855], [-78.8904303269844, 43.0418216293393], [-78.8904323689724, 43.0418325991221], [-78.8904319345259, 43.0418391181078], [-78.8904341150301, 43.041854546255], [-78.8904373084653, 43.0418620833821], [-78.8904408979724, 43.0418785367867], [-78.890443498086, 43.0418843600219], [-78.8904473368985, 43.0419038994729], [-78.8904528923655, 43.0419162325272], [-78.8904623382443, 43.041935070576], [-78.8904645199861, 43.0419504986803], [-78.890471754415, 43.0419714009127], [-78.8904731006182, 43.0419834018852], [-78.8904681215856, 43.0419930188703], [-78.8904634390001, 43.0420149822913], [-78.8904659274987, 43.0420218348351], [-78.8904677549621, 43.0420369211598], [-78.8904712349307, 43.0420547468383], [-78.8904753503326, 43.0420598801284], [-78.8904757033919, 43.0420602219493], [-78.8904604375936, 43.0420931897328], [-78.8904697231435, 43.04212677662], [-78.8904741081075, 43.0421387686721], [-78.890476532195, 43.0421559118123], [-78.8904809241933, 43.0421692757718], [-78.8904755962166, 43.0421792368699], [-78.8904752696343, 43.0422073617027], [-78.8904759047028, 43.0422176491931], [-78.8904745858647, 43.0422344587815], [-78.8904726538877, 43.0422454396115], [-78.8904703447988, 43.0422512760237], [-78.8904686848956, 43.0422701446405], [-78.8904648672248, 43.0422783868529], [-78.8904598128653, 43.0422958917473], [-78.8904491630186, 43.0423168419434], [-78.8904468449452, 43.0423209652775], [-78.890446682403, 43.0423353693545], [-78.8904469479457, 43.0423415439803], [-78.8904492144344, 43.0423504551007], [-78.890451283346, 43.0423669125551], [-78.8904540492872, 43.0423823387765], [-78.8904554000824, 43.0423957117396], [-78.8904519648105, 43.0424097833628], [-78.8904515211587, 43.0424145856767], [-78.8904443119194, 43.0424221501411], [-78.8904431592985, 43.042425583737], [-78.890433380553, 43.0424338416234], [-78.8904217325614, 43.0424421037251], [-78.8904148570223, 43.0424465811999], [-78.8904027683861, 43.0424603333855], [-78.8903975271149, 43.0424641195662], [-78.8903843738128, 43.042475130389], [-78.8903771410224, 43.0424785792091], [-78.8903557366157, 43.0424992157669], [-78.8903495891109, 43.0425088356127], [-78.8903435420762, 43.0425153683077], [-78.8903363618188, 43.042528764305], [-78.8903343189665, 43.0425411165528], [-78.8903281805455, 43.0425524512723], [-78.8903278324486, 43.0425531383925], [-78.8903168993044, 43.0425641429503], [-78.8903093378651, 43.0425717094928], [-78.8903043698618, 43.0425833834157], [-78.8903045584022, 43.0425977881448], [-78.8903044819118, 43.0426056769944], [-78.8903032576972, 43.0426180274818], [-78.8903020074361, 43.0426252333035], [-78.8902981330329, 43.0426454792286], [-78.8902968897982, 43.0426540569584], [-78.8902945687453, 43.0426574934168], [-78.8902933445284, 43.0426698439041], [-78.8902981885055, 43.0426797783209], [-78.8902994477812, 43.0426979515148], [-78.8902990112581, 43.0427041275334], [-78.8902967128483, 43.0427123639357], [-78.8902943062691, 43.0427219752675], [-78.8902935268845, 43.0427295225008], [-78.8902920202932, 43.0427322703676], [-78.8902847411475, 43.0427494386313], [-78.8902868150006, 43.0427669250304], [-78.89028662772, 43.0427761861975], [-78.8902851343435, 43.042781334872], [-78.8902846009704, 43.0427916252273], [-78.8902845204097, 43.042798829042], [-78.8902841094305, 43.0428104909792], [-78.8902840081181, 43.0428132351214], [-78.8902842921683, 43.0428235237584], [-78.8902959836207, 43.0428471581129], [-78.8902985258556, 43.0428649851079], [-78.8902998510312, 43.042872871256], [-78.8903038006718, 43.0428910383909], [-78.8903058786644, 43.0429092107221], [-78.8903049963578, 43.0429198451893], [-78.890304925673, 43.0429291059881], [-78.8903063715129, 43.0429376768028], [-78.8903075370274, 43.0429606530024], [-78.8903074531257, 43.0429675129935], [-78.8903100537239, 43.0429729940781], [-78.8903130077816, 43.0429795021435], [-78.8903187948423, 43.0429911484475], [-78.8903277220708, 43.0430000425895], [-78.8903303155869, 43.0430041508671], [-78.8903361952005, 43.043010994205], [-78.8903387912902, 43.0430161324056], [-78.8903420935092, 43.0430219542481], [-78.8903443236455, 43.0430240058715], [-78.890347994213, 43.043032913309], [-78.8903557439319, 43.0430400954384], [-78.8903652755513, 43.0430527595125], [-78.8903712639544, 43.0430578884624], [-78.8903771473193, 43.0430657607808], [-78.8903849015593, 43.043073285791], [-78.8903874935285, 43.0430777380571], [-78.8903882125506, 43.0430811664547], [-78.8903854568674, 43.0430911192049], [-78.890386554625, 43.0431003771382], [-78.8903898580784, 43.0431061989372], [-78.8903983230366, 43.0431157795792], [-78.8904053657456, 43.0431219341562], [-78.890412323275, 43.043133919657], [-78.8904166852717, 43.043141454814], [-78.8904196438637, 43.0431483057589], [-78.8904228633787, 43.0431609866489], [-78.8904243022118, 43.0431681855531], [-78.8904238537034, 43.0431719607223], [-78.8904201334291, 43.0431764280129], [-78.8904159539295, 43.0431822704801], [-78.8904094524689, 43.0431912055015], [-78.8904094557577, 43.0431915484264], [-78.8904083010597, 43.0431946390556], [-78.8904098357783, 43.0431973788186], [-78.8904150034827, 43.0432021665601], [-78.8904186584003, 43.0432086732703], [-78.8904216087972, 43.0432141532472], [-78.8904242069108, 43.0432196335132], [-78.8904261373369, 43.0432316326016], [-78.890426621001, 43.0432347169714], [-78.8904249400431, 43.0432494707617], [-78.8904281616869, 43.043262495516], [-78.8904299515263, 43.0432696932741], [-78.8904299552686, 43.0432707222571], [-78.89043094342, 43.0432813515668], [-78.8904331987914, 43.0432882048444], [-78.8904367764096, 43.0433022573936], [-78.8904397297165, 43.0433084233445], [-78.890441654343, 43.0433190504828], [-78.8904417200885, 43.0433324257791], [-78.8904438626702, 43.0433403093057], [-78.8904490494213, 43.0433488698018], [-78.8904515272652, 43.0433533223503], [-78.8904559243304, 43.0433677152467], [-78.890457361949, 43.0433749141917], [-78.8904549573274, 43.0433848666957], [-78.890453112951, 43.0433900165179], [-78.8904525788256, 43.0433999647626], [-78.8904539994772, 43.0434037339173], [-78.8904540205165, 43.0434078487421], [-78.8904572409523, 43.0434208735365], [-78.8904579687514, 43.0434263607558], [-78.8904603787331, 43.0434407582792], [-78.8904643970607, 43.04344932164], [-78.8904702867282, 43.0434582237492], [-78.8904792019927, 43.0434647161279], [-78.8904884658009, 43.0434701792337], [-78.8904963143205, 43.0434735872854], [-78.890501486242, 43.0434790618531], [-78.8904950083272, 43.0434931407291], [-78.890491100456, 43.0435061849264], [-78.8904911103931, 43.0435082428088], [-78.8904910145139, 43.0435127019499], [-78.8904906858342, 43.0435168187774], [-78.8904864921978, 43.0435199165337], [-78.8904822977784, 43.0435226721802], [-78.8904706504373, 43.0435312773016], [-78.8904695039379, 43.0435357388991], [-78.8904679018421, 43.0435426028596], [-78.8904675719359, 43.0435467197288], [-78.8904624882009, 43.0435587379336], [-78.8904632278901, 43.0435666242048], [-78.8904634842381, 43.0435710821582], [-78.8904638662763, 43.0435772546177], [-78.8904660042321, 43.0435837652536], [-78.8904666621637, 43.0435988553796], [-78.8904670173536, 43.043599541065], [-78.8904694223788, 43.0436129096464], [-78.8904733576815, 43.0436286760044], [-78.8904744306824, 43.0436327901278], [-78.8904770291495, 43.043637926443], [-78.890481047109, 43.0436468328523], [-78.8904817848515, 43.0436543779535], [-78.8904815995581, 43.0436639802883], [-78.890483491163, 43.0436680917512], [-78.8904836458262, 43.0436756368961], [-78.8904837806148, 43.0436790662763], [-78.8904836706126, 43.0436807807036], [-78.8904840506466, 43.0436866110948], [-78.8904846820629, 43.043695870498], [-78.8904876361791, 43.0437023785562], [-78.890489763037, 43.0437068322491], [-78.8904931728072, 43.0437109388425], [-78.8904941440108, 43.0437181383603], [-78.8904945112042, 43.0437212248944], [-78.8904929289266, 43.0437322037214], [-78.8904927474933, 43.0437428368358], [-78.8904927776918, 43.0437486674329], [-78.8904925933543, 43.0437586145726], [-78.8904926152946, 43.0437630733038], [-78.8904935087609, 43.0437781608124], [-78.8904919207874, 43.0437877694868], [-78.89048623666, 43.0437967018952], [-78.8904832395807, 43.0438052844162], [-78.8904781578956, 43.0438176455885], [-78.8904774698942, 43.0438203907977], [-78.8904736525287, 43.0438282899625], [-78.890472403113, 43.0438358387933], [-78.8904724080817, 43.0438368677345], [-78.8904689487535, 43.0438461376607], [-78.890468149966, 43.0438502551873], [-78.8904621110805, 43.043858159758], [-78.8904537370432, 43.0438667569756], [-78.8904522225626, 43.0438677899291], [-78.8904451318807, 43.0438756978955], [-78.8904415625431, 43.0438866822483], [-78.8904412235948, 43.0438890851416], [-78.8904257517169, 43.0439042166189], [-78.890424587073, 43.0439052493661], [-78.8904206820135, 43.0439189786381], [-78.8904198964472, 43.0439254969717], [-78.8904220311807, 43.0439316655815], [-78.8904249844642, 43.0439378306327], [-78.8904298070943, 43.0439439923644], [-78.8904353238091, 43.0439484359895], [-78.8904436292699, 43.0439494425362], [-78.8904495846721, 43.043948054906], [-78.8904555387923, 43.0439466664188], [-78.8904694375427, 43.0439442295368], [-78.8904840502502, 43.0439441903111], [-78.89049035744, 43.0439431436424], [-78.8905019250513, 43.0439420835406], [-78.8905199206313, 43.0439406632305], [-78.8905255307772, 43.0439406477936], [-78.8905330188565, 43.0439416569529], [-78.8905381675973, 43.0439426719293], [-78.8905407736316, 43.0439498671062], [-78.890548898954, 43.0439615076157], [-78.8905490416233, 43.0439666519113], [-78.8905483556889, 43.0439697400872], [-78.8905497854622, 43.0439752241137], [-78.8905527499829, 43.0439834478999], [-78.8905530121517, 43.0439892778018], [-78.8905533872261, 43.0439940792511], [-78.8905529364877, 43.0439975087586], [-78.8905528799214, 43.04400951337], [-78.890552793149, 43.0440156873847], [-78.8905515540662, 43.0440249510483], [-78.8905514702558, 43.0440318119361], [-78.8905532651087, 43.0440400386311], [-78.8905584428402, 43.0440468842446], [-78.8905643175593, 43.0440526977253], [-78.8905747756073, 43.0440636456659], [-78.8905798466909, 43.0440725495285], [-78.89058019982, 43.0440728922469], [-78.8905935115104, 43.0440934344909], [-78.8905989584622, 43.0441074819111], [-78.8906048473782, 43.0441160410012], [-78.89061884217, 43.0441328099892], [-78.890625553447, 43.0441423953991], [-78.8906321560099, 43.0441536960924], [-78.8906372312411, 43.0441632858846], [-78.8906413517825, 43.0441694481022], [-78.8906444668839, 43.0441845310955], [-78.8906481471358, 43.0441958394494], [-78.8906557341789, 43.0442167404626], [-78.8906578908461, 43.0442273668983], [-78.8906588820276, 43.0442386830755], [-78.8906626753538, 43.0442726280049], [-78.8906626823351, 43.0442739990138], [-78.8906625013204, 43.0442842890768], [-78.8906661923688, 43.0442979983196], [-78.8906682403265, 43.0443103400388], [-78.8906770714896, 43.0443230072248], [-78.8906835207874, 43.0443504277574], [-78.8906858743951, 43.0443768307791], [-78.8906887423113, 43.0443891715904], [-78.8906886737078, 43.0443987744535], [-78.8906885220961, 43.0444155803132], [-78.8906856879821, 43.0444330798473], [-78.8906830377835, 43.0444409752932], [-78.89067876482, 43.0444512768283], [-78.8906812655294, 43.044460531107], [-78.8906808508893, 43.0444711640578], [-78.8906787981813, 43.044481459325], [-78.8906843269765, 43.0444883037834], [-78.8906889983961, 43.0445109274122], [-78.8906954469976, 43.0445380067312], [-78.8906965376902, 43.0445458909528], [-78.8906970753056, 43.0445599515603], [-78.8907010368367, 43.0445808625665], [-78.8907031828545, 43.0445890899071], [-78.8907037278959, 43.0446041793719], [-78.8907051734068, 43.0446130923272], [-78.8907297621229, 43.0446912255991], [-78.8907199115759, 43.0447084004082], [-78.8907194680554, 43.0447132045183], [-78.8907145805976, 43.044717676445], [-78.8907039790685, 43.044724906248], [-78.8907024604967, 43.0447252541709], [-78.8906973158196, 43.0447249251375], [-78.890693112169, 43.044725965022], [-78.8906917113605, 43.0447263116362], [-78.8906867160263, 43.0447328418537], [-78.8906833310487, 43.0447338799738], [-78.8906799431637, 43.0447342321194], [-78.8906739806534, 43.0447342478569], [-78.8906732806979, 43.0447345931172], [-78.8906649924965, 43.044736673331], [-78.8906612601987, 43.0447387406816], [-78.8906590419978, 43.0447390899159], [-78.8906530009925, 43.0447466515318], [-78.8906480168231, 43.0447552395879], [-78.8906460508622, 43.0447593608408], [-78.8906442023374, 43.0447638247333], [-78.8906415434017, 43.0447696622551], [-78.8906343447174, 43.044779627629], [-78.8906316767328, 43.0447837511753], [-78.8906262369052, 43.0447947406956], [-78.8906213635107, 43.0448019564334], [-78.8906106810641, 43.0448167330901], [-78.8906076690463, 43.0448222287916], [-78.8906046532808, 43.0448266955105], [-78.8906016421027, 43.04483253422], [-78.8906000209509, 43.0448356254263], [-78.8905970089313, 43.0448411211276], [-78.8905955093465, 43.0448452409064], [-78.8905984619138, 43.0448510638403], [-78.8905976701647, 43.0448565532748], [-78.890597228643, 43.0448616994528], [-78.8905985720686, 43.0448730144412], [-78.8905982260292, 43.0448740445288], [-78.890598039596, 43.0448836478019], [-78.8905984245718, 43.0448905062335], [-78.8905975303594, 43.0448987407494], [-78.8905948623677, 43.0449028642951], [-78.8905880246173, 43.0449148864018], [-78.8905860767976, 43.044922436503], [-78.8905773744258, 43.0449358366184], [-78.8905742569727, 43.0449433905278], [-78.8905723196075, 43.0449536854671], [-78.8905708191213, 43.0449574613391], [-78.8905662764496, 43.0449609032146], [-78.8905598022068, 43.0449749837687], [-78.890559276765, 43.0449869890367], [-78.8905591841867, 43.0449917911016], [-78.8905599160979, 43.0449979633523], [-78.8905598313407, 43.0450044794343], [-78.8905578682731, 43.0450092866605], [-78.8905548712138, 43.0450178700823], [-78.8905551415996, 43.0450250709505], [-78.8905588127941, 43.0450346644308], [-78.8905598808035, 43.0450377487121], [-78.890560956634, 43.0450425470104], [-78.8905627473964, 43.0450500877702], [-78.8905667737946, 43.0450603669347], [-78.8905704201339, 43.0450648157099], [-78.8905740905497, 43.0450740670799], [-78.8905774048682, 43.0450822888586], [-78.8905861572517, 43.0451028449759], [-78.8905845347542, 43.0451059344271], [-78.8905912403871, 43.0451141487832], [-78.8905945468883, 43.0451206565442], [-78.8905967883406, 43.0451247668973], [-78.8906040959499, 43.0451367512678], [-78.8906073974812, 43.0451422300874], [-78.8906076675476, 43.0451497749033], [-78.8906102629219, 43.0451545700837], [-78.890612500572, 43.0451576505554], [-78.89061275488, 43.0451617655404], [-78.8906131220364, 43.0451648511745], [-78.8906131237183, 43.0451655371907], [-78.8906153602009, 43.0451686186024], [-78.8906197305345, 43.0451775238118], [-78.8906223250701, 43.0451819759837], [-78.8906275029146, 43.0451888215889], [-78.8906282136624, 43.0451908772186], [-78.8906304500899, 43.0451939577314], [-78.8906332889905, 43.0452004670063], [-78.8906358951567, 43.0452076630757], [-78.8906376780541, 43.0452134889183], [-78.8906391102653, 43.0452189719595], [-78.8906394791626, 43.045222744508], [-78.8906397434196, 43.0452289173746], [-78.8906411901676, 43.045237830288], [-78.8906415632544, 43.0452422896677], [-78.8906422743303, 43.045244001349], [-78.8906443405398, 43.0452597728131], [-78.8906439127737, 43.0452680067537], [-78.8906422998217, 43.0452724689279], [-78.8906423217245, 43.0452769267592], [-78.8906424913457, 43.0452875587238], [-78.8906425232523, 43.0452940753352], [-78.8906427866692, 43.0452999051937], [-78.89064269494, 43.0453050502663], [-78.890641897491, 43.0453091695487], [-78.8906419185528, 43.0453132843719], [-78.890641919394, 43.04531362738], [-78.8906419214601, 43.0453139703464], [-78.8906426462893, 43.0453187697902], [-78.8906436196724, 43.0453263131684], [-78.8906476568368, 43.0453389923198], [-78.8906490010728, 43.0453506494157], [-78.890648927613, 43.0453592251339], [-78.8906507154907, 43.0453660799167], [-78.8906550734482, 43.0453729273254], [-78.8906558954215, 43.045373268486], [-78.8906580293412, 43.0453790931808], [-78.890658313497, 43.0453893818104], [-78.8906604482589, 43.0453955495132], [-78.8906656555131, 43.0454078827026], [-78.8906662674982, 43.0454137114971], [-78.8906706396556, 43.0454233045162], [-78.8906735913634, 43.0454287835399], [-78.8906776074773, 43.0454373478665], [-78.8906850258676, 43.0454479590134], [-78.8906858475155, 43.045448644122], [-78.8906920804457, 43.0454558283494], [-78.890696075498, 43.0454602778522], [-78.890702418043, 43.0454660907017], [-78.8907060595002, 43.0454695114286], [-78.8907082980091, 43.0454729349057], [-78.8907097278413, 43.0454784189272], [-78.8907125493343, 43.0454818405617], [-78.8907134899727, 43.0454825243197], [-78.8907167791346, 43.0454859453367], [-78.8907215960524, 43.0454907342017], [-78.8907245295515, 43.0454927834768], [-78.8907316746928, 43.0454955086777], [-78.8907361173479, 43.0454958391032], [-78.8907398675216, 43.0454975445452], [-78.8907446835433, 43.0455019895027], [-78.8907478809886, 43.0455105555909], [-78.8907501166497, 43.045513293991], [-78.8907523560616, 43.0455170613735], [-78.8907537700735, 43.0455191146656], [-78.8907601043627, 43.0455235556461], [-78.8907682096691, 43.0455314234147], [-78.8907726726703, 43.0455355274502], [-78.8907757257359, 43.045538263228], [-78.8907879379443, 43.04554920544], [-78.890790519591, 43.0455509128527], [-78.8907963813544, 43.0455543273047], [-78.8908098467152, 43.045558749664], [-78.8908228407138, 43.0455621445556], [-78.8908274062294, 43.0455635044061], [-78.8908356032047, 43.0455662261989], [-78.8908444923142, 43.0455668887129], [-78.8908460118048, 43.0455668846939], [-78.8908505702197, 43.045566871738], [-78.8908550120378, 43.0455668591506], [-78.8908609755276, 43.0455671873069], [-78.8908640157337, 43.0455671792266], [-78.8908677575884, 43.0455675119004], [-78.8908732525097, 43.0455674967676], [-78.8908774570558, 43.0455667998825], [-78.8908897270491, 43.0455657383329], [-78.8908980165765, 43.0455636580573], [-78.8909066679179, 43.0455639775226], [-78.8909167324917, 43.0455660081674], [-78.8909234058447, 43.0455680480412], [-78.8909319497041, 43.0455700827464], [-78.8909379135195, 43.0455700669505], [-78.8909513577521, 43.0455703735721], [-78.8909574298923, 43.0455689855413], [-78.8909633800175, 43.0455669110896], [-78.8909705002809, 43.045564491572], [-78.8909813632416, 43.045562747732], [-78.8909884892697, 43.0455616992634], [-78.8910015779436, 43.0455606359353], [-78.8910224992164, 43.0455598929306], [-78.8910386238439, 43.0455581337842], [-78.8911365820262, 43.0455335199549], [-78.8912444663925, 43.0457403897031], [-78.8912483551411, 43.0457465525874], [-78.8912539239959, 43.045761628533], [-78.891261530187, 43.045786645289], [-78.8912742616531, 43.0458075331356], [-78.8913229382063, 43.0458633085065], [-78.8913452069325, 43.0458749093928], [-78.8913658699257, 43.0458923461604], [-78.8913761823601, 43.0459207848492], [-78.8913766709, 43.0459482228516], [-78.8913736926612, 43.045983901049], [-78.8913781715638, 43.0460144138414], [-78.8913847227449, 43.0460620700219], [-78.8914019913048, 43.0461021520542], [-78.8914243213104, 43.0461490800136], [-78.8914433115297, 43.0461829845704], [-78.8914756557783, 43.0462453196584], [-78.8914967900158, 43.0462871058599], [-78.8915010510284, 43.0462973833016], [-78.8915123351627, 43.0463330241673], [-78.8915287731477, 43.0463707070971], [-78.8915592855675, 43.0464172708356], [-78.8915791180636, 43.0464323084787], [-78.8915892738015, 43.0464528590376], [-78.8915922976461, 43.0464730870563], [-78.8916078650996, 43.0465001402745], [-78.8916209474891, 43.0465213699694], [-78.8916529944938, 43.0465710155673], [-78.8916870859028, 43.0466089949095], [-78.8917066048733, 43.0466312361728], [-78.8917201619566, 43.0466538353409], [-78.8917236836468, 43.0466569134751], [-78.8917502423475, 43.0466609582222], [-78.8917872947595, 43.0466598286499], [-78.891814182057, 43.0466597565552], [-78.8918254044941, 43.0466593833418], [-78.8918495612058, 43.0466744087149], [-78.891869106178, 43.0466788147601], [-78.8919168258694, 43.0467064673409], [-78.8919373723394, 43.046724247405], [-78.8919584621567, 43.04673345015], [-78.8919561964646, 43.0467478628286], [-78.8919556654029, 43.0467584952442], [-78.8919610908784, 43.0467680838482], [-78.8919949003621, 43.0467727954433], [-78.8920085000592, 43.0467803031141], [-78.8920373262585, 43.0468172687065], [-78.8920556624019, 43.0468371120248], [-78.8920676922734, 43.0468580011658], [-78.8920940374476, 43.0468665044779], [-78.8921210958994, 43.0468770633173], [-78.8921446636034, 43.0468910624721], [-78.8921631480088, 43.0469167359469], [-78.8921830299783, 43.0469417198596], [-78.8922138637772, 43.046982450751], [-78.8922405209334, 43.047006387253], [-78.8924495281743, 43.0473123765507], [-78.8924549148664, 43.0474094182769], [-78.8925374857024, 43.0474768398291], [-78.8925559683837, 43.047502170259], [-78.8925616557619, 43.047540568587], [-78.8925664026922, 43.0475546181423], [-78.8925910330067, 43.0475703286002], [-78.8925999824699, 43.0475833373367], [-78.8926003103643, 43.0476022003825], [-78.8925912192325, 43.047631035232], [-78.8925866983868, 43.0476615736339], [-78.8925888627856, 43.0476968938969], [-78.8926104063322, 43.0477270170982], [-78.8925981523196, 43.0477311674207], [-78.8925773229039, 43.0477504306648], [-78.8925775694266, 43.047752830726], [-78.8925788225577, 43.0477696328453], [-78.8925872533127, 43.0477956766355], [-78.8926028507762, 43.0478285603101], [-78.8926199818141, 43.0478408617662], [-78.8926505646179, 43.0478548406273], [-78.8926641182432, 43.0478767546224], [-78.8926697160858, 43.0478973189912], [-78.8926818398397, 43.0479370709767], [-78.8927118147918, 43.0479928957808], [-78.89274692602, 43.048046992483], [-78.8927643678765, 43.0480747253762], [-78.8927995161329, 43.0481130456194], [-78.8928382044446, 43.048157870989], [-78.8928699290973, 43.0481896812045], [-78.8929082623776, 43.0482338226675], [-78.8929282871554, 43.0482636076916], [-78.892940660398, 43.0482831245951], [-78.8929769834858, 43.0483224680805], [-78.8930152838514, 43.0483834149171], [-78.8930422582599, 43.0484234703363], [-78.8930773336355, 43.0484703634853], [-78.8931005578156, 43.0485087153293], [-78.8931258364321, 43.0485371139396], [-78.8931611380441, 43.0485826344105], [-78.8931790647754, 43.0486141403258], [-78.8932033329916, 43.0486507738072], [-78.8932362704768, 43.0486908123868], [-78.8932839640845, 43.0487366426025], [-78.8933186009656, 43.0487660449465], [-78.8933582955854, 43.048801607173], [-78.8933856348125, 43.0488214262278], [-78.8934163775859, 43.0488436368068], [-78.8934799498487, 43.0488846221996], [-78.8935281543529, 43.0489157023393], [-78.8935456582511, 43.0489321181904], [-78.8935714638026, 43.0489491974465], [-78.893592354534, 43.0489652601932], [-78.8936397551342, 43.0489987446231], [-78.8936944581361, 43.0490431824625], [-78.8937379352734, 43.0490636445068], [-78.8937644278539, 43.0490776336872], [-78.8937964075013, 43.0490902384087], [-78.8938288688633, 43.0491055827029], [-78.8938855972834, 43.0491342401783], [-78.8939168760243, 43.0491468453408], [-78.8939481220263, 43.0491762567978], [-78.8939835983432, 43.0492097728782], [-78.8940092551012, 43.0492433147529], [-78.894029612157, 43.0492696686923], [-78.8940669601088, 43.0493035234247], [-78.8940895522893, 43.049309291923], [-78.8941371534025, 43.0493359148815], [-78.8941537709141, 43.0493389563104], [-78.8941910287904, 43.0493549761734], [-78.8942343539559, 43.0493685770727], [-78.8942498340333, 43.0493781380296], [-78.8942787139052, 43.0494017254817], [-78.8943031471173, 43.0494249818779], [-78.8943292617029, 43.0494564642624], [-78.8943521876005, 43.0494821264546], [-78.8943759548117, 43.0495119016172], [-78.8943953070568, 43.0495241955265], [-78.8944379646859, 43.0495446573184], [-78.8944636047336, 43.0495747710931], [-78.8944803469801, 43.0496025059489], [-78.8945030834533, 43.0496367432747], [-78.8945260076505, 43.0496617176151], [-78.8945716661722, 43.0496976064568], [-78.8946426715941, 43.0497519467608], [-78.8946681514824, 43.0497734855333], [-78.894703467078, 43.0497984282492], [-78.8947208191355, 43.0498079829594], [-78.8947773721055, 43.0498479580635], [-78.8948186599558, 43.049874598738], [-78.8948674341417, 43.0499022465259], [-78.8949114497751, 43.0499134448832], [-78.8949516146955, 43.0499260259768], [-78.8949961253578, 43.0499427104166], [-78.8950399836849, 43.0499693444237], [-78.8950852014773, 43.0499870545421], [-78.8951271680938, 43.0500092341009], [-78.8951543666034, 43.0500239092723], [-78.8951887016316, 43.0500395926647], [-78.8952223152402, 43.0500515056292], [-78.8953129348227, 43.050100304153], [-78.895365947054, 43.050133429089], [-78.8954055439436, 43.0501494408419], [-78.8954701278311, 43.0501821901576], [-78.895513134508, 43.0502019670747], [-78.8955350518899, 43.050212538289], [-78.8955686489097, 43.0502440011907], [-78.8955835889824, 43.0502621382765], [-78.8955925812237, 43.0502833781852], [-78.8956304307244, 43.0503237464932], [-78.8956621643137, 43.0503565856166], [-78.895677762047, 43.0503891258052], [-78.8957224337364, 43.0504143848802], [-78.8957652821841, 43.0504259288187], [-78.8957931049394, 43.0504484903976], [-78.8958005645747, 43.0504669905306], [-78.8958114556529, 43.0504707338511], [-78.8958333073604, 43.0504915965377], [-78.8958625321866, 43.0505138095776], [-78.8958907089742, 43.0505370550384], [-78.8959298482006, 43.0505781058607], [-78.8959554965344, 43.0506095902536], [-78.8959716602744, 43.0506386996456], [-78.8959883376043, 43.050676723976], [-78.8960110118285, 43.0507212497038], [-78.8960227131108, 43.0507462552449], [-78.8960484193909, 43.0507893999772], [-78.8960825932124, 43.0508191458815], [-78.8961062166864, 43.0508207974894], [-78.8961358452835, 43.0508303196497], [-78.8961687898927, 43.0508487503239], [-78.8962032586872, 43.0508675197735], [-78.8962329929496, 43.0508983056611], [-78.8962526409245, 43.0509222614064], [-78.8962921367684, 43.050964339854], [-78.8963522337249, 43.0510108208537], [-78.8963822803714, 43.0510340609537], [-78.8964243145248, 43.0510692731059], [-78.8964738221159, 43.0511027493132], [-78.8965613569296, 43.0511649322947], [-78.8966318245702, 43.0512048677391], [-78.8967068608116, 43.0512461626455], [-78.896766871296, 43.0512758384898], [-78.8968065816748, 43.0512911634069], [-78.8968732073762, 43.0513108726274], [-78.8969065549862, 43.0513162701663], [-78.8969321046986, 43.0513285476606], [-78.8969665994258, 43.0513524615367], [-78.8969819248185, 43.0513544760897], [-78.8970149103002, 43.0513574729876], [-78.8970437388342, 43.0513707703846], [-78.8970883812544, 43.0513898552591], [-78.8971344572065, 43.0514151090962], [-78.8971607417468, 43.0514339007763], [-78.8971941864632, 43.0514585040535], [-78.8972171349786, 43.0514879373825], [-78.897245026461, 43.0515235307359], [-78.8972740670141, 43.0515553475059], [-78.8973438826322, 43.0516048881508], [-78.8974042939979, 43.0516441658036], [-78.8974687350793, 43.0516714266562], [-78.8975238150508, 43.0516966559339], [-78.8975677145715, 43.0517078536129], [-78.8976177841646, 43.051713547613], [-78.8976661136479, 43.0517223315506], [-78.8977005146269, 43.0517277244374], [-78.8977698098778, 43.0517436551045], [-78.8978301251292, 43.0517640670093], [-78.8978803963763, 43.0517865663957], [-78.8979188967013, 43.0517936624122], [-78.8980242822655, 43.0518479073109], [-78.8980749836882, 43.0518858384736], [-78.8981114775626, 43.0519121471786], [-78.8981434423063, 43.0519442988398], [-78.8981803974171, 43.0519918717428], [-78.8981983830928, 43.052011029124], [-78.8982266549809, 43.0520524516751], [-78.8982576284214, 43.0520966118792], [-78.8982817576744, 43.0521280989391], [-78.8983148170606, 43.0521681363542], [-78.8983374791208, 43.0522099177262], [-78.8983651013842, 43.0522616309834], [-78.8983786951533, 43.0522907475671], [-78.89841173083, 43.0523719420121], [-78.8984319180545, 43.0524325946603], [-78.8984586672621, 43.0524736774437], [-78.8984682120217, 43.0525110371755], [-78.8984849543967, 43.0525610651739], [-78.8985091564564, 43.0526073002584], [-78.8985392739881, 43.0526435727377], [-78.8985690619109, 43.0526843060218], [-78.8986014844308, 43.052737035811], [-78.8986361083119, 43.0527856433755], [-78.8986689829241, 43.0528356278352], [-78.8986957563507, 43.0528811701051], [-78.8987171473115, 43.0529030617476], [-78.8987573301739, 43.0529869807055], [-78.8987624098974, 43.0530202367647], [-78.898800295421, 43.053112393131], [-78.8988342639971, 43.0531699203244], [-78.8988794473275, 43.0532260438461], [-78.8989140415487, 43.0532691637536], [-78.8989540250962, 43.0533143272435], [-78.8989968509757, 43.0533663417926], [-78.8990356792897, 43.0534142520466], [-78.899072664616, 43.0534676543301], [-78.8991099664686, 43.0535138537442], [-78.8991663654498, 43.0535682312964], [-78.899215033144, 43.0535969081302], [-78.899245783552, 43.0535971661262], [-78.8993131609751, 43.0536034968453], [-78.8993497311775, 43.0535985934443], [-78.8993945557733, 43.053584407474], [-78.8994266277592, 43.0535688856741], [-78.8994721821543, 43.0535601840562], [-78.8995058224295, 43.0535539184112], [-78.8995426052677, 43.0535675352488], [-78.8995636052685, 43.0535818833698], [-78.8995783337854, 43.053603793331], [-78.8995697935758, 43.0536254232546], [-78.8995389613084, 43.0536550059874], [-78.8994994350192, 43.0536763797291], [-78.8994766929523, 43.053687418103], [-78.8994325695302, 43.0537012587501], [-78.8994026955284, 43.0537123172023], [-78.8993811497688, 43.0537288393264], [-78.8993984188402, 43.0537449120304], [-78.899409713356, 43.0537585991881], [-78.8994398556139, 43.0537996739834], [-78.899455750595, 43.0538212371316], [-78.8994711801484, 43.0538431465919], [-78.8995020160792, 43.0538828462611], [-78.8995114411784, 43.0538965395817], [-78.899523602917, 43.0539198291569], [-78.8995352661335, 43.0539369457858], [-78.8995622969247, 43.0539639659085], [-78.8995769795674, 43.0539776445655], [-78.8995945907228, 43.0539916572512], [-78.8996389569362, 43.0540248033132], [-78.8996862324073, 43.0540555415542], [-78.8997353623726, 43.0540828446458], [-78.8997634464695, 43.0540872252982], [-78.8997758157845, 43.0540827326342], [-78.8997929871075, 43.0540795985864], [-78.8998135484882, 43.0540767972147], [-78.8998338565898, 43.0540921754974], [-78.8998598250119, 43.0541174842121], [-78.8998958968435, 43.0541520242958], [-78.8999330951124, 43.0541783317694], [-78.8999604999349, 43.0542098093044], [-78.8999842139959, 43.0542282648809], [-78.9000198904736, 43.0542542326097], [-78.9000581459646, 43.0542815654791], [-78.9000841242205, 43.05430824505], [-78.9001276885163, 43.0543448234404], [-78.9001513930192, 43.0543619080633], [-78.9001814533802, 43.0543868618511], [-78.9002118884337, 43.0544166161522], [-78.9002610552684, 43.0544507784783], [-78.9003135822565, 43.0544794428524], [-78.9003518568123, 43.0545102053321], [-78.900386124472, 43.05453480477], [-78.9004278050185, 43.0545686445308], [-78.9004532773824, 43.0545881231188], [-78.9005044658009, 43.0546291391794], [-78.9005420241301, 43.054656816208], [-78.9005656181939, 43.0546752712553], [-78.9006159386151, 43.0547063436362], [-78.9006696389357, 43.0547356916778], [-78.9007047954372, 43.0547513696474], [-78.9007465650183, 43.0547797212731], [-78.9007935127253, 43.0548142328288], [-78.9008295087875, 43.0548340255431], [-78.9008715137797, 43.0548627184243], [-78.9009008644162, 43.0548859603584], [-78.9009256443424, 43.0549071560497], [-78.9009643807116, 43.0549368869506], [-78.9010330170463, 43.054983000069], [-78.9010574335412, 43.0550017960813], [-78.9010946361185, 43.0550284451571], [-78.9011352790359, 43.0550646880184], [-78.9011690616418, 43.0550862011453], [-78.9012129545204, 43.0551179761925], [-78.9012501821507, 43.0551494268667], [-78.9012745975534, 43.0551682228689], [-78.9012986859746, 43.0551914795949], [-78.9013425956606, 43.0552263404419], [-78.9013748643086, 43.055248545351], [-78.9014030307361, 43.055269044581], [-78.9014502281356, 43.0552843490184], [-78.9014810046082, 43.0552890649859], [-78.90154013493, 43.0553057059423], [-78.9016000148059, 43.0553086268411], [-78.9016420032998, 43.0553112537553], [-78.9016730294466, 43.0553193987095], [-78.9016948036603, 43.0553248262653], [-78.9017401211441, 43.0553380762323], [-78.9017697649006, 43.0553503406787], [-78.9018132313569, 43.0553673677956], [-78.9018604675381, 43.0553898735951], [-78.9018886187196, 43.0554072867998], [-78.9019358321212, 43.0554253338764], [-78.9019726029381, 43.0554365499768], [-78.9019860849395, 43.0554433716802], [-78.9020457064328, 43.0554641273387], [-78.9020861031727, 43.0554756760626], [-78.9021366727638, 43.0554871970011], [-78.9021674627828, 43.0554946566084], [-78.9021943670501, 43.0554973239523], [-78.9022554773542, 43.0555119026273], [-78.9022805362636, 43.0555190357172], [-78.902307154225, 43.0555340531069], [-78.9023323641631, 43.055547701414], [-78.9023641925466, 43.055552757567], [-78.9024054365216, 43.0555694479935], [-78.9024264149418, 43.0555793359449], [-78.9024669632776, 43.0555970585064], [-78.9024902127017, 43.0556162001868], [-78.9025168340597, 43.0556315595467], [-78.9025518188749, 43.0556589015277], [-78.9025736819639, 43.0556811328452], [-78.9026070197439, 43.0557067636597], [-78.9026303754932, 43.0557238470646], [-78.9026525627101, 43.0557409352608], [-78.9026739383949, 43.0557593963035], [-78.9027046870331, 43.05578126019], [-78.9027249992126, 43.0557976678176], [-78.9027516497088, 43.0558188577391], [-78.902777591977, 43.0558386780913], [-78.9028061011617, 43.0558571196512], [-78.902841858815, 43.0558758835532], [-78.9028578064966, 43.0558847556817], [-78.9028744784336, 43.0558977429119], [-78.9029020852267, 43.0559230462786], [-78.9029380234176, 43.0559538138463], [-78.9029641203106, 43.0559804931959], [-78.9029879855618, 43.0560058072939], [-78.9030224154126, 43.0560389798881], [-78.9030542530993, 43.0560677014135], [-78.9030866610533, 43.0560943632417], [-78.9031175285677, 43.0561169144281], [-78.9031446378022, 43.0561360438753], [-78.9031843895937, 43.0561582267443], [-78.9032084582754, 43.0561773664004], [-78.9032450842375, 43.0562053876958], [-78.9032835915612, 43.0562354632525], [-78.9033171601144, 43.0562604071026], [-78.9033388737394, 43.0562761220894], [-78.9033746664844, 43.0563014041077], [-78.9033948613121, 43.0563174662834], [-78.903421815413, 43.0563293963062], [-78.9034520507009, 43.0563426872175], [-78.9034785538526, 43.0563577037493], [-78.903535347864, 43.0563966451824], [-78.9035581020711, 43.0564103005759], [-78.9035983408606, 43.0564359114271], [-78.9036481857611, 43.0564652682071], [-78.9036766964149, 43.0564840525311], [-78.9037108183292, 43.0565028207177], [-78.9037570131294, 43.0565273852999], [-78.9037795455354, 43.0565434422752], [-78.9037973687508, 43.0565529965901], [-78.9038396003826, 43.0565796305035], [-78.9038876778185, 43.0566062483521], [-78.9039187373744, 43.0566205661951], [-78.9039730273569, 43.0566502535548], [-78.9040074857543, 43.0566662757711], [-78.9040467447407, 43.0566829721904], [-78.9040815500153, 43.0566983081652], [-78.9041216284844, 43.0567156887417], [-78.9041582941949, 43.0567289614345], [-78.9041866529791, 43.0567408873973], [-78.9042039872829, 43.0567466678501], [-78.9042291405654, 43.0567493423163], [-78.9042719074813, 43.0567667147138], [-78.9042938200853, 43.0567759122362], [-78.9043186465486, 43.0567830465129], [-78.9043487214898, 43.056788107098], [-78.9043881465386, 43.0567921107955], [-78.9044148352566, 43.0567978677983], [-78.9044683607743, 43.056815209237], [-78.9044928265632, 43.056820628015], [-78.9045489122696, 43.0568359047494], [-78.9045925655685, 43.0568436705416], [-78.9046294512207, 43.0568541993814], [-78.9046482971673, 43.0568582624508], [-78.9046815737603, 43.056871545444], [-78.9047094584471, 43.0568824421622], [-78.904743759722, 43.0568905769948], [-78.9047855674483, 43.0569031497607], [-78.9048135593141, 43.0569123321125], [-78.9048421317979, 43.0569201404791], [-78.9048759611132, 43.0569275909225], [-78.9049126829507, 43.0569292036323], [-78.9049460152516, 43.0569308232223], [-78.905008392861, 43.056941624219], [-78.9050420132093, 43.0569535331185], [-78.9050638987818, 43.0569575885773], [-78.9050863737852, 43.056962669202], [-78.9051244232742, 43.0569718219763], [-78.9051485516968, 43.0569799865262], [-78.9051660049765, 43.0569861103033], [-78.9052005187798, 43.0569901303065], [-78.9052417035021, 43.0569951584979], [-78.9052710893129, 43.0570022780974], [-78.9052885522644, 43.0570101185054], [-78.9053078973962, 43.057020353457], [-78.9053274425048, 43.0570237280545], [-78.9053844703974, 43.0570177372585], [-78.9054085766425, 43.0570217851794], [-78.9054490635509, 43.057027501609], [-78.9054875974623, 43.0570400824697], [-78.9055163117191, 43.0570530358613], [-78.9055337736706, 43.057060531429], [-78.9055618048296, 43.0570769160074], [-78.9056149081304, 43.0571031749633], [-78.9056488178059, 43.0571257169105], [-78.9056717177105, 43.0571448590733], [-78.9056942698748, 43.0571643444488], [-78.9057200695944, 43.0571790198528], [-78.9058196050624, 43.0572072074921], [-78.9059217681611, 43.0572686553378]]]}, "properties": {"id": "us-nys-boa-8", "name": "City of North Tonawanda", "layer": "planning", "categories": ["BROWNFIELD"], "freshness": "HISTORICAL", "source": {"name": "New York State GIS", "url": "https://services2.arcgis.com/okXm0pb6aWH6XOGI/arcgis/rest/services/BOA_Designations_November2021_Polygons/FeatureServer/0", "license": "Open, attribution", "attribution": "New York State GIS Program Office", "dataset": "Designated Brownfield Opportunity Areas", "organization": "NYS Department of State", "source_id": "8", "source_modified": "2021-11", "retrieved_at": "2026-08-19"}, "attributes": {"OBJECTID": 8, "BOA_Name": "City of North Tonawanda", "Date_des": "April 2015", "REDC": "Western New York", "County": "Niagara", "Muni": "City of North Tonawanda", "Link": "https://dos.ny.gov/location/city-north-tonawanda-boa", "Shape__Area": 2212442.491088867, "Shape__Length": 12517.46780101452}}}, {"type": "Feature", "geometry": {"type": "Polygon", "coordinates": [[[-78.6967482455974, 43.1865379742005], [-78.6937558752981, 43.1860345955608], [-78.6924491027361, 43.1858187071442], [-78.6924514326011, 43.1859985624614], [-78.6922935517218, 43.1859723791028], [-78.6914183002515, 43.1858271024608], [-78.6914147834014, 43.1847755109993], [-78.6898660320093, 43.1847816531462], [-78.6896741074467, 43.1847259830585], [-78.6889913984632, 43.1847384161193], [-78.6887221938231, 43.1847433173458], [-78.6884399109217, 43.184748458271], [-78.687846207511, 43.1847592643615], [-78.6874616599007, 43.1847662631289], [-78.6873694516073, 43.1847679407493], [-78.6868043302606, 43.1847782214195], [-78.6867934147081, 43.1844180819753], [-78.6868243358213, 43.1844175739856], [-78.686792053029, 43.1837077883869], [-78.6860067615855, 43.18371745513], [-78.6857603667219, 43.183645816607], [-78.6852811653067, 43.1832658900692], [-78.6849660997585, 43.1834743169567], [-78.6847299483198, 43.183285037836], [-78.684583252407, 43.1833847135737], [-78.6844181780348, 43.1832532910933], [-78.6841485768848, 43.1830386557342], [-78.6839107491424, 43.1828493163961], [-78.6836992038106, 43.1826808908927], [-78.6836044368547, 43.1827441209755], [-78.6833275478335, 43.1829288665247], [-78.6830567205184, 43.1831095669592], [-78.6828674604317, 43.1832358397857], [-78.6824810828302, 43.1834936320522], [-78.6821240090462, 43.1837318699724], [-78.6818929018049, 43.1838860612594], [-78.6818345700787, 43.1833068860055], [-78.6817988169248, 43.1833308307791], [-78.6802752816215, 43.1842762054716], [-78.6771946540868, 43.1863925510706], [-78.6771011688146, 43.1864521708945], [-78.6777049363929, 43.1848618756003], [-78.6777300570184, 43.1847486380269], [-78.6777466423693, 43.1846345623452], [-78.6777546430235, 43.1845199922868], [-78.6777540329996, 43.1844052726273], [-78.677744814831, 43.1842907517246], [-78.6777270166227, 43.18417677351], [-78.6777006923203, 43.1840636819814], [-78.677665921602, 43.1839518194063], [-78.6776228084332, 43.1838415227668], [-78.6775714836301, 43.1837331254779], [-78.6775121021871, 43.1836269538727], [-78.6774448433844, 43.1835233289989], [-78.6773699105172, 43.1834225621268], [-78.6772875287092, 43.1833249593214], [-78.6771979469367, 43.1832308141742], [-78.6764807036584, 43.1824335237303], [-78.6764063416426, 43.1822593178761], [-78.675018099182, 43.1811613415314], [-78.6752332965673, 43.1810595132986], [-78.6743217491486, 43.1804385227396], [-78.6741488838233, 43.180248945508], [-78.6746683773287, 43.1800092183332], [-78.6748525730667, 43.1799242153455], [-78.6752450018484, 43.1797273554049], [-78.6755165199018, 43.1795911461907], [-78.6757092271641, 43.1794944739395], [-78.6758934981626, 43.179402028069], [-78.6758777669285, 43.179392410518], [-78.6758877009837, 43.1793867283612], [-78.6762609864553, 43.1791732893235], [-78.6764039683047, 43.179114566144], [-78.6765985825917, 43.1790059642688], [-78.6767824900626, 43.1789033374738], [-78.6769640448673, 43.1788020249944], [-78.6772725100633, 43.1786298848312], [-78.6777294792503, 43.1783748727357], [-78.6780017895632, 43.1782229073135], [-78.6779883277008, 43.1781992812041], [-78.6787608559589, 43.1777015439489], [-78.6789266461193, 43.1775207352216], [-78.6792605766862, 43.1774244688338], [-78.6794729342275, 43.1772859704325], [-78.6799710887003, 43.1769610668354], [-78.6804390971733, 43.1766558209518], [-78.6806470427888, 43.1765498872102], [-78.6802085385292, 43.1757719265391], [-78.6813711806412, 43.175425753869], [-78.6818180239049, 43.1757800517466], [-78.682004500711, 43.1756609300859], [-78.6823519634463, 43.1754592031337], [-78.6824389961274, 43.1754060886239], [-78.6824322836894, 43.1754007659404], [-78.6825181557645, 43.1753629381986], [-78.6826087758053, 43.1753288838359], [-78.6827839195794, 43.1752682724276], [-78.6829295600794, 43.1751842722945], [-78.682725496224, 43.1750224814252], [-78.6834142250995, 43.1748001558024], [-78.6836254910695, 43.1747364338021], [-78.6837581774808, 43.1744982834034], [-78.6846302194586, 43.1742347467924], [-78.6845144052365, 43.1737660079355], [-78.684689858813, 43.173712915148], [-78.6857021933275, 43.1734069992444], [-78.6856440565826, 43.1733039555013], [-78.6857670832152, 43.1732852650592], [-78.685688377935, 43.1729511741249], [-78.6856609758665, 43.1727635340678], [-78.6857986212212, 43.1727219341163], [-78.6857160253214, 43.1725495061512], [-78.6857061776124, 43.1724509947378], [-78.6856897610852, 43.1722868076626], [-78.6856803285007, 43.1722414591069], [-78.6854550486483, 43.1718432049075], [-78.6853494755052, 43.1716302110123], [-78.6855781583846, 43.1715610950018], [-78.6853261615129, 43.171120511965], [-78.6852850274575, 43.1710840019303], [-78.6854409045677, 43.1710368020487], [-78.6853401513853, 43.1707960619647], [-78.6855271452621, 43.1707557760744], [-78.6856706369091, 43.1707522188652], [-78.6856671686197, 43.1706141477324], [-78.6855972075556, 43.1703983954148], [-78.685510015216, 43.1702287049512], [-78.6853741678343, 43.1702607702394], [-78.6852480145885, 43.169993669207], [-78.6853657561053, 43.1699658822631], [-78.685319437162, 43.1698678187705], [-78.6855739486546, 43.1698619637425], [-78.6855686895749, 43.1697546166809], [-78.6854935520121, 43.1697291255417], [-78.6854781632395, 43.1694137921054], [-78.6855926581442, 43.1694108002758], [-78.6855830986067, 43.169214946805], [-78.6856163361279, 43.1690167026162], [-78.6856279535886, 43.1688170273666], [-78.6856014580484, 43.1688162766937], [-78.6856084129695, 43.1686846040144], [-78.6855995606672, 43.1685031290054], [-78.6853972889014, 43.1684974049945], [-78.6854088734833, 43.1682780678099], [-78.6855738407091, 43.1682827361273], [-78.6855810971016, 43.1681247082272], [-78.6855687687863, 43.1680352515775], [-78.6854868602863, 43.1680328822359], [-78.6852995858248, 43.1680274657078], [-78.6852945651972, 43.1679365290202], [-78.685287895682, 43.1678098453216], [-78.6852798516041, 43.1676449828879], [-78.6852871455287, 43.1676450393453], [-78.685279112676, 43.1674667134333], [-78.6854399111155, 43.1674679833949], [-78.6854292346929, 43.1672493075029], [-78.6853701354144, 43.1671130153918], [-78.6853590948108, 43.1668867917906], [-78.6855711170628, 43.1668717847655], [-78.6858043299156, 43.1668738714147], [-78.686057416831, 43.1669872584422], [-78.6866014795067, 43.1669935701472], [-78.6868488448035, 43.1669964387144], [-78.6874778628479, 43.1670037314663], [-78.6882791499501, 43.1670130139836], [-78.688286755057, 43.1672016346943], [-78.6884251166363, 43.1671860793654], [-78.6884271874826, 43.1672391500703], [-78.6884907150789, 43.1672346295756], [-78.6885552214188, 43.1672932045181], [-78.6887693460809, 43.1672428159773], [-78.6890508439422, 43.1672880832722], [-78.6893727381913, 43.1672289126331], [-78.6894170906533, 43.1672207610797], [-78.6894184145979, 43.1671580486469], [-78.6895192903123, 43.167159189544], [-78.6896177067271, 43.1671603026251], [-78.6898025900746, 43.1671623922177], [-78.6899746709548, 43.1671643358467], [-78.690076195363, 43.1671654841124], [-78.6903235656964, 43.1671682801414], [-78.6904226232169, 43.1671693970303], [-78.690671368069, 43.1670788587302], [-78.6911166120806, 43.1670831187118], [-78.6911198348719, 43.1668636315675], [-78.6915650809101, 43.1668678897375], [-78.6918119581216, 43.1669040352625], [-78.691809775674, 43.1670528023077], [-78.6922054334153, 43.1670566425176], [-78.6924284436582, 43.1670588067013], [-78.6926758192027, 43.1670612057978], [-78.6927543663845, 43.1670619679249], [-78.6931080242566, 43.1670653968078], [-78.6934345527678, 43.1670677108727], [-78.6936200785774, 43.1670703605376], [-78.6940042592529, 43.1670740829271], [-78.6943770086104, 43.1670776937489], [-78.6945269471987, 43.1670791453656], [-78.6947583817859, 43.1670813855246], [-78.6948633250429, 43.1670824018604], [-78.6950642540226, 43.1670843466778], [-78.6954464874712, 43.1670880452428], [-78.6956704500926, 43.167090211891], [-78.6956707945952, 43.166731995564], [-78.6967376289171, 43.166738351767], [-78.6969845279936, 43.1667568950039], [-78.6969853125881, 43.1663919765703], [-78.6974620037921, 43.1663765459493], [-78.697694370676, 43.1663778100071], [-78.6981578967394, 43.1660084527393], [-78.698228089727, 43.1660339164043], [-78.6991462642739, 43.1653004584898], [-78.700327794161, 43.1643543435632], [-78.7009382421869, 43.1643507829406], [-78.7017140072322, 43.1643586297196], [-78.7017247469237, 43.1645992148382], [-78.7017070572243, 43.1648954467682], [-78.7017077274541, 43.1650425224644], [-78.7017090894562, 43.1653401818597], [-78.701493674681, 43.1655484769677], [-78.7012826280562, 43.1657525497296], [-78.7011129270312, 43.1659166420011], [-78.7008097634093, 43.1662097831332], [-78.7007435426828, 43.1661905957729], [-78.6999795751055, 43.1669235305539], [-78.6999527132722, 43.1669234649465], [-78.6995073048334, 43.1674231625455], [-78.6995075160339, 43.1675863740681], [-78.6989508840282, 43.167584569978], [-78.6989511484512, 43.1670865761649], [-78.6987037705095, 43.1670857700092], [-78.6986761031615, 43.167091876943], [-78.6984269688258, 43.16720378564], [-78.6979761007771, 43.1675361301219], [-78.6981507948198, 43.167757211162], [-78.6983104635905, 43.1684448429996], [-78.6975151228501, 43.1689859744147], [-78.6977213502702, 43.1718008578177], [-78.6965017244008, 43.1717599755573], [-78.6958821196465, 43.17179804515], [-78.6958655394898, 43.1729374110494], [-78.6946165238435, 43.1729268642705], [-78.6934475634663, 43.1729128299811], [-78.6930016419246, 43.1729240423909], [-78.6930000681411, 43.1742314056709], [-78.6926199117457, 43.1742269269834], [-78.6925897207946, 43.1752772679254], [-78.6921952553099, 43.175272908165], [-78.6916079174188, 43.1753282522915], [-78.6916063638441, 43.1758221279142], [-78.6909470923149, 43.1758789915077], [-78.6909443210938, 43.1762951377848], [-78.6903280262419, 43.1762968273124], [-78.6903260145492, 43.1765684654362], [-78.690426102699, 43.1767040088545], [-78.6903877398329, 43.1768399320445], [-78.6903867366134, 43.1769757505648], [-78.6903857484152, 43.1771115730997], [-78.6903219964861, 43.1771117450907], [-78.690318980626, 43.1775192044363], [-78.6902495057902, 43.17779098849], [-78.6903233851488, 43.1779718806051], [-78.6903194624666, 43.1782435254837], [-78.6903199999296, 43.1785151559478], [-78.6903208090689, 43.1789226069366], [-78.6903215675974, 43.1793058164334], [-78.6906768722018, 43.1793144637711], [-78.6911999629607, 43.1801769836283], [-78.6920237078417, 43.181568489494], [-78.6923160443401, 43.1814784251026], [-78.6929167142639, 43.182182046898], [-78.6930815893169, 43.1822546150127], [-78.6934932119128, 43.1819401296485], [-78.6951371722514, 43.1830370551207], [-78.6951717200701, 43.1831811937479], [-78.6952441815996, 43.183483511256], [-78.6953891052119, 43.1834632522148], [-78.6956242458541, 43.1835165901433], [-78.6967520830747, 43.1837722125962], [-78.6967513416553, 43.1843058275905], [-78.696751314111, 43.1843271598044], [-78.6967505023025, 43.1849112845225], [-78.6967502318364, 43.1851076022926], [-78.6967494107071, 43.1856989967689], [-78.6967492252048, 43.1858336767584], [-78.696749036276, 43.185968910578], [-78.6967482455974, 43.1865379742005]]]}, "properties": {"id": "us-nys-boa-20", "name": "Lockport", "layer": "planning", "categories": ["BROWNFIELD"], "freshness": "HISTORICAL", "source": {"name": "New York State GIS", "url": "https://services2.arcgis.com/okXm0pb6aWH6XOGI/arcgis/rest/services/BOA_Designations_November2021_Polygons/FeatureServer/0", "license": "Open, attribution", "attribution": "New York State GIS Program Office", "dataset": "Designated Brownfield Opportunity Areas", "organization": "NYS Department of State", "source_id": "20", "source_modified": "2021-11", "retrieved_at": "2026-08-19"}, "attributes": {"OBJECTID": 20, "BOA_Name": "Lockport", "Date_des": "December 2015", "REDC": "Western New York", "County": "Niagara", "Muni": "City of Lockport", "Link": "https://dos.ny.gov/location/lockport-boa", "Shape__Area": 2158300.3884277344, "Shape__Length": 10654.22790324326}}}, {"type": "Feature", "geometry": {"type": "Polygon", "coordinates": [[[-78.8847628503381, 42.8925135864008], [-78.884244051472, 42.8928025009622], [-78.8793677444853, 42.8877147262003], [-78.8801898379866, 42.885259901783], [-78.8802254672184, 42.8847859937005], [-78.8800715929858, 42.8843125763309], [-78.878542688259, 42.8816129878054], [-78.8782364452867, 42.8809727307164], [-78.8727047733391, 42.8800335782605], [-78.8727047374599, 42.8800335722729], [-78.8727028248929, 42.8800321415434], [-78.8726934294015, 42.8800252163233], [-78.8726934151494, 42.8800251060601], [-78.8726991490152, 42.8799872347481], [-78.8727004911812, 42.8799783665111], [-78.8729192051767, 42.8785336055071], [-78.870150539437, 42.8780667582622], [-78.871794362027, 42.8729899987045], [-78.8720936114314, 42.8721530964845], [-78.8723949348512, 42.8717621330167], [-78.8724352331827, 42.8717805176832], [-78.8774778979551, 42.8700820814089], [-78.8785764296581, 42.8697375225299], [-78.8775255720498, 42.8680141282432], [-78.8769794203588, 42.8671631782151], [-78.8761765339959, 42.8659961472937], [-78.8756261041745, 42.8652141682723], [-78.8742405131837, 42.8636059559433], [-78.8731193079047, 42.8623694940785], [-78.872477080923, 42.8616753957699], [-78.8710774550341, 42.8601534545303], [-78.8701798468348, 42.859110118399], [-78.8671191542692, 42.8553440595542], [-78.8668919906794, 42.8553484659988], [-78.8642136799358, 42.8553868138595], [-78.8640590234168, 42.8551275779446], [-78.86405561459, 42.8551080478302], [-78.8639519929017, 42.8549011319545], [-78.8600283824787, 42.8473422760637], [-78.859703403102, 42.8460127197589], [-78.857323044995, 42.8413411446619], [-78.8572136716616, 42.8413671893529], [-78.8570383987386, 42.8411449276353], [-78.8569318417484, 42.8410181808737], [-78.8559665068569, 42.8392134579649], [-78.8550784357528, 42.8376169214663], [-78.8550184958443, 42.8375331273955], [-78.855141841871, 42.837464587574], [-78.8546124697675, 42.8365786274313], [-78.8552763035868, 42.8364064339903], [-78.8549806096071, 42.8359407790704], [-78.8540234282135, 42.8361819120506], [-78.8538984461002, 42.8358750943242], [-78.8540219381584, 42.8358406787829], [-78.8538134806674, 42.8355084416215], [-78.8535377290315, 42.8349785366098], [-78.853289624128, 42.8344738884535], [-78.8532954706355, 42.8340732780884], [-78.8524542749316, 42.8322499816811], [-78.8601293883507, 42.8322512998322], [-78.860345561438, 42.8329176631144], [-78.8545648953474, 42.8334610883954], [-78.854887013614, 42.8339899111617], [-78.8561120570999, 42.8337908560971], [-78.8580840741932, 42.8337665265641], [-78.8594702262867, 42.8338416493998], [-78.8604029782792, 42.8338393966015], [-78.8606445827945, 42.834231096937], [-78.860621177344, 42.8349568834352], [-78.8603745954764, 42.8351634442594], [-78.8604264374545, 42.8356389901979], [-78.8609065236833, 42.8373758563765], [-78.8601759402651, 42.8379894484325], [-78.8598157451749, 42.8380554124092], [-78.8589458316411, 42.8380940994208], [-78.857878096753, 42.8383710902889], [-78.857881497878, 42.8391394742836], [-78.8583080883048, 42.8400349072426], [-78.860766455226, 42.8394069458135], [-78.8619086924058, 42.8391114520824], [-78.8619838468947, 42.8392393341771], [-78.8620842730222, 42.8394586297403], [-78.8603215923993, 42.8399934640352], [-78.8598503941336, 42.84025073316], [-78.8594319494801, 42.84119027782], [-78.8595842097514, 42.8418851219313], [-78.8601120856359, 42.8431827938889], [-78.8605633529652, 42.8440232736027], [-78.8609379158464, 42.8443882661139], [-78.8612364227978, 42.8444241320897], [-78.862899773687, 42.8438895277167], [-78.8636197689214, 42.8436682269778], [-78.8639685756164, 42.843832027802], [-78.8681987658676, 42.8500418854786], [-78.8671826057837, 42.8507579141584], [-78.8668599545976, 42.850886778997], [-78.8667842735851, 42.8506491315902], [-78.8670818084645, 42.8504654444064], [-78.8676768716493, 42.8500980679494], [-78.8677504562013, 42.849878345386], [-78.86552240173, 42.8465541668494], [-78.8652233840919, 42.8464085427736], [-78.8629883864064, 42.846999463969], [-78.8622683518148, 42.8472207604001], [-78.8638740277753, 42.8504093161751], [-78.864421538688, 42.8505177430827], [-78.8657012856779, 42.8530758940839], [-78.8662483219055, 42.8530745442003], [-78.8663486189632, 42.8532572458454], [-78.871762374052, 42.8517618414634], [-78.8724127828073, 42.8526017711599], [-78.8694821623686, 42.8533592270519], [-78.869135480583, 42.8536711083727], [-78.8693868380216, 42.854255919899], [-78.8729133330296, 42.853295715804], [-78.8752010637177, 42.8567071593168], [-78.8763311377379, 42.8590460300897], [-78.8745692301841, 42.8598372088159], [-78.8741216910718, 42.8598566409155], [-78.8737745682662, 42.8600770621701], [-78.8738254196894, 42.8603147670462], [-78.8737517581505, 42.8605161993332], [-78.8739764309539, 42.8606985789757], [-78.8744246621235, 42.86082550437], [-78.8745012453347, 42.8612460945466], [-78.8747744552274, 42.86117221931], [-78.874896301985, 42.8606413551423], [-78.8751933426874, 42.8603478789426], [-78.8757389757709, 42.8600354715686], [-78.8764844988568, 42.8599237961033], [-78.8769578583704, 42.8601055324067], [-78.8775599043722, 42.8612016849139], [-78.8778366761112, 42.861877887053], [-78.8785128404049, 42.8628640736971], [-78.8827643158921, 42.8676207809396], [-78.8789155780486, 42.8689480178269], [-78.8796159217968, 42.8697694802134], [-78.8799390824828, 42.8697320533733], [-78.8837389033616, 42.8685695654733], [-78.8841390678536, 42.8690258880097], [-78.8801656478757, 42.8702986090144], [-78.8806155430124, 42.8707548154241], [-78.8811373344075, 42.8706436895746], [-78.881411546942, 42.8707710402795], [-78.8847150317658, 42.8698293503731], [-78.884940751231, 42.8702129500685], [-78.8845936967217, 42.8704516983599], [-78.8836998936374, 42.8707833555023], [-78.8835265843336, 42.870948464466], [-78.8835779261177, 42.8712776384633], [-78.8837534537022, 42.8715698963936], [-78.8841027367764, 42.8717885190279], [-78.8853930876242, 42.8711630942595], [-78.8857167881051, 42.871235419784], [-78.8891933143166, 42.8751230042304], [-78.8894183573007, 42.8753602367086], [-78.8903667510152, 42.8759980194439], [-78.8884560139775, 42.8769361681015], [-78.8880580168325, 42.876937227933], [-78.8880587368896, 42.8770835852518], [-78.8892284899402, 42.8772085299831], [-78.8893020293947, 42.8769887949416], [-78.8900715192759, 42.8766574272542], [-78.890498835575, 42.8775527321515], [-78.8920457598366, 42.8852513596016], [-78.8875605310756, 42.8876203825668], [-78.8895628306417, 42.8897952231073], [-78.8895589591803, 42.8897912977599], [-78.8847628503381, 42.8925135864008]]]}, "properties": {"id": "us-nys-boa-41", "name": "Buffalo Harbor", "layer": "planning", "categories": ["BROWNFIELD"], "freshness": "HISTORICAL", "source": {"name": "New York State GIS", "url": "https://services2.arcgis.com/okXm0pb6aWH6XOGI/arcgis/rest/services/BOA_Designations_November2021_Polygons/FeatureServer/0", "license": "Open, attribution", "attribution": "New York State GIS Program Office", "dataset": "Designated Brownfield Opportunity Areas", "organization": "NYS Department of State", "source_id": "41", "source_modified": "2021-11", "retrieved_at": "2026-08-19"}, "attributes": {"OBJECTID": 41, "BOA_Name": "Buffalo Harbor", "Date_des": "November 2017", "REDC": "Western New York", "County": "Erie", "Muni": "City of Buffalo", "Link": "https://dos.ny.gov/location/buffalo-harbor-boa", "Shape__Area": 4213022.0900268555, "Shape__Length": 24179.484585694216}}}, {"type": "Feature", "geometry": {"type": "Polygon", "coordinates": [[[-78.8207593702274, 42.8663907346545], [-78.82032707407, 42.8662225410597], [-78.8201272468252, 42.8661489234367], [-78.8201962087298, 42.8660317225287], [-78.8204412080989, 42.8657607228292], [-78.8205372075887, 42.8654927238779], [-78.8205842081604, 42.8651207243776], [-78.8205182080224, 42.8647467252216], [-78.820533080784, 42.8644561915685], [-78.8205870234379, 42.8642733702408], [-78.8207155890081, 42.8641196277571], [-78.8209237457545, 42.8639949535874], [-78.8211866119467, 42.8638884361883], [-78.8210668889707, 42.8637571331435], [-78.8209264019151, 42.8636167115968], [-78.8210185539603, 42.8635805274391], [-78.824567291718, 42.8622711493546], [-78.8254733038082, 42.8617570167871], [-78.8265201960237, 42.8613507309115], [-78.8272361948103, 42.8610577314304], [-78.827320195285, 42.8610227307801], [-78.8276956103253, 42.8608666354672], [-78.8308711685018, 42.859990981202], [-78.8332074066747, 42.8607790878154], [-78.8354011937949, 42.8618190152961], [-78.8372575069698, 42.8625938772274], [-78.8383831910618, 42.8629980383858], [-78.8407839501866, 42.8638011353885], [-78.8414427294491, 42.863442334618], [-78.8427407860134, 42.8629913615752], [-78.8449141325185, 42.8615917913247], [-78.84524488292, 42.8605669466825], [-78.8443409922607, 42.8584929141455], [-78.8440672832493, 42.8565987084259], [-78.8468780359313, 42.8572698435187], [-78.8505848217329, 42.862463668021], [-78.8516793252829, 42.8629490063235], [-78.8551305923973, 42.8625514006831], [-78.8558726947923, 42.8619532059669], [-78.8562006390541, 42.8612013565393], [-78.855266619455, 42.8594465414779], [-78.8541797670741, 42.8585705575914], [-78.8517899306819, 42.8574851463083], [-78.8519776362854, 42.8572300386], [-78.8532757729862, 42.8569050362064], [-78.8541608924334, 42.8564373427388], [-78.8565011890752, 42.8561576923273], [-78.8567229082527, 42.8561311959947], [-78.8582731909235, 42.8555415171971], [-78.8599585734405, 42.8551514005075], [-78.8611762754368, 42.8554693158906], [-78.8672298862945, 42.8553520466868], [-78.8702905846001, 42.8591181023211], [-78.871188194731, 42.8601614375029], [-78.872551208664, 42.8616435640312], [-78.8737582004993, 42.8628772203067], [-78.8741824296526, 42.8633399590302], [-78.8745843918695, 42.8638249571698], [-78.8748025334214, 42.8641031168661], [-78.8755568787428, 42.8650132598496], [-78.8757368544747, 42.8652221464082], [-78.8762872857934, 42.8660041257355], [-78.8770901730281, 42.8671711549337], [-78.8776363275056, 42.8680221043272], [-78.8786871883368, 42.8697454983645], [-78.8748101815173, 42.8709641943707], [-78.8724638708613, 42.8717900891966], [-78.8722046651992, 42.8720926446016], [-78.8721539779705, 42.8721518081028], [-78.8720990000404, 42.8721280897249], [-78.8707550025667, 42.8715482444244], [-78.8699999141987, 42.8715099963886], [-78.8687023928448, 42.8712729784323], [-78.8683793841838, 42.8712169246647], [-78.8664123636582, 42.8708739795454], [-78.8661994253216, 42.8708258998992], [-78.8660003388632, 42.8707449342916], [-78.8653054447842, 42.8704279087549], [-78.8650283471921, 42.8703109583509], [-78.8652334432876, 42.8696909536936], [-78.8656733603387, 42.8683099449536], [-78.8658174277216, 42.8678399445026], [-78.866117371373, 42.8669439178022], [-78.8651504158441, 42.8667679054408], [-78.8641763830549, 42.8665979774057], [-78.8632284188009, 42.8664279767264], [-78.8622544584512, 42.8662629800189], [-78.8612944431685, 42.8660959787118], [-78.8599614094345, 42.8658629571599], [-78.8599864136862, 42.865788913195], [-78.8594756568933, 42.8657334006786], [-78.8590658321927, 42.8658232849743], [-78.8579718358854, 42.8658722604886], [-78.8572655507763, 42.8659972963169], [-78.8567822222499, 42.8661034984486], [-78.8563378139223, 42.8663399892535], [-78.8559710069607, 42.8665351816466], [-78.8555240848691, 42.8669176700598], [-78.85519017902, 42.8675005393733], [-78.8550325802395, 42.868046531041], [-78.8550251581159, 42.8686379092727], [-78.8550336064444, 42.8688899495579], [-78.8550506479251, 42.8693143112758], [-78.8550631153165, 42.8696247801112], [-78.855066682942, 42.870093646177], [-78.8540451170332, 42.8698890997777], [-78.8480989500874, 42.8663468077082], [-78.8461872309639, 42.8652077909538], [-78.8441407720458, 42.8681447798464], [-78.8435014451046, 42.8691755846542], [-78.8431012145061, 42.8703621956411], [-78.8396651639114, 42.8698254499265], [-78.8358025772867, 42.8691072358801], [-78.8353493512714, 42.8690219235868], [-78.8319354414952, 42.8683297556172], [-78.8306897958786, 42.8681628471522], [-78.8293390508114, 42.8679476178474], [-78.8290792287143, 42.8680390670675], [-78.8280440227903, 42.8680239637392], [-78.8277847037106, 42.8680545437686], [-78.8247306747066, 42.8668848416911], [-78.8242758598781, 42.8667106357672], [-78.8224586010046, 42.8660145489128], [-78.8222519312259, 42.8656226041235], [-78.8212093157323, 42.8659201206262], [-78.8208409409321, 42.8664247007833], [-78.8207593702274, 42.8663907346545]]]}, "properties": {"id": "us-nys-boa-42", "name": "Buffalo River Corridor", "layer": "planning", "categories": ["BROWNFIELD"], "freshness": "HISTORICAL", "source": {"name": "New York State GIS", "url": "https://services2.arcgis.com/okXm0pb6aWH6XOGI/arcgis/rest/services/BOA_Designations_November2021_Polygons/FeatureServer/0", "license": "Open, attribution", "attribution": "New York State GIS Program Office", "dataset": "Designated Brownfield Opportunity Areas", "organization": "NYS Department of State", "source_id": "42", "source_modified": "2021-11", "retrieved_at": "2026-08-19"}, "attributes": {"OBJECTID": 42, "BOA_Name": "Buffalo River Corridor", "Date_des": "November 2017", "REDC": "Western New York", "County": "Erie", "Muni": "City of Buffalo", "Link": "https://dos.ny.gov/location/buffalo-river-corridor-boa", "Shape__Area": 4264082.629699707, "Shape__Length": 14862.023594226874}}}, {"type": "Feature", "geometry": {"type": "Polygon", "coordinates": [[[-78.8440592634175, 42.8566044388799], [-78.844332973723, 42.8584986490774], [-78.8452368657161, 42.8605726861349], [-78.8448441467177, 42.8615606761913], [-78.8427327636596, 42.8629971055279], [-78.8414347031925, 42.8634480777108], [-78.8407759227114, 42.863806880277], [-78.837947961483, 42.8628504046804], [-78.8359414209341, 42.8620536185426], [-78.833675722282, 42.8610106423157], [-78.8308631204824, 42.8599967179815], [-78.8323170153352, 42.8581163422289], [-78.832441229439, 42.8409837253012], [-78.8238145552958, 42.8401004956095], [-78.8240221399984, 42.8268284194519], [-78.8300993249947, 42.8269182394007], [-78.8302813198949, 42.8264866129449], [-78.8328814441244, 42.82664331058], [-78.8329990053323, 42.8260039247896], [-78.8341931961519, 42.8261154815722], [-78.8361285656332, 42.8320583912626], [-78.8365044215228, 42.8319812630351], [-78.8523764824961, 42.8321260670859], [-78.8532874725454, 42.834078965233], [-78.8533107218587, 42.8344497729231], [-78.8540139425315, 42.8358463685965], [-78.8538904491803, 42.8358807832723], [-78.8540154325449, 42.8361876018657], [-78.8549726152818, 42.8359464689069], [-78.855268309289, 42.8364121247469], [-78.8546044753842, 42.8365843181446], [-78.8551338463215, 42.8374702801644], [-78.8550704414553, 42.8376226149104], [-78.8568043167154, 42.8408004143428], [-78.8570304083655, 42.8411506291875], [-78.8572056812223, 42.8413728900192], [-78.8573150545696, 42.8413468453353], [-78.8581561735829, 42.8429976774716], [-78.8588470333687, 42.8443535261853], [-78.8593897292362, 42.8454185473755], [-78.8596954178361, 42.8460184303288], [-78.8597527558061, 42.8462530176549], [-78.8600203972497, 42.8473479893563], [-78.8642057024106, 42.8553925424906], [-78.8611682915548, 42.8554750454256], [-78.8599505869799, 42.8551571291445], [-78.8578640635589, 42.8556998299796], [-78.8567149153617, 42.8561369264243], [-78.8552810344149, 42.8563082744187], [-78.8541528944255, 42.8564430740628], [-78.8532677724477, 42.8569107684545], [-78.8519696331376, 42.8572357708456], [-78.8517819263191, 42.8574908794822], [-78.8541717678088, 42.858576292561], [-78.8552586227432, 42.8594522782381], [-78.8561926436637, 42.8612070969216], [-78.8558646993896, 42.8619589481278], [-78.8551225956832, 42.8625571437369], [-78.8516713196882, 42.8629547503364], [-78.8504250522907, 42.8622567860678], [-78.8468700212885, 42.8572755757955], [-78.8440592634175, 42.8566044388799]]]}, "properties": {"id": "us-nys-boa-43", "name": "South Buffalo", "layer": "planning", "categories": ["BROWNFIELD"], "freshness": "HISTORICAL", "source": {"name": "New York State GIS", "url": "https://services2.arcgis.com/okXm0pb6aWH6XOGI/arcgis/rest/services/BOA_Designations_November2021_Polygons/FeatureServer/0", "license": "Open, attribution", "attribution": "New York State GIS Program Office", "dataset": "Designated Brownfield Opportunity Areas", "organization": "NYS Department of State", "source_id": "43", "source_modified": "2021-11", "retrieved_at": "2026-08-19"}, "attributes": {"OBJECTID": 43, "BOA_Name": "South Buffalo", "Date_des": "November 2017", "REDC": "Western New York", "County": "Erie", "Muni": "City of Buffalo", "Link": "https://dos.ny.gov/location/south-buffalo-boa", "Shape__Area": 7988195.300170898, "Shape__Length": 15226.3240689684}}}, {"type": "Feature", "geometry": {"type": "MultiPolygon", "coordinates": [[[[-78.9329993931497, 42.9952875262913], [-78.9304683514363, 42.9939060841282], [-78.927379803155, 42.9924240310391], [-78.9220599557226, 42.9903471564313], [-78.9184640369126, 42.9885053359352], [-78.9184674689819, 42.9885993024451], [-78.9180025257691, 42.9883694976887], [-78.9180369494714, 42.9882562125857], [-78.9173564250228, 42.9879018487912], [-78.9180483874194, 42.9874608073653], [-78.9180016687839, 42.9854212365658], [-78.9186444642914, 42.9854148918157], [-78.9175406960452, 42.9836251759691], [-78.9134029393142, 42.9765400953476], [-78.9137728619044, 42.9763833120786], [-78.9135038323292, 42.9761481194548], [-78.9247164850174, 42.9712801325054], [-78.9238774772285, 42.9703860836], [-78.9262489171771, 42.969243492069], [-78.9251047810211, 42.9680082964686], [-78.9238815481358, 42.9670066712665], [-78.9253095336968, 42.9659823750506], [-78.9249241375681, 42.9656909643252], [-78.9259694135847, 42.964935548792], [-78.927462624598, 42.9663359773406], [-78.9280885662363, 42.9667272248603], [-78.928525347675, 42.9671724834063], [-78.929130688881, 42.9671374866717], [-78.9344716883214, 42.9716183740125], [-78.9351864269932, 42.970996704222], [-78.9365087339117, 42.9729295158384], [-78.9361604598391, 42.9730405098712], [-78.9390588973364, 42.9766566698672], [-78.9406099989161, 42.978624312498], [-78.9414415682692, 42.9807866230245], [-78.94140117128, 42.9851165643955], [-78.9397971789056, 42.9910389806785], [-78.9372941476253, 42.9945346496656], [-78.9376226636313, 42.9946779602786], [-78.9361882688432, 42.995981333124], [-78.9333639490628, 42.9949075531594], [-78.9329271192727, 42.9955448289989], [-78.93327887644, 42.9958143669751], [-78.9326744275045, 42.996492745492], [-78.9322122247636, 42.9962506035695], [-78.9329993931497, 42.9952875262913]]], [[[-78.9015739247098, 42.9968216791377], [-78.9004600622885, 42.9971693886592], [-78.8992524044823, 42.997558987019], [-78.8992022223331, 42.997576440241], [-78.8986065856378, 42.9977835334206], [-78.8977889140114, 42.998043366014], [-78.8977750356731, 42.9980482061174], [-78.8977268784229, 42.998065144851], [-78.8976893300005, 42.9980782814554], [-78.8975863635349, 42.9981142350407], [-78.8972052848955, 42.99824733137], [-78.896826885355, 42.9983793896973], [-78.8967142388356, 42.998418798631], [-78.8966036917381, 42.9984571733834], [-78.8963486654526, 42.9985463610044], [-78.8961396974232, 42.9986193019203], [-78.8959279316335, 42.998693281412], [-78.8957137165076, 42.9987679517515], [-78.8956115635617, 42.9988035580009], [-78.8953650454757, 42.9988896334693], [-78.8949817419046, 42.9990237571221], [-78.8945781440129, 42.999164452267], [-78.8945516731498, 42.9991737844528], [-78.8945599103543, 42.9991854236396], [-78.8945267911384, 42.9991968326312], [-78.8943213117616, 42.9992673608187], [-78.8941158339011, 42.9993382307234], [-78.8939119887787, 42.9994084107719], [-78.8937065078706, 42.9994789370077], [-78.8934995110763, 42.9995501537773], [-78.8932955467525, 42.9996203331879], [-78.8930928663853, 42.9996901650739], [-78.8928880838531, 42.9997606885591], [-78.8926827203381, 42.9998315564984], [-78.8924560117135, 42.9999093410833], [-78.8923354278958, 42.999950824883], [-78.8922138187397, 42.9999974557357], [-78.8920920716216, 43.0000403159374], [-78.8919223967119, 43.0001001107899], [-78.8918923127125, 43.0001108241151], [-78.8917536563304, 43.0001595584396], [-78.8916923158041, 43.000180989808], [-78.8915856127356, 43.0002186624844], [-78.8914897559273, 43.0002525335452], [-78.8914194350545, 43.0002770751934], [-78.8912932595941, 43.00032166007], [-78.8912545427928, 43.0003351413711], [-78.8910874306294, 43.0003938978429], [-78.8909188026861, 43.0004533449357], [-78.8908883663991, 43.0004640600874], [-78.8907480776192, 43.0005134844275], [-78.8906842883007, 43.000535950309], [-78.8905797989286, 43.0005725868967], [-78.8904806748731, 43.0006074948154], [-78.8904118719406, 43.0006316888506], [-78.8902790437965, 43.0006783484271], [-78.8902416097301, 43.0006914813974], [-78.8900703002624, 43.0007519639026], [-78.8899630113412, 43.0007896370016], [-78.8898931564648, 43.0008141762563], [-78.8898734485607, 43.0008210883825], [-78.8897219627957, 43.0008746579003], [-78.8896703005517, 43.0008926318125], [-78.889543885756, 43.0009372157043], [-78.8894613200835, 43.0009662479394], [-78.8893702425125, 43.0009983897386], [-78.8892600373177, 43.0010370987065], [-78.8891949647616, 43.0010599099516], [-78.8891092478886, 43.0010899792481], [-78.8890466460333, 43.0011162123412], [-78.8889890544138, 43.001140375137], [-78.8888488067667, 43.0011987138433], [-78.8888238594608, 43.0012094136327], [-78.8887625374859, 43.0012349583585], [-78.8887586337144, 43.0012349903549], [-78.8840077952265, 43.0012750221233], [-78.8840316372239, 43.0011816689013], [-78.88414600486, 43.0011813671486], [-78.8842019813161, 43.0009226117558], [-78.8844930617154, 42.9995790759735], [-78.8846216687187, 42.9989809221649], [-78.8847793985035, 42.9982472144343], [-78.8848352472188, 42.9979870881726], [-78.8848575201285, 42.9978837922658], [-78.8850116022104, 42.9971696425066], [-78.8854653938802, 42.9951181062304], [-78.8858601818429, 42.9951105438227], [-78.8880630368769, 42.9950679847429], [-78.8881432326306, 42.9946802033642], [-78.8884314942202, 42.9946509650378], [-78.8887196397929, 42.9946220693678], [-78.8890078995654, 42.9945928305474], [-78.8893393573664, 42.9945593594585], [-78.8896708192245, 42.994526230307], [-78.8900022753526, 42.9944924143109], [-78.8903336165331, 42.9944589398014], [-78.8906649532535, 42.9944247793051], [-78.8909962915833, 42.9943909608303], [-78.8913275121001, 42.9943567978646], [-78.8916609613006, 42.994325028641], [-78.8919939355097, 42.9942912028834], [-78.8923265454132, 42.9942549764892], [-78.8926586764721, 42.9942166918995], [-78.8929902113792, 42.9941760073754], [-78.8933212698225, 42.9941332645841], [-78.8936845245015, 42.9940825451208], [-78.8940471860781, 42.9940297684739], [-78.894409134348, 42.993974935144], [-78.8947704873245, 42.9939177007788], [-78.8951311260783, 42.9938580667368], [-78.8951689707462, 42.9938579635408], [-78.8977608178619, 42.9938511954929], [-78.8985593289803, 42.9938520803642], [-78.8984975807508, 42.9937692492712], [-78.8990076436155, 42.9937377677072], [-78.8990181572149, 42.9938295476212], [-78.8996672344695, 42.9937097656698], [-78.8996634743103, 42.9937053174347], [-78.8996652120736, 42.9937029117921], [-78.8996672958505, 42.9936991329943], [-78.8996689111882, 42.9936953557751], [-78.8996700605345, 42.9936915800512], [-78.8996706248302, 42.993687804483], [-78.8996714675162, 42.993669966556], [-78.8996707962477, 42.9936528195472], [-78.8996688406467, 42.9936360188854], [-78.8996653710365, 42.9936199082433], [-78.8996637074391, 42.9936147690177], [-78.8996613438726, 42.9936092872295], [-78.8996494305208, 42.9935866840812], [-78.8996475371913, 42.9935818876293], [-78.8996461119461, 42.993577432649], [-78.899632515954, 42.9935232796861], [-78.899621254374, 42.9934684339181], [-78.8996204233687, 42.9934656927587], [-78.8996194766788, 42.9934632940832], [-78.8996166426492, 42.9934574718038], [-78.8996135785316, 42.9934523353485], [-78.8996059282717, 42.9934410375392], [-78.899602746846, 42.9934355593473], [-78.8996007399911, 42.9934314492432], [-78.8995993189401, 42.9934276801953], [-78.8995972927311, 42.9934197973318], [-78.8995954965547, 42.9934112277456], [-78.8995924563544, 42.9933879130527], [-78.8995914352706, 42.9933711102132], [-78.8995919643121, 42.9933378399687], [-78.8995916610518, 42.9933241215874], [-78.8995900755579, 42.9933110925188], [-78.8995869635588, 42.9932966965666], [-78.8995696221712, 42.9932404952191], [-78.8995677094518, 42.9932319251071], [-78.8995662670205, 42.9932240412307], [-78.8995657754021, 42.9932192410657], [-78.8995655134038, 42.9932140963299], [-78.8995660403381, 42.993202776998], [-78.8995721171785, 42.9931578297236], [-78.8995723051895, 42.993149254557], [-78.8995719169959, 42.993141710159], [-78.8995688798443, 42.9931190823374], [-78.8995642092375, 42.993096458932], [-78.899558019169, 42.9930738387537], [-78.8995495982178, 42.9930491680406], [-78.8997121438117, 42.9930168195594], [-78.8997722392602, 42.9930049927474], [-78.9000424912848, 42.9929514239172], [-78.9015704697561, 42.9926618141834], [-78.9021220893784, 42.9925604670306], [-78.902455842983, 42.9924998559863], [-78.9027878209405, 42.9924347901886], [-78.9031181363452, 42.992364926354], [-78.9034464386959, 42.9922899217261], [-78.9037340141278, 42.9922222344229], [-78.9040194588225, 42.9921494060864], [-78.9043024243585, 42.9920717844715], [-78.9043178177427, 42.9920669395391], [-78.9046304089052, 42.991981001248], [-78.9049414652353, 42.9918923225231], [-78.9052507518549, 42.9918002172238], [-78.9055483581046, 42.9917084877507], [-78.9058443142139, 42.9916140182757], [-78.9061385015304, 42.9915164662278], [-78.9063877917682, 42.9914331026887], [-78.9066961662616, 42.9913238466496], [-78.9070015925349, 42.991209798003], [-78.9072731865269, 42.9911033905673], [-78.9075420716606, 42.9909932161563], [-78.9078009398002, 42.9908882131807], [-78.9080573366108, 42.9907801320587], [-78.9083113820611, 42.9906689696047], [-78.9085746128742, 42.9905505785585], [-78.9088390209108, 42.9904335530086], [-78.9090067974729, 42.9903545321012], [-78.9091724613301, 42.9902734583611], [-78.9094788444965, 42.9901213300772], [-78.9097817048088, 42.9899657794721], [-78.9099123666956, 42.9898923514218], [-78.9101012072411, 42.989799206366], [-78.9102895778127, 42.9897057187357], [-78.9105703437944, 42.9895694370708], [-78.9108492430514, 42.9894335022134], [-78.9111276683922, 42.9892968833151], [-78.911279592469, 42.9892247644635], [-78.9114278789917, 42.9891499103591], [-78.9116396900501, 42.9890501800499], [-78.9116737030127, 42.9890329335905], [-78.9117084216489, 42.9890163706516], [-78.9117437270809, 42.9890004926004], [-78.9117798556109, 42.9889856406887], [-78.9119263349372, 42.9889221104273], [-78.9120757524741, 42.9888623446536], [-78.9122278785919, 42.9888066861516], [-78.912382592614, 42.988754451165], [-78.9125395468041, 42.9887063241585], [-78.9126987412441, 42.9886623060205], [-78.9128598277221, 42.9886223978594], [-78.9130228029329, 42.9885862576425], [-78.9131873204369, 42.9885545706951], [-78.9133531440152, 42.988526996659], [-78.9135068459867, 42.9885042582534], [-78.9136606857908, 42.9884852928397], [-78.9138152436046, 42.9884697537165], [-78.9139704064756, 42.9884579859865], [-78.9141260566639, 42.9884499891777], [-78.9142819600577, 42.988445765004], [-78.9144380013655, 42.9884453129114], [-78.9145939429632, 42.9884482898976], [-78.914749556641, 42.9884550414158], [-78.9148912786785, 42.9884632040733], [-78.9150326648131, 42.9884744554983], [-78.9151733690491, 42.9884887931396], [-78.9153135045083, 42.9885062212272], [-78.9154528392908, 42.9885267378043], [-78.9155912591676, 42.9885506871243], [-78.9157286432555, 42.9885773827548], [-78.9158057034867, 42.9885939641928], [-78.9159135275284, 42.9886190298869], [-78.916020428279, 42.988645814394], [-78.9161264006801, 42.9886743151889], [-78.9166203508156, 42.9888694032653], [-78.9170552963494, 42.9890382501413], [-78.9172395287007, 42.9891529538895], [-78.9174446167378, 42.9892795997147], [-78.9175515165205, 42.9893276466472], [-78.9175594782691, 42.9893310534989], [-78.9175646302722, 42.9893334393187], [-78.9178226861, 42.9894489535771], [-78.9182921321388, 42.9896677705711], [-78.9195619866169, 42.9902642541518], [-78.9207945390538, 42.9908488282014], [-78.9214734038974, 42.991167850142], [-78.9214910845072, 42.9911760291685], [-78.9224331852855, 42.9916132782893], [-78.9228150467247, 42.9917661418901], [-78.9239476691076, 42.9922230478501], [-78.9249327211421, 42.992627565978], [-78.9251884845731, 42.9927458152715], [-78.9254529117107, 42.9928674668751], [-78.9263944201971, 42.9933146315023], [-78.9269776089471, 42.9935800586679], [-78.9273108010132, 42.993736141574], [-78.9275142309387, 42.9942904702223], [-78.9276659520133, 42.9947050191836], [-78.9284370017432, 42.9951180399718], [-78.9291180124967, 42.9950137717837], [-78.9293586938558, 42.9951471474873], [-78.9294220985565, 42.9951846822677], [-78.9296491717358, 42.9953904676376], [-78.9300826963331, 42.9957695174805], [-78.9299103874919, 42.9959336426596], [-78.9305737005408, 42.9962938128404], [-78.9314325812387, 42.9967593668616], [-78.9316714259697, 42.996911295072], [-78.9317315077474, 42.9968414551981], [-78.9318447786006, 42.9967313561348], [-78.9322717463804, 42.9969595057709], [-78.9334303422283, 42.9975791530319], [-78.9338685089376, 42.9978134873657], [-78.9338703276128, 42.997814460174], [-78.9337080806792, 42.9979600385051], [-78.9331495094241, 42.9984611296784], [-78.9324635316257, 42.9990744205064], [-78.9321938548257, 42.9993112147164], [-78.9317031833181, 42.9995744067715], [-78.9304560048177, 43.0002350113618], [-78.9294970619663, 43.0007403897877], [-78.9286205939979, 43.0012067529682], [-78.9287929194888, 43.0013959015207], [-78.9282005296657, 43.0017746280288], [-78.9275450568925, 43.0021967569356], [-78.9272176415104, 43.0018290396546], [-78.9271886987708, 43.0018551930378], [-78.9271481103984, 43.0018882418112], [-78.9270652877244, 43.0019519423953], [-78.9270541205541, 43.0019605500321], [-78.9270343481661, 43.0019760440112], [-78.9269131321856, 43.0020683276194], [-78.9267975387457, 43.0021633368657], [-78.9267753364755, 43.0021832981474], [-78.9267276929535, 43.0022287143446], [-78.9267061865784, 43.0022476432981], [-78.9266982770861, 43.0022538412447], [-78.9266890854477, 43.0022607279042], [-78.926644040318, 43.0022903597107], [-78.9266335678608, 43.0022979368336], [-78.9266246105137, 43.0023048235408], [-78.9266110090958, 43.0023168686165], [-78.9265729043072, 43.0023550539372], [-78.9265627891327, 43.0023640017302], [-78.9265532559504, 43.0023719193216], [-78.9265337072825, 43.0023860396815], [-78.9264793492938, 43.0024218725591], [-78.9264621350828, 43.0024353013528], [-78.926412256667, 43.0024783227198], [-78.9263991125481, 43.0024886530793], [-78.9263867787834, 43.0024972638188], [-78.9263800255653, 43.0025017428448], [-78.9263725722497, 43.0025058812788], [-78.9263556786709, 43.0025141633876], [-78.9263380802392, 43.0025217611279], [-78.9262911025477, 43.0025400813471], [-78.9262778152194, 43.0025456086914], [-78.9262662815504, 43.0025514737423], [-78.9261859103563, 43.0025942443348], [-78.9261606475609, 43.0026100969624], [-78.9261497100177, 43.0026180195516], [-78.9261395894866, 43.0026255962433], [-78.9260295670551, 43.0027144151208], [-78.9258939560946, 43.0028235463304], [-78.9258574379366, 43.0028531522995], [-78.9258332382536, 43.0028710589689], [-78.9258097234731, 43.0028862212172], [-78.9257981930148, 43.0028927730854], [-78.9257867759515, 43.0028982946467], [-78.9257260582965, 43.0029252294976], [-78.9256241764698, 43.002965319972], [-78.9255218060891, 43.0030019832615], [-78.9254977953183, 43.0030116585835], [-78.9254770530919, 43.0030213233656], [-78.9254421088727, 43.0030399501706], [-78.9253396266184, 43.0030985643125], [-78.9253129539688, 43.0031127058776], [-78.9253045646673, 43.0031168466803], [-78.92529838532, 43.0031192657155], [-78.9254924381819, 43.0033296174133], [-78.9253155399068, 43.0034306403641], [-78.9241769300115, 43.0040819354239], [-78.9239330823793, 43.003824056012], [-78.923902841967, 43.0038484974233], [-78.9238399148311, 43.0038984176997], [-78.9238301388235, 43.0039053061879], [-78.9238189631921, 43.0039125425524], [-78.923790430355, 43.0039287473339], [-78.9237836715281, 43.0039318542512], [-78.9238016598906, 43.003952379762], [-78.9237048207048, 43.0039756486332], [-78.923688985197, 43.0039852994823], [-78.9236545247387, 43.0040070099725], [-78.9236358976111, 43.0040187275507], [-78.9236318205508, 43.0040207970047], [-78.9236273914958, 43.0040228677396], [-78.9236224976601, 43.0040249409269], [-78.9236171317438, 43.0040266710787], [-78.9236057021562, 43.0040301355305], [-78.9233239730155, 43.0041678230394], [-78.9232039907959, 43.0042525540735], [-78.9231595186079, 43.0042808107015], [-78.923140075137, 43.0042932152878], [-78.9230842919604, 43.0043252788579], [-78.9230110050071, 43.0043611665741], [-78.9229368681451, 43.0043912265777], [-78.9227969508854, 43.0044413753181], [-78.9226589100651, 43.0044932331866], [-78.9226093719633, 43.004513959112], [-78.922493532905, 43.0045664367503], [-78.9223129684263, 43.0046396841549], [-78.9222953711426, 43.0046476251727], [-78.9222768434408, 43.0046565975216], [-78.9221767932339, 43.0047121136597], [-78.9221511613915, 43.0047248799321], [-78.9221272691836, 43.0047352410549], [-78.9219446915525, 43.0048040353648], [-78.9218388312775, 43.0048441347625], [-78.9218089935577, 43.0048569138452], [-78.9217831284833, 43.0048696799361], [-78.9217538942076, 43.0048862315121], [-78.9217384034272, 43.0048948510541], [-78.9216716922257, 43.0049372361378], [-78.9215527102759, 43.0050133867026], [-78.9214196228986, 43.0050950676885], [-78.9212716082546, 43.005181935398], [-78.9212569323606, 43.0051898687502], [-78.9212403881043, 43.0051981489232], [-78.9211484218262, 43.0052368345593], [-78.9211265159373, 43.0052475315796], [-78.9211078802325, 43.0052578759926], [-78.9209412553014, 43.0053598920351], [-78.9208165244227, 43.0054319434684], [-78.9207962536221, 43.0054422926097], [-78.9207650176363, 43.0054561043883], [-78.9207022245885, 43.0054885297513], [-78.9206734386465, 43.0055013048664], [-78.920502506132, 43.0055851538344], [-78.9203862589241, 43.0056492922037], [-78.9202739822069, 43.0057127315233], [-78.9202607076609, 43.005721002029], [-78.9202468591377, 43.0057309894019], [-78.9202046417452, 43.0057657554689], [-78.9201889347206, 43.0057778053886], [-78.9201728693933, 43.0057884864451], [-78.920164833585, 43.0057929685871], [-78.9201569120813, 43.0057971073717], [-78.920099569317, 43.0058223145274], [-78.920005835568, 43.0058586036949], [-78.9198927345218, 43.0059000949298], [-78.9198461039216, 43.0059187535428], [-78.9198183665019, 43.0059311818535], [-78.9197893554925, 43.0059460154868], [-78.9197185460115, 43.0059870391081], [-78.9197063227476, 43.0059949637668], [-78.9196616352577, 43.0060269926298], [-78.9196496437934, 43.0060349165348], [-78.9196383474976, 43.0060414660546], [-78.9195740313733, 43.0060735531844], [-78.9195081791968, 43.0061025570077], [-78.9194384569652, 43.0061284864441], [-78.9194150231244, 43.0061378156746], [-78.9197899874663, 43.0065307947539], [-78.9184623826904, 43.0072110578996], [-78.9180819113068, 43.0068143169867], [-78.918075742051, 43.0068187935096], [-78.9180660763062, 43.006824309179], [-78.9180428936158, 43.0068367240558], [-78.9180171381485, 43.0068484618299], [-78.9179552268959, 43.0068719653003], [-78.9179453127355, 43.0068750819134], [-78.9178812611861, 43.0068917322526], [-78.9178729788113, 43.0068941572611], [-78.917865283749, 43.0068969240785], [-78.917858288981, 43.006899687595], [-78.9178518791345, 43.0069027939029], [-78.9178003816286, 43.0069293544331], [-78.9177298881732, 43.0069642021268], [-78.9177093842028, 43.0069748936501], [-78.9176481160228, 43.007009371907], [-78.9176059347845, 43.0070300739545], [-78.9175604790528, 43.0070500995245], [-78.917466040256, 43.0070863891757], [-78.9173907478217, 43.0071198786624], [-78.9173004402506, 43.0071640451673], [-78.9172224926251, 43.0072033725591], [-78.9172155000463, 43.0072064798989], [-78.9172080389305, 43.007209588893], [-78.9172005875202, 43.0072144118396], [-78.9171876437974, 43.0072189089451], [-78.9171582582284, 43.0072292835634], [-78.9171270852704, 43.0072334907496], [-78.9170776822006, 43.0072583297036], [-78.917009471628, 43.0072835665913], [-78.916941992625, 43.0073146325049], [-78.9169004520345, 43.0073243567519], [-78.916856227205, 43.007356040033], [-78.9168037425095, 43.0073729991974], [-78.916734849608, 43.0074016680716], [-78.9166647055166, 43.0074368569778], [-78.9166549066886, 43.0074396291902], [-78.9170348877063, 43.0078329460045], [-78.9163693314631, 43.0081024152214], [-78.9158353923323, 43.0083186755637], [-78.9155515172035, 43.0084337158313], [-78.9153040831383, 43.0081792586631], [-78.9142849617131, 43.0085992817507], [-78.9130922545237, 43.0090935375718], [-78.9129128154351, 43.0089019860852], [-78.9128932070714, 43.0089061589848], [-78.9128734802222, 43.0089096453617], [-78.9128535181454, 43.0089127895491], [-78.9128335541669, 43.0089152477237], [-78.9128274840492, 43.0089162946989], [-78.9128214138742, 43.0089173407754], [-78.9128154602817, 43.0089183873617], [-78.9128096253311, 43.0089197756238], [-78.9128037904946, 43.0089211656824], [-78.9127979577172, 43.0089228969068], [-78.9127922427464, 43.008924628599], [-78.9127866451932, 43.008926702009], [-78.9127811654464, 43.0089287758869], [-78.9127756856993, 43.0089308497646], [-78.9127704399524, 43.0089332658701], [-78.9127651953722, 43.0089356810352], [-78.9127601860734, 43.0089384392846], [-78.912753183415, 43.0089398315107], [-78.9127462982311, 43.0089415663529], [-78.9127394154952, 43.0089433011109], [-78.9127327633618, 43.0089450351757], [-78.912725999324, 43.0089471125075], [-78.9127194671129, 43.0089491891043], [-78.912715261058, 43.0089492016619], [-78.912711054946, 43.0089492133209], [-78.9127068489482, 43.0089492267766], [-78.9127026428362, 43.0089492384353], [-78.9126984389544, 43.0089495939552], [-78.9126942350155, 43.0089499485765], [-78.9126901498324, 43.0089506466706], [-78.9126860611948, 43.0089510009453], [-78.9126818582617, 43.0089516994693], [-78.9126778929441, 43.0089527391975], [-78.9126738065364, 43.008953437333], [-78.9126698399944, 43.0089544771028], [-78.9126658722851, 43.0089555178127], [-78.9126620245556, 43.0089569019537], [-78.9126582932945, 43.0089582848079], [-78.9126544454504, 43.0089596671518], [-78.9126508307146, 43.0089610496177], [-78.912644071691, 43.0089644989221], [-78.9126374338135, 43.008968290717], [-78.9126310265381, 43.008972081819], [-78.912624738236, 43.0089758724488], [-78.9126186852715, 43.0089800070616], [-78.9126127487177, 43.0089841394891], [-78.9126070474443, 43.0089886150014], [-78.9126015803887, 43.0089930887969], [-78.9125962296393, 43.0089979061491], [-78.9125460864854, 43.0090189698682], [-78.9015739247098, 42.9968216791377]]]]}, "properties": {"id": "us-nys-boa-50", "name": "Tonawanda Opportunity Area", "layer": "planning", "categories": ["BROWNFIELD"], "freshness": "HISTORICAL", "source": {"name": "New York State GIS", "url": "https://services2.arcgis.com/okXm0pb6aWH6XOGI/arcgis/rest/services/BOA_Designations_November2021_Polygons/FeatureServer/0", "license": "Open, attribution", "attribution": "New York State GIS Program Office", "dataset": "Designated Brownfield Opportunity Areas", "organization": "NYS Department of State", "source_id": "50", "source_modified": "2021-11", "retrieved_at": "2026-08-19"}, "attributes": {"OBJECTID": 50, "BOA_Name": "Tonawanda Opportunity Area", "Date_des": "May 2019", "REDC": "Western New York", "County": "Erie", "Muni": "Town of Tonawanda", "Link": "https://dos.ny.gov/location/tonawanda-opportunity-area", "Shape__Area": 8944455.377685547, "Shape__Length": 20965.79368288217}}}, {"type": "Feature", "geometry": {"type": "Polygon", "coordinates": [[[-78.8714321925849, 42.8284154810215], [-78.8707191618442, 42.8285154332458], [-78.8698641183941, 42.8290834356201], [-78.8697961924827, 42.8298464649115], [-78.8697962102911, 42.8303714743341], [-78.864531147629, 42.830648223182], [-78.8613355252067, 42.83171867839], [-78.8611769052515, 42.8322696707194], [-78.8361285656332, 42.8320583912626], [-78.8341043836607, 42.8261308409906], [-78.8322885862935, 42.826005949558], [-78.8322268775334, 42.8176033433786], [-78.8323789278014, 42.816824390381], [-78.8322992517975, 42.8147265922601], [-78.8328540624216, 42.8145638979423], [-78.8322902866763, 42.805260340305], [-78.8399100283644, 42.8054617570933], [-78.8399589947356, 42.8054626517229], [-78.8456839015098, 42.8054643357603], [-78.8479508884419, 42.8054221653169], [-78.8625024053267, 42.8057821433802], [-78.8630901281538, 42.8067412122848], [-78.8632941540437, 42.8071984716893], [-78.863462129452, 42.8076804424885], [-78.863624174613, 42.8079514739848], [-78.8637711767219, 42.8081734250835], [-78.8640631930923, 42.8085264778688], [-78.8643081079005, 42.8089634616511], [-78.8647471076703, 42.8101224280305], [-78.8648252866314, 42.8103893748239], [-78.8650511178794, 42.8106754299969], [-78.8651197615708, 42.8109606930063], [-78.8653063395266, 42.8112545510181], [-78.865591722574, 42.8117924775981], [-78.8658191806064, 42.8122334361911], [-78.8660721769133, 42.812805447339], [-78.8661159420007, 42.8131329881921], [-78.8663745949183, 42.8136483390449], [-78.8666110961173, 42.8139594280502], [-78.8668525944561, 42.8142563268132], [-78.8670958311392, 42.8145244432119], [-78.867415517619, 42.8149805530853], [-78.867765353051, 42.8152974715701], [-78.8680903201277, 42.8157343424844], [-78.8684701289683, 42.8164004799854], [-78.8686561275943, 42.8166704448886], [-78.8687859553369, 42.8170283441802], [-78.86897315445, 42.8175444093035], [-78.8691289574085, 42.8179634950666], [-78.8694111910716, 42.8187754423344], [-78.869701657761, 42.8194388608125], [-78.8699806935838, 42.8200966121348], [-78.8702781032897, 42.8205534314677], [-78.8704170997829, 42.8208264258345], [-78.8708801730892, 42.8214314480908], [-78.8712771012552, 42.8220504589043], [-78.8717240905455, 42.8226444063681], [-78.8718861835343, 42.8231184808367], [-78.872112093772, 42.8241125029592], [-78.8722691202387, 42.8250494090882], [-78.8723820950655, 42.825737434014], [-78.8725851943651, 42.8263752470015], [-78.8723813786239, 42.8272335703201], [-78.8726849557107, 42.8279568733011], [-78.8729504641075, 42.8284673611981], [-78.8721771819581, 42.8282985016659], [-78.8714321925849, 42.8284154810215]]]}, "properties": {"id": "us-nys-boa-56", "name": "First Ward BOA", "layer": "planning", "categories": ["BROWNFIELD"], "freshness": "HISTORICAL", "source": {"name": "New York State GIS", "url": "https://services2.arcgis.com/okXm0pb6aWH6XOGI/arcgis/rest/services/BOA_Designations_November2021_Polygons/FeatureServer/0", "license": "Open, attribution", "attribution": "New York State GIS Program Office", "dataset": "Designated Brownfield Opportunity Areas", "organization": "NYS Department of State", "source_id": "56", "source_modified": "2021-11", "retrieved_at": "2026-08-19"}, "attributes": {"OBJECTID": 56, "BOA_Name": "First Ward BOA", "Date_des": "May 2019", "REDC": "Western New York", "County": "Erie", "Muni": "City of Buffalo", "Link": "https://dos.ny.gov/location/first-ward-boa", "Shape__Area": 8499323.53491211, "Shape__Length": 11597.277318739545}}}, {"type": "Feature", "geometry": {"type": "Polygon", "coordinates": [[[-78.8968479969071, 42.9277662239356], [-78.8968816146564, 42.9274934591617], [-78.8966579639882, 42.9274769234259], [-78.896715607289, 42.9270638122264], [-78.8967687287288, 42.9266568876148], [-78.8965425156674, 42.9266407028004], [-78.8965626019383, 42.9264781768112], [-78.8965758021004, 42.9263713671774], [-78.8966969571446, 42.9263792667083], [-78.8967944221444, 42.9263862018369], [-78.8968797442714, 42.9263917987537], [-78.8969957654361, 42.9263997118303], [-78.8971100372783, 42.926407628609], [-78.8972349302837, 42.9264162032493], [-78.8972893226205, 42.9264198256043], [-78.8973282150072, 42.9261062318933], [-78.8970898813556, 42.9259093270893], [-78.8971300620629, 42.9255967582396], [-78.8970184735667, 42.9255884906796], [-78.8969068870843, 42.9255805650816], [-78.8969247412638, 42.9254429787972], [-78.8969421419523, 42.9253088257691], [-78.8969594366872, 42.9251760422085], [-78.8969943555519, 42.9249073890865], [-78.8969999698309, 42.9248641582516], [-78.8970134420238, 42.924760197052], [-78.8970281503087, 42.9246466281899], [-78.8970365724433, 42.9245821240493], [-78.8970489230853, 42.9244870832188], [-78.8971273583502, 42.92449269868], [-78.8972234181937, 42.9244992942087], [-78.8973491263881, 42.9245082092018], [-78.8974629288645, 42.9245164702847], [-78.89756867608, 42.9245237247058], [-78.8975798572139, 42.9244509817136], [-78.8975978120669, 42.924333974313], [-78.8976102337182, 42.9242529956615], [-78.8976639270359, 42.9240738101258], [-78.8976778216345, 42.9239616167781], [-78.8976875691412, 42.9238827029125], [-78.8976743802182, 42.9238817102632], [-78.8976837724703, 42.9238017685857], [-78.8975078771965, 42.9237892197756], [-78.8973525257527, 42.9237783282772], [-78.8971871347807, 42.9237664355205], [-78.8970848893619, 42.9237595142304], [-78.8969477442638, 42.9237496013931], [-78.8968798162032, 42.9237449853384], [-78.8968899737703, 42.923677733536], [-78.896900471258, 42.9236077348232], [-78.8969097281581, 42.9235470017822], [-78.8969443814118, 42.9233177929453], [-78.8969619890354, 42.9232011297021], [-78.8972192319563, 42.9232189442714], [-78.8972609320068, 42.9229530157303], [-78.8972697500581, 42.922897427923], [-78.8972924277478, 42.9227454242529], [-78.8973021319367, 42.9226809159867], [-78.8973353064829, 42.9224136394268], [-78.8974690604882, 42.9224225320784], [-78.8975984938607, 42.9224307507661], [-78.8978505930411, 42.9224472059957], [-78.8978698625128, 42.9222677707536], [-78.8978047530123, 42.9220837686843], [-78.8978377972989, 42.9218370716467], [-78.8976649433306, 42.9218251999551], [-78.8975698230453, 42.9218189445899], [-78.8974792532923, 42.9218126771399], [-78.8974935469609, 42.9216871060089], [-78.8976847245727, 42.9217002997295], [-78.8978017898884, 42.9217085518831], [-78.897815265241, 42.9216056177817], [-78.8978506301732, 42.921333877067], [-78.8977692758854, 42.9211670668379], [-78.8978065026916, 42.9208942920375], [-78.8974425939613, 42.9208692267755], [-78.8973397706721, 42.9208619634427], [-78.8972307609685, 42.9208543743276], [-78.8971522160945, 42.9208491029879], [-78.8971621710878, 42.9207880246808], [-78.8971758606388, 42.9207039559725], [-78.8971872872539, 42.9206339552514], [-78.8971925999863, 42.9206014202528], [-78.8971990530854, 42.9205618955239], [-78.897235009302, 42.9205659133246], [-78.8973393664771, 42.9205766016794], [-78.8974360212702, 42.9205866251907], [-78.8974317962794, 42.9204672785846], [-78.8975999993364, 42.9204832789698], [-78.8976166466705, 42.9203841101057], [-78.8977884681642, 42.9204007854556], [-78.8979139501357, 42.9204127886494], [-78.8980474867809, 42.9204257964417], [-78.898047141548, 42.9203578870836], [-78.8980464559832, 42.9202008014841], [-78.8982949585078, 42.9199244037843], [-78.8983607831445, 42.9195712274056], [-78.8982208588336, 42.9195575671603], [-78.8982351885437, 42.9194851569789], [-78.8982605189507, 42.919487831547], [-78.8982812498322, 42.9193932871679], [-78.8982906186424, 42.9193505548634], [-78.8982968389514, 42.9193221404617], [-78.8983036164825, 42.9192911815204], [-78.8982741972617, 42.9192878333763], [-78.8982897032663, 42.9192171360881], [-78.898310219548, 42.9191224153456], [-78.8983220710759, 42.9190671615671], [-78.8983400760276, 42.9189834245345], [-78.8983769180361, 42.9189878646551], [-78.8984098189527, 42.9188167105521], [-78.8981865010273, 42.918609650897], [-78.8982343749019, 42.9183433628097], [-78.8981408685128, 42.9183326455436], [-78.8981657274755, 42.9181970971419], [-78.8985082081042, 42.9182328518095], [-78.898520336463, 42.918163535605], [-78.8981784454295, 42.9181288088938], [-78.8982021649922, 42.9179987519757], [-78.8985230549559, 42.9180331936916], [-78.8985356359276, 42.9179611321281], [-78.898561190056, 42.9178252393994], [-78.8982359968603, 42.9177932107726], [-78.8982714044426, 42.9175763458968], [-78.8985850971086, 42.9175953736914], [-78.8985993911808, 42.9175161047585], [-78.8985792662701, 42.9175044984265], [-78.8985888909057, 42.9174245559146], [-78.8986008713556, 42.9173260862873], [-78.8986866447054, 42.9173309948554], [-78.8986997682746, 42.9172054265333], [-78.8987056690738, 42.9171501884011], [-78.8987892294192, 42.9169733203135], [-78.8988016700369, 42.9168738211514], [-78.8988118439202, 42.9167929207984], [-78.8983700800289, 42.9167681963696], [-78.8983808100957, 42.9166779933755], [-78.8985612170738, 42.9152288419368], [-78.8984371912335, 42.9151505189466], [-78.8976397055905, 42.9150367163301], [-78.8977305785271, 42.914270192574], [-78.8981132629494, 42.9142964715936], [-78.8981205180598, 42.9142304485828], [-78.8981236310411, 42.9142021221408], [-78.8981341565613, 42.9141156617571], [-78.898144059598, 42.9140219989363], [-78.8983383584572, 42.9140341542681], [-78.8983459880352, 42.9139521594227], [-78.8985172957204, 42.91396231822], [-78.8985938449331, 42.9139669094274], [-78.8986049127951, 42.9138725576737], [-78.8986145269099, 42.9137909002904], [-78.898626374715, 42.9136893450868], [-78.8986314031055, 42.9136461143121], [-78.8986352060351, 42.9136142069639], [-78.8986464932978, 42.9135174527378], [-78.8986594588419, 42.9134066333191], [-78.898790857268, 42.9134148449601], [-78.89882610673, 42.913099544241], [-78.8996971977835, 42.9130555066113], [-78.8999063351965, 42.9129610751166], [-78.8999820956201, 42.9123349168852], [-78.900030006588, 42.911896791168], [-78.9000877263741, 42.9113920995559], [-78.9001188202272, 42.9111097370691], [-78.9001378769432, 42.9109361330553], [-78.900172067371, 42.9106204916702], [-78.9002367879516, 42.9100488976939], [-78.9003229115824, 42.9092841445326], [-78.9003613774402, 42.9089379651854], [-78.9007847041251, 42.9089625127642], [-78.9008137894258, 42.9093554940571], [-78.9008466055656, 42.9098160323915], [-78.9009067946752, 42.9106534352056], [-78.9009274541849, 42.9109730393147], [-78.9009300334869, 42.91102105083], [-78.9009623331705, 42.9111543826923], [-78.900982477322, 42.9112380148204], [-78.9010130110459, 42.9113682646433], [-78.9010457950706, 42.9113688591839], [-78.9010511745223, 42.9114394995544], [-78.9010663639206, 42.9116479920275], [-78.9010716916837, 42.9117309800247], [-78.9010753852345, 42.9117874367855], [-78.9010797001122, 42.9118534000501], [-78.9010864539784, 42.9119470186553], [-78.9011431605367, 42.9119496058682], [-78.9011553660559, 42.9120997994945], [-78.9011630883838, 42.9121947851136], [-78.9011643231627, 42.9122307955624], [-78.9011637153804, 42.9122486319148], [-78.9011600524924, 42.9122846546549], [-78.90115288415, 42.9123200029083], [-78.9011425670084, 42.9123553586866], [-78.9011288635111, 42.9123896955724], [-78.9011161494508, 42.91239007367], [-78.9011524216173, 42.912954526087], [-78.9011635023957, 42.9131352499911], [-78.9011848184671, 42.9134685720946], [-78.9012002583786, 42.9137933359438], [-78.9012018081909, 42.9140262184764], [-78.9011950609408, 42.9143016547166], [-78.9011823706107, 42.9145325193268], [-78.9011756014664, 42.9146227422573], [-78.9011154364266, 42.9151493921591], [-78.9010853476286, 42.9153322873301], [-78.9010684448912, 42.9154256256342], [-78.9007283415087, 42.9167576814053], [-78.9006740881065, 42.9167483880807], [-78.9006633622281, 42.9168237305386], [-78.9006538929947, 42.9169002528127], [-78.9006450961119, 42.9169736503701], [-78.9006391875896, 42.9170268963413], [-78.9006366429037, 42.9170498318442], [-78.9005942230507, 42.9171946902042], [-78.900535627929, 42.9173704609636], [-78.9000917721011, 42.9188112011496], [-78.9000391386946, 42.9189896998256], [-78.8999506847611, 42.919281139331], [-78.8999084284986, 42.9194815599061], [-78.899891268211, 42.9194795487348], [-78.8997915506224, 42.9197133976638], [-78.8997672548134, 42.9197988684641], [-78.8997544653847, 42.9198527534082], [-78.8997296006023, 42.9198497346529], [-78.8996080966928, 42.9202719428713], [-78.8996429957007, 42.9202749335451], [-78.8995419903853, 42.9205993339569], [-78.8994666943664, 42.9208413459091], [-78.8994293979278, 42.9210081402812], [-78.899233575365, 42.9216363442674], [-78.8991210735008, 42.921994731031], [-78.899096044126, 42.922074373406], [-78.899067460616, 42.9221653439033], [-78.8990137639958, 42.9223424719723], [-78.8989303138696, 42.9226102313304], [-78.8988722986982, 42.9227873706829], [-78.898792019918, 42.9230595812261], [-78.8987139170115, 42.9233242363297], [-78.8986342068127, 42.9235940431854], [-78.8985882139592, 42.9237262184845], [-78.8985355836786, 42.9241352025779], [-78.8987026077816, 42.924146745946], [-78.8986686407086, 42.9243265628545], [-78.8984411004127, 42.9243109024292], [-78.898425593653, 42.9243924239665], [-78.8984618941308, 42.9243960748795], [-78.8984524807568, 42.9244492628804], [-78.8983084458492, 42.9255345203448], [-78.8982459809899, 42.9259833163211], [-78.898221464796, 42.926163450916], [-78.8980071062456, 42.9278515249554], [-78.8976162153523, 42.9279154943013], [-78.8975971846887, 42.9280565106618], [-78.8975905201109, 42.9281100550314], [-78.8978401035277, 42.9280425699678], [-78.8980859507356, 42.9280383519058], [-78.8982405539417, 42.9280498134843], [-78.8983831992046, 42.9280724727094], [-78.898525521383, 42.928118666696], [-78.898668845921, 42.9281819486167], [-78.8988011439102, 42.928274485783], [-78.8989577491883, 42.9283840236283], [-78.8990311264959, 42.9285674538252], [-78.8991449650427, 42.9289209130996], [-78.8992402480438, 42.9292465140002], [-78.8993524993663, 42.929599204242], [-78.899424025677, 42.9297633952079], [-78.8995470018132, 42.9299748324608], [-78.8997001292097, 42.9302120808399], [-78.8999530469205, 42.9304675924132], [-78.9001827073324, 42.9306996059807], [-78.9004546215909, 42.9309933568851], [-78.9015929409531, 42.9319687749558], [-78.9014076186997, 42.9320975885887], [-78.9015667603432, 42.9322295291424], [-78.9018026771885, 42.9325385854219], [-78.9020592317811, 42.9329573397102], [-78.902015542055, 42.9329708376314], [-78.9020397557065, 42.933004381637], [-78.9021287547304, 42.9331324106744], [-78.9024130320779, 42.9335401092404], [-78.902454465573, 42.9336089331673], [-78.9025128469928, 42.9337058353196], [-78.9026663463343, 42.9339623004685], [-78.9028921084705, 42.9344260699923], [-78.9031167796875, 42.9347917479507], [-78.9031696287894, 42.9348787176358], [-78.9032207109579, 42.9349626053528], [-78.9032720289988, 42.9350471782733], [-78.9033767620862, 42.935214947794], [-78.9034481857838, 42.9353282751126], [-78.9035233501358, 42.9354649138927], [-78.9036470527215, 42.935689908203], [-78.9038003282598, 42.9359686670577], [-78.9040749560553, 42.9358806920659], [-78.9041212205068, 42.9359711968505], [-78.9042401380348, 42.9362122148017], [-78.9050641688596, 42.9378611777427], [-78.9063721739631, 42.9404661702753], [-78.9054881889494, 42.9408351872773], [-78.9049701415758, 42.9398162054641], [-78.9040921825806, 42.9381152423832], [-78.9031331343922, 42.9362531743077], [-78.9030947501167, 42.9361786084326], [-78.9030945811939, 42.9361782819655], [-78.9030891340719, 42.9361677004847], [-78.9030890685604, 42.9361675946778], [-78.9029192359934, 42.9362139691115], [-78.9026386300588, 42.9362929545023], [-78.9025950143856, 42.9362083596157], [-78.902551984648, 42.9361247927326], [-78.902482645644, 42.9361435072688], [-78.9024376123237, 42.9360558283442], [-78.90239564536, 42.935974315766], [-78.9023515560221, 42.9358886934271], [-78.9023044311889, 42.9358027362272], [-78.9022631419035, 42.9357167616486], [-78.9022184615212, 42.9356297701663], [-78.9022493444831, 42.9356214516319], [-78.9022189262685, 42.9355618575994], [-78.9022064310867, 42.9355375393979], [-78.902163163685, 42.9354526002082], [-78.9021321676531, 42.9354612611172], [-78.9020874926286, 42.9353752976161], [-78.9020443490076, 42.935291729914], [-78.9016993126547, 42.9353897566375], [-78.901654162645, 42.9353017356304], [-78.9019999945043, 42.9351995915185], [-78.9019569958717, 42.9351215101717], [-78.9019527238218, 42.9351078029599], [-78.9019122912545, 42.9350293728871], [-78.9018706790894, 42.9349485448726], [-78.9018053731455, 42.9348218227209], [-78.9014566013693, 42.9349195161302], [-78.901414046317, 42.9348366330772], [-78.9013342572316, 42.9346619337263], [-78.9012855088054, 42.9345773523396], [-78.9016332268854, 42.9344793181743], [-78.9015264414635, 42.9342745129185], [-78.9014777627687, 42.9341810128911], [-78.9014346238435, 42.9340981308598], [-78.9013912443311, 42.9340135346198], [-78.9013570585722, 42.9339467480499], [-78.9013490413101, 42.9339309933602], [-78.9013050672959, 42.9338446841694], [-78.9012608585105, 42.9337580318301], [-78.9012172425845, 42.933672750305], [-78.9011740953084, 42.9335881541525], [-78.9011317710338, 42.9335049254622], [-78.9011222254658, 42.9334864308779], [-78.9010959365994, 42.9334350572976], [-78.9010429078828, 42.9333347105832], [-78.9010027043198, 42.933255250429], [-78.9009601440457, 42.9331709943018], [-78.9005282539973, 42.933102225464], [-78.9004162698025, 42.932883713751], [-78.9003727534064, 42.9328168833265], [-78.8996097088674, 42.9333472304033], [-78.9004444015649, 42.9350039270938], [-78.8993452821657, 42.9353101638665], [-78.898236750608, 42.9376190879939], [-78.8981080720599, 42.9386586785728], [-78.902410790133, 42.946991174096], [-78.8992044619257, 42.9479151455492], [-78.8978165699129, 42.9485232967505], [-78.8972755577258, 42.9490968748002], [-78.8969183412833, 42.9513875987253], [-78.8988895970577, 42.9523843730998], [-78.8951849771689, 42.9563766807721], [-78.8950784360318, 42.9564914871223], [-78.894804852363, 42.9563653440735], [-78.8947511531082, 42.9564351003106], [-78.8944921161419, 42.9567132789192], [-78.8945857410082, 42.9567596700091], [-78.8943295189163, 42.9570405848839], [-78.8942207049107, 42.9571537220728], [-78.8943871470962, 42.9572363849026], [-78.8944999357484, 42.9572904982786], [-78.8942755102893, 42.9575342843088], [-78.8941621164724, 42.9574788614915], [-78.8940870924231, 42.9574421923218], [-78.8938632342172, 42.9576832319121], [-78.8938130978142, 42.957724011394], [-78.893893611686, 42.9577681792318], [-78.8947447572341, 42.9581992379954], [-78.8946966486275, 42.9582612883361], [-78.894470565628, 42.9585013064712], [-78.8947529630155, 42.9586391022643], [-78.8945725320245, 42.9588344076621], [-78.8945062418249, 42.9588729683692], [-78.8933524720673, 42.9583512563677], [-78.8895865920466, 42.9564458581138], [-78.8915247134804, 42.9439855407206], [-78.8875831335644, 42.9440202632151], [-78.887583800083, 42.9442023858349], [-78.8847781553034, 42.9442170310572], [-78.8847773676768, 42.9441038491653], [-78.880850136291, 42.9441268422486], [-78.8785663347096, 42.9441434047559], [-78.8786443149479, 42.942320588056], [-78.8807836934118, 42.94233183972], [-78.8810902470053, 42.9425148794905], [-78.8816167136414, 42.9425107610768], [-78.8831420650417, 42.942495446533], [-78.883416684031, 42.9424943826143], [-78.8859756158089, 42.9424752788623], [-78.8861611910453, 42.9424758157871], [-78.8882876252915, 42.9424643243751], [-78.8884716840787, 42.9424652044445], [-78.8890349201678, 42.9424619833152], [-78.8916514180989, 42.9424487732947], [-78.8917989078483, 42.9423683987286], [-78.891944120735, 42.9414864403225], [-78.8934521240678, 42.941063499607], [-78.8944151735832, 42.9408069243723], [-78.8953498625469, 42.9405478294667], [-78.8935125208604, 42.9369405339726], [-78.8898724179981, 42.9382625900735], [-78.8895773210684, 42.9379090090489], [-78.8887731937088, 42.9366984381815], [-78.8887071023254, 42.9366044374087], [-78.8901984487849, 42.9355521560519], [-78.8908686965949, 42.9351077986499], [-78.8909721228695, 42.9345364597221], [-78.8909877103737, 42.9343949755372], [-78.891049046316, 42.9338382273275], [-78.8911470964017, 42.9332096349115], [-78.8912092006848, 42.9328394779701], [-78.8912741328865, 42.9322174537832], [-78.8915651576593, 42.9299654479444], [-78.8927892259248, 42.9299424934773], [-78.8928161148563, 42.9299064633317], [-78.8930972161177, 42.9276884651989], [-78.8943392097683, 42.9276784793372], [-78.8956762243215, 42.9277704944886], [-78.8968398253863, 42.927855061862], [-78.8968406535352, 42.9278474138103], [-78.8968420705676, 42.9278337618334], [-78.8968479969071, 42.9277662239356]]]}, "properties": {"id": "us-nys-boa-57", "name": "Tonawanda Street Corridor", "layer": "planning", "categories": ["BROWNFIELD"], "freshness": "HISTORICAL", "source": {"name": "New York State GIS", "url": "https://services2.arcgis.com/okXm0pb6aWH6XOGI/arcgis/rest/services/BOA_Designations_November2021_Polygons/FeatureServer/0", "license": "Open, attribution", "attribution": "New York State GIS Program Office", "dataset": "Designated Brownfield Opportunity Areas", "organization": "NYS Department of State", "source_id": "57", "source_modified": "2021-11", "retrieved_at": "2026-08-19"}, "attributes": {"OBJECTID": 57, "BOA_Name": "Tonawanda Street Corridor", "Date_des": "November 2017", "REDC": "Western New York", "County": "Erie", "Muni": "City of Buffalo", "Link": "https://dos.ny.gov/location/tonawanda-street-corridor-boa", "Shape__Area": 2634598.092102051, "Shape__Length": 19005.63601018289}}}, {"type": "Feature", "geometry": {"type": "Polygon", "coordinates": [[[-78.9291869144647, 42.4594362051588], [-78.9287389478024, 42.4594360866954], [-78.9284927364236, 42.4594769199933], [-78.9282768264066, 42.4594359616185], [-78.9281736905983, 42.4594163964467], [-78.9277265321881, 42.4592238926805], [-78.9274643170788, 42.4591216799732], [-78.9273166901954, 42.4590650314843], [-78.9270907405903, 42.4589958410104], [-78.9267284720382, 42.4588678858404], [-78.9265025601072, 42.4587526182507], [-78.9257023607629, 42.4584455424027], [-78.9255607178462, 42.4584122661708], [-78.9254204814126, 42.4583347595173], [-78.9251329287512, 42.4581412917722], [-78.9247384110319, 42.457776449148], [-78.9242589307693, 42.4574436241244], [-78.9239473756913, 42.4572802215423], [-78.9237171560929, 42.4570861421553], [-78.9230513583176, 42.4566468167336], [-78.9230107356453, 42.4566298337569], [-78.922824577054, 42.4564971724256], [-78.9224721877702, 42.4562460477317], [-78.9222145002436, 42.4560307638865], [-78.9219795217897, 42.4557607056552], [-78.9217574345375, 42.455526394292], [-78.9215205948028, 42.455310935563], [-78.921042057046, 42.4549487210629], [-78.920949046662, 42.4548878861092], [-78.9205949145403, 42.4546102648952], [-78.9202012049692, 42.454392044749], [-78.9199848379423, 42.4543052851833], [-78.919591716012, 42.4541018985788], [-78.9194921107132, 42.4539990078925], [-78.9193470277259, 42.4538491399635], [-78.919284133586, 42.4537451395198], [-78.9189009515328, 42.4532773991566], [-78.9188507691756, 42.4532272721026], [-78.918806049869, 42.4531549070028], [-78.918696198751, 42.4529952113127], [-78.9186013651432, 42.4528136400654], [-78.91854792106, 42.4526820882227], [-78.9185142370385, 42.452599175064], [-78.9184657324125, 42.4522037807414], [-78.9184234601211, 42.4519456326993], [-78.9184203777215, 42.4515339993081], [-78.9184200071276, 42.451484594068], [-78.918416601528, 42.4510180775192], [-78.9184848694483, 42.4506184950272], [-78.9184888397101, 42.4505621421859], [-78.9184960733297, 42.4503982860787], [-78.9185151419492, 42.4502866652428], [-78.918569430115, 42.4497180894348], [-78.9185633451368, 42.4496579525047], [-78.9185568104698, 42.4493638395056], [-78.9185561452962, 42.4493338841299], [-78.918730805893, 42.4491600102826], [-78.9187491766606, 42.4491417224724], [-78.9190489055182, 42.4490015123917], [-78.9191128304576, 42.4489716088397], [-78.9194243145994, 42.4489499227844], [-78.919661876888, 42.4489333824177], [-78.9197099519478, 42.4489458596791], [-78.9199134445848, 42.4489434091821], [-78.9200707179246, 42.4489630266081], [-78.9205988955363, 42.4490227103017], [-78.9210215142766, 42.4489829745627], [-78.9211502458062, 42.4489475117303], [-78.9211600200123, 42.4489445593654], [-78.9211713357007, 42.448941701852], [-78.9215026036778, 42.4488504430699], [-78.9219328495807, 42.4486331606388], [-78.9219773490896, 42.4486055707183], [-78.9222581728328, 42.4484276220831], [-78.9222960424919, 42.4484079730384], [-78.9223052738017, 42.4484031834439], [-78.9342811623249, 42.4483483355495], [-78.9343305924102, 42.4518225677179], [-78.9343307315078, 42.451832351242], [-78.9351333294908, 42.451850447155], [-78.9351344641186, 42.4518504702691], [-78.9351567603908, 42.4531423576658], [-78.9424881359514, 42.4531707283761], [-78.9425435302482, 42.453170940521], [-78.9425455904704, 42.4531709487824], [-78.9428954814479, 42.4531722907915], [-78.942912701249, 42.4531723566149], [-78.9441075606143, 42.4531769315999], [-78.9440810928322, 42.4558708948904], [-78.9440810791481, 42.4558723603193], [-78.9440773988487, 42.456246973283], [-78.9440771687373, 42.4562704358368], [-78.9440517076885, 42.460516548897], [-78.9440517280508, 42.4605201227976], [-78.9440517559691, 42.4605248228428], [-78.9440651889854, 42.4628472452386], [-78.9440823739351, 42.4658175634165], [-78.9440823862762, 42.4658199454581], [-78.9440966553874, 42.4682852552482], [-78.9440970553395, 42.4684934101295], [-78.9441029765977, 42.4715875430452], [-78.9441029875535, 42.4715915080411], [-78.9441030186625, 42.4716085777038], [-78.944110475546, 42.4754963687304], [-78.9440649113594, 42.4754965074877], [-78.944061830993, 42.4754965164102], [-78.9391997255422, 42.4755108375954], [-78.9376745566179, 42.4755152878148], [-78.9376552316618, 42.4755153441005], [-78.9371458654972, 42.475516825571], [-78.9346434331654, 42.4755185727229], [-78.9346048216193, 42.4755185992072], [-78.9291796878838, 42.4755221970929], [-78.929168837548, 42.4755222040738], [-78.9291860479971, 42.4733355189603], [-78.9291861609803, 42.4733212283711], [-78.9291862516415, 42.4733092994076], [-78.9292465666315, 42.4650808843326], [-78.9292466090439, 42.4650745521313], [-78.9292705071249, 42.4612722035453], [-78.9292705465027, 42.4612660749374], [-78.9292807287685, 42.4596463432597], [-78.9292816089696, 42.4595063531666], [-78.9291869144647, 42.4594362051588]]]}, "properties": {"id": "us-nys-boa-69", "name": "Gowanda BOA", "layer": "planning", "categories": ["BROWNFIELD"], "freshness": "HISTORICAL", "source": {"name": "New York State GIS", "url": "https://services2.arcgis.com/okXm0pb6aWH6XOGI/arcgis/rest/services/BOA_Designations_November2021_Polygons/FeatureServer/0", "license": "Open, attribution", "attribution": "New York State GIS Program Office", "dataset": "Designated Brownfield Opportunity Areas", "organization": "NYS Department of State", "source_id": "69", "source_modified": "2021-11", "retrieved_at": "2026-08-19"}, "attributes": {"OBJECTID": 69, "BOA_Name": "Gowanda BOA", "Date_des": "May 2023", "REDC": "Western New York", "County": "Erie/ Cattaraugus", "Muni": "Village of Gowanda", "Link": "https://dos.ny.gov/location/village-gowanda-boa", "Shape__Area": 4090588.159057617, "Shape__Length": 9742.07869663363}}}, {"type": "Feature", "geometry": {"type": "Polygon", "coordinates": [[[-78.839114666803, 42.9072093733172], [-78.8391241735827, 42.9082817602854], [-78.8391241739069, 42.9139219297765], [-78.8393428399514, 42.9190533393111], [-78.8435640329705, 42.9191438479317], [-78.8435355113573, 42.9211489475347], [-78.8435355118257, 42.9216502121977], [-78.8435164973052, 42.922179320076], [-78.8434404396801, 42.9224926060609], [-78.8433358613765, 42.9227780426101], [-78.8431837457769, 42.9230843633397], [-78.8429756068228, 42.9233552613237], [-78.842629828823, 42.9237034118787], [-78.84226930921, 42.9239272841371], [-78.8418220679171, 42.9242548919511], [-78.8409454482658, 42.9248970184528], [-78.8401461763185, 42.9255433375964], [-78.8393946665105, 42.9261722318735], [-78.8382114852567, 42.9268853993538], [-78.8375840096481, 42.9272891581318], [-78.8370230862063, 42.9276024177176], [-78.836405117979, 42.9279435207871], [-78.835891729784, 42.9281941260355], [-78.8352262267633, 42.9284725754039], [-78.8348364318664, 42.9286535665059], [-78.8343084239166, 42.9288624339463], [-78.8339005334625, 42.9290237857779], [-78.8334673957341, 42.9291826145792], [-78.8329064713591, 42.9293427204052], [-78.8325071693802, 42.9294680200666], [-78.8322124466617, 42.9295585143986], [-78.8317370874848, 42.9296490083505], [-78.8312712350118, 42.9297395022165], [-78.8307578464315, 42.9297812690176], [-78.829280705972, 42.9298803439253], [-78.8274113147566, 42.9298787236095], [-78.8257000208615, 42.9298856849762], [-78.8239110286684, 42.9299136631698], [-78.8224200388485, 42.92993441262], [-78.8218496070102, 42.9299692177625], [-78.8212031184738, 42.9300388284029], [-78.8199957052065, 42.9278042960668], [-78.8193777366781, 42.9266626347417], [-78.8181988456315, 42.9244627891697], [-78.8173336911618, 42.9229172807063], [-78.8169058668591, 42.9225622260071], [-78.8163116669805, 42.9214874767527], [-78.8158481919682, 42.9206302750323], [-78.8153371796672, 42.9197077906776], [-78.8149687765979, 42.9190028634568], [-78.8146895024076, 42.9185111507062], [-78.8146122570306, 42.9184328243143], [-78.8145171849292, 42.9182631166833], [-78.8143210989594, 42.9179280519634], [-78.8140121154432, 42.9173580029894], [-78.8140537083685, 42.9173536520892], [-78.8139491302024, 42.9171734980338], [-78.8137399719764, 42.9171804601232], [-78.8137304636811, 42.9156069187577], [-78.8137494780459, 42.91392889403], [-78.813730464538, 42.91262682654], [-78.8167347361262, 42.9114361418627], [-78.8203379628264, 42.9099947559032], [-78.8223249649903, 42.9092148615604], [-78.8253197303791, 42.9079962572248], [-78.8272021552686, 42.907251155908], [-78.8291701430288, 42.9064642631611], [-78.8324216030769, 42.9051620378961], [-78.8324025885089, 42.9059210920719], [-78.8324120963476, 42.9071815191561], [-78.8329444984754, 42.9071954465327], [-78.8350550952294, 42.9071954469225], [-78.839114666803, 42.9072093733172]]]}, "properties": {"id": "us-nys-boa-85", "name": "City of Buffalo Northland Beltline Corridor", "layer": "planning", "categories": ["BROWNFIELD"], "freshness": "HISTORICAL", "source": {"name": "New York State GIS", "url": "https://services2.arcgis.com/okXm0pb6aWH6XOGI/arcgis/rest/services/BOA_Designations_November2021_Polygons/FeatureServer/0", "license": "Open, attribution", "attribution": "New York State GIS Program Office", "dataset": "Designated Brownfield Opportunity Areas", "organization": "NYS Department of State", "source_id": "85", "source_modified": "2021-11", "retrieved_at": "2026-08-19"}, "attributes": {"OBJECTID": 85, "BOA_Name": "City of Buffalo Northland Beltline Corridor", "Date_des": "October 2025", "REDC": "Western New York", "County": "Erie", "Muni": "City of Buffalo", "Link": "https://dos.ny.gov/location/city-buffalo-northland-beltline-corridor", "Shape__Area": 4618561.413635254, "Shape__Length": 8763.467979546125}}}]}
